[14:38:31] [main/INFO] (FabricLoader/GameProvider) Loading Minecraft 1.21 with Fabric Loader 0.15.11
[14:38:31] [main/DEBUG] (FabricLoader/GamePatch) Found game constructor: net.minecraft.client.main.Main -> net.minecraft.client.Minecraft
[14:38:31] [main/DEBUG] (FabricLoader/GamePatch) Patching game constructor <init>(Lnet/minecraft/client/main/GameConfig;)V
[14:38:31] [main/DEBUG] (FabricLoader/GamePatch) Run directory field is thought to be net/minecraft/client/Minecraft/gameDirectory
[14:38:31] [main/DEBUG] (FabricLoader/GamePatch) Applying brand name hook to net/minecraft/client/ClientBrandRetriever::getClientModName
[14:38:31] [main/DEBUG] (FabricLoader/GamePatch) Applying brand name hook to net/minecraft/server/MinecraftServer::getServerModName
[14:38:31] [main/DEBUG] (FabricLoader/Mappings) Loading mappings took 358 ms
[14:38:31] [main/DEBUG] (FabricLoader/GamePatch) Patched 3 classs
[14:38:31] [main/DEBUG] (FabricLoader/Discovery) Mod discovery time: 167.9 ms
[14:38:31] [main/DEBUG] (FabricLoader/Resolution) Mod resolution time: 109.4 ms
[14:38:31] [main/INFO] (FabricLoader) Loading 54 mods:
	- fabric-api 0.100.1+1.21
	- fabric-api-base 0.4.42+6573ed8c90
	- fabric-api-lookup-api-v1 1.6.65+b559734490
	- fabric-biome-api-v1 13.0.28+6fc22b9990
	- fabric-block-api-v1 1.0.22+0af3f5a790
	- fabric-block-view-api-v2 1.0.10+6573ed8c90
	- fabric-blockrenderlayer-v1 1.1.52+0af3f5a790
	- fabric-client-tags-api-v1 1.1.15+6573ed8c90
	- fabric-command-api-v1 1.2.48+f71b366f90
	- fabric-command-api-v2 2.2.27+6a6dfa1990
	- fabric-commands-v0 0.2.65+df3654b390
	- fabric-content-registries-v0 8.0.11+b559734490
	- fabric-convention-tags-v1 2.0.12+7f945d5b90
	- fabric-convention-tags-v2 2.2.1+d153f34490
	- fabric-crash-report-info-v1 0.2.29+0af3f5a790
	- fabric-data-attachment-api-v1 1.1.22+6a6dfa1990
	- fabric-data-generation-api-v1 20.2.6+16c4ae2590
	- fabric-dimensions-v1 4.0.0+6fc22b9990
	- fabric-entity-events-v1 1.6.12+6fc22b9990
	- fabric-events-interaction-v0 0.7.10+e633f88390
	- fabric-game-rule-api-v1 1.0.52+6573ed8c90
	- fabric-gametest-api-v1 2.0.0+6fc22b9990
	- fabric-item-api-v1 11.0.0+afdfc92190
	- fabric-item-group-api-v1 4.1.0+00ab0a6390
	- fabric-key-binding-api-v1 1.0.47+0af3f5a790
	- fabric-keybindings-v0 0.2.45+df3654b390
	- fabric-lifecycle-events-v1 2.3.9+98a7dbbb90
	- fabric-loot-api-v2 3.0.9+6573ed8c90
	- fabric-message-api-v1 6.0.13+6573ed8c90
	- fabric-model-loading-api-v1 2.0.0+fe474d6b90
	- fabric-networking-api-v1 4.1.0+686dcdce90
	- fabric-object-builder-api-v1 15.1.10+d132107690
	- fabric-particles-v1 4.0.2+6573ed8c90
	- fabric-recipe-api-v1 5.0.8+6573ed8c90
	- fabric-registry-sync-v0 5.0.21+b9828ba390
	- fabric-renderer-api-v1 3.2.16+fe474d6b90
	- fabric-renderer-indigo 1.6.3+cc9f121a90
	- fabric-renderer-registries-v1 3.2.66+df3654b390
	- fabric-rendering-data-attachment-v1 0.3.48+73761d2e90
	- fabric-rendering-fluids-v1 3.1.6+b559734490
	- fabric-rendering-v0 1.1.69+df3654b390
	- fabric-rendering-v1 5.0.3+d132107690
	- fabric-resource-conditions-api-v1 4.2.1+d153f34490
	- fabric-resource-loader-v0 1.1.3+b559734490
	- fabric-screen-api-v1 2.0.24+b559734490
	- fabric-screen-handler-api-v1 1.3.78+b559734490
	- fabric-sound-api-v1 1.0.23+6573ed8c90
	- fabric-transfer-api-v1 5.1.12+b559734490
	- fabric-transitive-access-wideners-v1 6.0.12+6573ed8c90
	- fabricloader 0.15.11
	- java 21
	- minecraft 1.21
	- mixinextras 0.3.5
	- yapping_tooltips 1.4.0
[14:38:31] [main/DEBUG] (FabricLoader/Knot) Adding C:\Users\yirmi\Music\Important\modding\Yapping-Tooltips\.gradle\loom-cache\remapped_mods\loom_mappings_1_21_layered_hash_1010942874_v2\net\fabricmc\fabric-api\fabric-object-builder-api-v1\15.1.10+d132107690\fabric-object-builder-api-v1-15.1.10+d132107690.jar to classpath.
[14:38:31] [main/DEBUG] (FabricLoader/Knot) Adding C:\Users\yirmi\Music\Important\modding\Yapping-Tooltips\.gradle\loom-cache\remapped_mods\loom_mappings_1_21_layered_hash_1010942874_v2\net\fabricmc\fabric-api\fabric-rendering-v1\5.0.3+d132107690\fabric-rendering-v1-5.0.3+d132107690.jar to classpath.
[14:38:31] [main/DEBUG] (FabricLoader/Knot) Adding C:\Users\yirmi\Music\Important\modding\Yapping-Tooltips\.gradle\loom-cache\remapped_mods\loom_mappings_1_21_layered_hash_1010942874_v2\net\fabricmc\fabric-api\fabric-registry-sync-v0\5.0.21+b9828ba390\fabric-registry-sync-v0-5.0.21+b9828ba390.jar to classpath.
[14:38:31] [main/DEBUG] (FabricLoader/Knot) Adding C:\Users\yirmi\Music\Important\modding\Yapping-Tooltips\.gradle\loom-cache\remapped_mods\loom_mappings_1_21_layered_hash_1010942874_v2\net\fabricmc\fabric-api\fabric-sound-api-v1\1.0.23+6573ed8c90\fabric-sound-api-v1-1.0.23+6573ed8c90.jar to classpath.
[14:38:31] [main/DEBUG] (FabricLoader/Knot) Adding C:\Users\yirmi\Music\Important\modding\Yapping-Tooltips\.gradle\loom-cache\remapped_mods\loom_mappings_1_21_layered_hash_1010942874_v2\net\fabricmc\fabric-api\fabric-crash-report-info-v1\0.2.29+0af3f5a790\fabric-crash-report-info-v1-0.2.29+0af3f5a790.jar to classpath.
[14:38:31] [main/DEBUG] (FabricLoader/Knot) Adding C:\Users\yirmi\Music\Important\modding\Yapping-Tooltips\.gradle\loom-cache\remapped_mods\loom_mappings_1_21_layered_hash_1010942874_v2\net\fabricmc\fabric-api\fabric-renderer-api-v1\3.2.16+fe474d6b90\fabric-renderer-api-v1-3.2.16+fe474d6b90.jar to classpath.
[14:38:31] [main/DEBUG] (FabricLoader/Knot) Adding C:\Users\yirmi\Music\Important\modding\Yapping-Tooltips\.gradle\loom-cache\remapped_mods\loom_mappings_1_21_layered_hash_1010942874_v2\net\fabricmc\fabric-api\fabric-command-api-v2\2.2.27+6a6dfa1990\fabric-command-api-v2-2.2.27+6a6dfa1990.jar to classpath.
[14:38:31] [main/DEBUG] (FabricLoader/Knot) Adding C:\Users\yirmi\Music\Important\modding\Yapping-Tooltips\.gradle\loom-cache\remapped_mods\loom_mappings_1_21_layered_hash_1010942874_v2\net\fabricmc\fabric-api\fabric-keybindings-v0\0.2.45+df3654b390\fabric-keybindings-v0-0.2.45+df3654b390.jar to classpath.
[14:38:31] [main/DEBUG] (FabricLoader/Knot) Adding C:\Users\yirmi\Music\Important\modding\Yapping-Tooltips\.gradle\loom-cache\remapped_mods\loom_mappings_1_21_layered_hash_1010942874_v2\net\fabricmc\fabric-api\fabric-particles-v1\4.0.2+6573ed8c90\fabric-particles-v1-4.0.2+6573ed8c90.jar to classpath.
[14:38:31] [main/DEBUG] (FabricLoader/Knot) Adding C:\Users\yirmi\Music\Important\modding\Yapping-Tooltips\.gradle\loom-cache\remapped_mods\loom_mappings_1_21_layered_hash_1010942874_v2\net\fabricmc\fabric-api\fabric-client-tags-api-v1\1.1.15+6573ed8c90\fabric-client-tags-api-v1-1.1.15+6573ed8c90.jar to classpath.
[14:38:31] [main/DEBUG] (FabricLoader/Knot) Adding C:\Users\yirmi\Music\Important\modding\Yapping-Tooltips\.gradle\loom-cache\remapped_mods\loom_mappings_1_21_layered_hash_1010942874_v2\net\fabricmc\fabric-api\fabric-transitive-access-wideners-v1\6.0.12+6573ed8c90\fabric-transitive-access-wideners-v1-6.0.12+6573ed8c90.jar to classpath.
[14:38:31] [main/DEBUG] (FabricLoader/Knot) Adding C:\Users\yirmi\Music\Important\modding\Yapping-Tooltips\.gradle\loom-cache\remapped_mods\loom_mappings_1_21_layered_hash_1010942874_v2\net\fabricmc\fabric-api\fabric-model-loading-api-v1\2.0.0+fe474d6b90\fabric-model-loading-api-v1-2.0.0+fe474d6b90.jar to classpath.
[14:38:31] [main/DEBUG] (FabricLoader/Knot) Adding C:\Users\yirmi\Music\Important\modding\Yapping-Tooltips\.gradle\loom-cache\remapped_mods\loom_mappings_1_21_layered_hash_1010942874_v2\net\fabricmc\fabric-api\fabric-api-base\0.4.42+6573ed8c90\fabric-api-base-0.4.42+6573ed8c90.jar to classpath.
[14:38:31] [main/DEBUG] (FabricLoader/Knot) Adding C:\Users\yirmi\Music\Important\modding\Yapping-Tooltips\.gradle\loom-cache\remapped_mods\loom_mappings_1_21_layered_hash_1010942874_v2\net\fabricmc\fabric-api\fabric-block-api-v1\1.0.22+0af3f5a790\fabric-block-api-v1-1.0.22+0af3f5a790.jar to classpath.
[14:38:31] [main/DEBUG] (FabricLoader/Knot) Adding C:\Users\yirmi\Music\Important\modding\Yapping-Tooltips\.gradle\loom-cache\remapped_mods\loom_mappings_1_21_layered_hash_1010942874_v2\net\fabricmc\fabric-api\fabric-commands-v0\0.2.65+df3654b390\fabric-commands-v0-0.2.65+df3654b390.jar to classpath.
[14:38:31] [main/DEBUG] (FabricLoader/Knot) Adding C:\Users\yirmi\Music\Important\modding\Yapping-Tooltips\.gradle\loom-cache\remapped_mods\loom_mappings_1_21_layered_hash_1010942874_v2\net\fabricmc\fabric-api\fabric-block-view-api-v2\1.0.10+6573ed8c90\fabric-block-view-api-v2-1.0.10+6573ed8c90.jar to classpath.
[14:38:31] [main/DEBUG] (FabricLoader/Knot) Adding C:\Users\yirmi\Music\Important\modding\Yapping-Tooltips\.gradle\loom-cache\remapped_mods\loom_mappings_1_21_layered_hash_1010942874_v2\net\fabricmc\fabric-api\fabric-item-group-api-v1\4.1.0+00ab0a6390\fabric-item-group-api-v1-4.1.0+00ab0a6390.jar to classpath.
[14:38:31] [main/DEBUG] (FabricLoader/Knot) Adding C:\Users\yirmi\Music\Important\modding\Yapping-Tooltips\.gradle\loom-cache\remapped_mods\loom_mappings_1_21_layered_hash_1010942874_v2\net\fabricmc\fabric-api\fabric-entity-events-v1\1.6.12+6fc22b9990\fabric-entity-events-v1-1.6.12+6fc22b9990.jar to classpath.
[14:38:31] [main/DEBUG] (FabricLoader/Knot) Adding C:\Users\yirmi\Music\Important\modding\Yapping-Tooltips\.gradle\loom-cache\remapped_mods\loom_mappings_1_21_layered_hash_1010942874_v2\net\fabricmc\fabric-api\fabric-command-api-v1\1.2.48+f71b366f90\fabric-command-api-v1-1.2.48+f71b366f90.jar to classpath.
[14:38:31] [main/DEBUG] (FabricLoader/Knot) Adding C:\Users\yirmi\Music\Important\modding\Yapping-Tooltips\.gradle\loom-cache\remapped_mods\loom_mappings_1_21_layered_hash_1010942874_v2\net\fabricmc\fabric-api\fabric-gametest-api-v1\2.0.0+6fc22b9990\fabric-gametest-api-v1-2.0.0+6fc22b9990.jar to classpath.
[14:38:31] [main/DEBUG] (FabricLoader/Knot) Adding C:\Users\yirmi\Music\Important\modding\Yapping-Tooltips\.gradle\loom-cache\remapped_mods\loom_mappings_1_21_layered_hash_1010942874_v2\net\fabricmc\fabric-api\fabric-convention-tags-v1\2.0.12+7f945d5b90\fabric-convention-tags-v1-2.0.12+7f945d5b90.jar to classpath.
[14:38:31] [main/DEBUG] (FabricLoader/Knot) Adding C:\Users\yirmi\Music\Important\modding\Yapping-Tooltips\.gradle\loom-cache\remapped_mods\loom_mappings_1_21_layered_hash_1010942874_v2\net\fabricmc\fabric-api\fabric-resource-conditions-api-v1\4.2.1+d153f34490\fabric-resource-conditions-api-v1-4.2.1+d153f34490.jar to classpath.
[14:38:31] [main/DEBUG] (FabricLoader/Knot) Adding C:\Users\yirmi\.gradle\caches\modules-2\files-2.1\io.github.llamalad7\mixinextras-fabric\0.3.5\3b577be20ea942610b3045e4f0cd909fa415a9d3\mixinextras-fabric-0.3.5.jar to classpath.
[14:38:31] [main/DEBUG] (FabricLoader/Knot) Adding C:\Users\yirmi\Music\Important\modding\Yapping-Tooltips\.gradle\loom-cache\remapped_mods\loom_mappings_1_21_layered_hash_1010942874_v2\net\fabricmc\fabric-api\fabric-screen-handler-api-v1\1.3.78+b559734490\fabric-screen-handler-api-v1-1.3.78+b559734490.jar to classpath.
[14:38:31] [main/DEBUG] (FabricLoader/Knot) Adding C:\Users\yirmi\Music\Important\modding\Yapping-Tooltips\.gradle\loom-cache\remapped_mods\loom_mappings_1_21_layered_hash_1010942874_v2\net\fabricmc\fabric-api\fabric-convention-tags-v2\2.2.1+d153f34490\fabric-convention-tags-v2-2.2.1+d153f34490.jar to classpath.
[14:38:31] [main/DEBUG] (FabricLoader/Knot) Adding C:\Users\yirmi\Music\Important\modding\Yapping-Tooltips\.gradle\loom-cache\remapped_mods\loom_mappings_1_21_layered_hash_1010942874_v2\net\fabricmc\fabric-api\fabric-data-attachment-api-v1\1.1.22+6a6dfa1990\fabric-data-attachment-api-v1-1.1.22+6a6dfa1990.jar to classpath.
[14:38:31] [main/DEBUG] (FabricLoader/Knot) Adding C:\Users\yirmi\Music\Important\modding\Yapping-Tooltips\.gradle\loom-cache\remapped_mods\loom_mappings_1_21_layered_hash_1010942874_v2\net\fabricmc\fabric-api\fabric-rendering-fluids-v1\3.1.6+b559734490\fabric-rendering-fluids-v1-3.1.6+b559734490.jar to classpath.
[14:38:31] [main/DEBUG] (FabricLoader/Knot) Adding C:\Users\yirmi\Music\Important\modding\Yapping-Tooltips\.gradle\loom-cache\remapped_mods\loom_mappings_1_21_layered_hash_1010942874_v2\net\fabricmc\fabric-api\fabric-lifecycle-events-v1\2.3.9+98a7dbbb90\fabric-lifecycle-events-v1-2.3.9+98a7dbbb90.jar to classpath.
[14:38:31] [main/DEBUG] (FabricLoader/Knot) Adding C:\Users\yirmi\Music\Important\modding\Yapping-Tooltips\.gradle\loom-cache\remapped_mods\loom_mappings_1_21_layered_hash_1010942874_v2\net\fabricmc\fabric-api\fabric-game-rule-api-v1\1.0.52+6573ed8c90\fabric-game-rule-api-v1-1.0.52+6573ed8c90.jar to classpath.
[14:38:31] [main/DEBUG] (FabricLoader/Knot) Adding C:\Users\yirmi\Music\Important\modding\Yapping-Tooltips\.gradle\loom-cache\remapped_mods\loom_mappings_1_21_layered_hash_1010942874_v2\net\fabricmc\fabric-api\fabric-screen-api-v1\2.0.24+b559734490\fabric-screen-api-v1-2.0.24+b559734490.jar to classpath.
[14:38:31] [main/DEBUG] (FabricLoader/Knot) Adding C:\Users\yirmi\Music\Important\modding\Yapping-Tooltips\.gradle\loom-cache\remapped_mods\loom_mappings_1_21_layered_hash_1010942874_v2\net\fabricmc\fabric-api\fabric-networking-api-v1\4.1.0+686dcdce90\fabric-networking-api-v1-4.1.0+686dcdce90.jar to classpath.
[14:38:31] [main/DEBUG] (FabricLoader/Knot) Adding C:\Users\yirmi\Music\Important\modding\Yapping-Tooltips\.gradle\loom-cache\remapped_mods\loom_mappings_1_21_layered_hash_1010942874_v2\net\fabricmc\fabric-api\fabric-renderer-indigo\1.6.3+cc9f121a90\fabric-renderer-indigo-1.6.3+cc9f121a90.jar to classpath.
[14:38:31] [main/DEBUG] (FabricLoader/Knot) Adding C:\Users\yirmi\Music\Important\modding\Yapping-Tooltips\.gradle\loom-cache\remapped_mods\loom_mappings_1_21_layered_hash_1010942874_v2\net\fabricmc\fabric-api\fabric-blockrenderlayer-v1\1.1.52+0af3f5a790\fabric-blockrenderlayer-v1-1.1.52+0af3f5a790.jar to classpath.
[14:38:31] [main/DEBUG] (FabricLoader/Knot) Adding C:\Users\yirmi\Music\Important\modding\Yapping-Tooltips\.gradle\loom-cache\remapped_mods\loom_mappings_1_21_layered_hash_1010942874_v2\net\fabricmc\fabric-api\fabric-key-binding-api-v1\1.0.47+0af3f5a790\fabric-key-binding-api-v1-1.0.47+0af3f5a790.jar to classpath.
[14:38:31] [main/DEBUG] (FabricLoader/Knot) Adding C:\Users\yirmi\Music\Important\modding\Yapping-Tooltips\.gradle\loom-cache\remapped_mods\loom_mappings_1_21_layered_hash_1010942874_v2\net\fabricmc\fabric-api\fabric-resource-loader-v0\1.1.3+b559734490\fabric-resource-loader-v0-1.1.3+b559734490.jar to classpath.
[14:38:31] [main/DEBUG] (FabricLoader/Knot) Adding C:\Users\yirmi\Music\Important\modding\Yapping-Tooltips\.gradle\loom-cache\remapped_mods\loom_mappings_1_21_layered_hash_1010942874_v2\net\fabricmc\fabric-api\fabric-rendering-v0\1.1.69+df3654b390\fabric-rendering-v0-1.1.69+df3654b390.jar to classpath.
[14:38:31] [main/DEBUG] (FabricLoader/Knot) Adding C:\Users\yirmi\Music\Important\modding\Yapping-Tooltips\.gradle\loom-cache\remapped_mods\loom_mappings_1_21_layered_hash_1010942874_v2\net\fabricmc\fabric-api\fabric-item-api-v1\11.0.0+afdfc92190\fabric-item-api-v1-11.0.0+afdfc92190.jar to classpath.
[14:38:31] [main/DEBUG] (FabricLoader/Knot) Adding C:\Users\yirmi\Music\Important\modding\Yapping-Tooltips\.gradle\loom-cache\remapped_mods\loom_mappings_1_21_layered_hash_1010942874_v2\net\fabricmc\fabric-api\fabric-events-interaction-v0\0.7.10+e633f88390\fabric-events-interaction-v0-0.7.10+e633f88390.jar to classpath.
[14:38:31] [main/DEBUG] (FabricLoader/Knot) Adding C:\Users\yirmi\Music\Important\modding\Yapping-Tooltips\.gradle\loom-cache\remapped_mods\loom_mappings_1_21_layered_hash_1010942874_v2\net\fabricmc\fabric-api\fabric-data-generation-api-v1\20.2.6+16c4ae2590\fabric-data-generation-api-v1-20.2.6+16c4ae2590.jar to classpath.
[14:38:31] [main/DEBUG] (FabricLoader/Knot) Adding C:\Users\yirmi\Music\Important\modding\Yapping-Tooltips\.gradle\loom-cache\remapped_mods\loom_mappings_1_21_layered_hash_1010942874_v2\net\fabricmc\fabric-api\fabric-message-api-v1\6.0.13+6573ed8c90\fabric-message-api-v1-6.0.13+6573ed8c90.jar to classpath.
[14:38:31] [main/DEBUG] (FabricLoader/Knot) Adding C:\Users\yirmi\Music\Important\modding\Yapping-Tooltips\.gradle\loom-cache\remapped_mods\loom_mappings_1_21_layered_hash_1010942874_v2\net\fabricmc\fabric-api\fabric-rendering-data-attachment-v1\0.3.48+73761d2e90\fabric-rendering-data-attachment-v1-0.3.48+73761d2e90.jar to classpath.
[14:38:31] [main/DEBUG] (FabricLoader/Knot) Adding C:\Users\yirmi\Music\Important\modding\Yapping-Tooltips\.gradle\loom-cache\remapped_mods\loom_mappings_1_21_layered_hash_1010942874_v2\net\fabricmc\fabric-api\fabric-api\0.100.1+1.21\fabric-api-0.100.1+1.21.jar to classpath.
[14:38:31] [main/DEBUG] (FabricLoader/Knot) Adding C:\Users\yirmi\Music\Important\modding\Yapping-Tooltips\fabric\build\resources\main to classpath.
[14:38:31] [main/DEBUG] (FabricLoader/Knot) Adding C:\Users\yirmi\Music\Important\modding\Yapping-Tooltips\.gradle\loom-cache\remapped_mods\loom_mappings_1_21_layered_hash_1010942874_v2\net\fabricmc\fabric-api\fabric-transfer-api-v1\5.1.12+b559734490\fabric-transfer-api-v1-5.1.12+b559734490.jar to classpath.
[14:38:31] [main/DEBUG] (FabricLoader/Knot) Adding C:\Users\yirmi\Music\Important\modding\Yapping-Tooltips\.gradle\loom-cache\remapped_mods\loom_mappings_1_21_layered_hash_1010942874_v2\net\fabricmc\fabric-api\fabric-api-lookup-api-v1\1.6.65+b559734490\fabric-api-lookup-api-v1-1.6.65+b559734490.jar to classpath.
[14:38:31] [main/DEBUG] (FabricLoader/Knot) Adding C:\Users\yirmi\Music\Important\modding\Yapping-Tooltips\.gradle\loom-cache\remapped_mods\loom_mappings_1_21_layered_hash_1010942874_v2\net\fabricmc\fabric-api\fabric-biome-api-v1\13.0.28+6fc22b9990\fabric-biome-api-v1-13.0.28+6fc22b9990.jar to classpath.
[14:38:31] [main/DEBUG] (FabricLoader/Knot) Adding C:\Users\yirmi\Music\Important\modding\Yapping-Tooltips\.gradle\loom-cache\remapped_mods\loom_mappings_1_21_layered_hash_1010942874_v2\net\fabricmc\fabric-api\fabric-loot-api-v2\3.0.9+6573ed8c90\fabric-loot-api-v2-3.0.9+6573ed8c90.jar to classpath.
[14:38:31] [main/DEBUG] (FabricLoader/Knot) Adding C:\Users\yirmi\Music\Important\modding\Yapping-Tooltips\.gradle\loom-cache\remapped_mods\loom_mappings_1_21_layered_hash_1010942874_v2\net\fabricmc\fabric-api\fabric-renderer-registries-v1\3.2.66+df3654b390\fabric-renderer-registries-v1-3.2.66+df3654b390.jar to classpath.
[14:38:31] [main/DEBUG] (FabricLoader/Knot) Adding C:\Users\yirmi\Music\Important\modding\Yapping-Tooltips\.gradle\loom-cache\remapped_mods\loom_mappings_1_21_layered_hash_1010942874_v2\net\fabricmc\fabric-api\fabric-dimensions-v1\4.0.0+6fc22b9990\fabric-dimensions-v1-4.0.0+6fc22b9990.jar to classpath.
[14:38:31] [main/DEBUG] (FabricLoader/Knot) Adding C:\Users\yirmi\Music\Important\modding\Yapping-Tooltips\.gradle\loom-cache\remapped_mods\loom_mappings_1_21_layered_hash_1010942874_v2\net\fabricmc\fabric-api\fabric-recipe-api-v1\5.0.8+6573ed8c90\fabric-recipe-api-v1-5.0.8+6573ed8c90.jar to classpath.
[14:38:31] [main/DEBUG] (FabricLoader/Knot) Adding C:\Users\yirmi\Music\Important\modding\Yapping-Tooltips\.gradle\loom-cache\remapped_mods\loom_mappings_1_21_layered_hash_1010942874_v2\net\fabricmc\fabric-api\fabric-content-registries-v0\8.0.11+b559734490\fabric-content-registries-v0-8.0.11+b559734490.jar to classpath.
[14:38:31] [main/DEBUG] (FabricLoader/Entrypoint) Registering new-style initializer net.fabricmc.fabric.impl.client.registry.sync.FabricRegistryClientInit for mod fabric-registry-sync-v0 (key client)
[14:38:31] [main/DEBUG] (FabricLoader/Entrypoint) Registering new-style initializer net.fabricmc.fabric.impl.registry.sync.FabricRegistryInit for mod fabric-registry-sync-v0 (key main)
[14:38:31] [main/DEBUG] (FabricLoader/Entrypoint) Registering new-style initializer net.fabricmc.fabric.impl.command.v1.LegacyHandler for mod fabric-command-api-v1 (key main)
[14:38:31] [main/DEBUG] (FabricLoader/Entrypoint) Registering new-style initializer net.fabricmc.fabric.impl.gametest.FabricGameTestModInitializer for mod fabric-gametest-api-v1 (key main)
[14:38:31] [main/DEBUG] (FabricLoader/Entrypoint) Registering new-style initializer net.fabricmc.fabric.impl.tag.convention.ConventionLogWarnings for mod fabric-convention-tags-v1 (key main)
[14:38:31] [main/DEBUG] (FabricLoader/Entrypoint) Registering new-style initializer net.fabricmc.fabric.impl.resource.conditions.ResourceConditionsImpl for mod fabric-resource-conditions-api-v1 (key main)
[14:38:31] [main/DEBUG] (FabricLoader/Entrypoint) Registering new-style initializer net.fabricmc.fabric.impl.screenhandler.client.ClientNetworking for mod fabric-screen-handler-api-v1 (key client)
[14:38:31] [main/DEBUG] (FabricLoader/Entrypoint) Registering new-style initializer net.fabricmc.fabric.impl.screenhandler.Networking for mod fabric-screen-handler-api-v1 (key main)
[14:38:31] [main/DEBUG] (FabricLoader/Entrypoint) Registering new-style initializer net.fabricmc.fabric.impl.tag.convention.v2.TranslationConventionLogWarnings for mod fabric-convention-tags-v2 (key main)
[14:38:31] [main/DEBUG] (FabricLoader/Entrypoint) Registering new-style initializer net.fabricmc.fabric.impl.attachment.AttachmentEntrypoint for mod fabric-data-attachment-api-v1 (key main)
[14:38:31] [main/DEBUG] (FabricLoader/Entrypoint) Registering new-style initializer net.fabricmc.fabric.impl.client.event.lifecycle.ClientLifecycleEventsImpl for mod fabric-lifecycle-events-v1 (key client)
[14:38:31] [main/DEBUG] (FabricLoader/Entrypoint) Registering new-style initializer net.fabricmc.fabric.impl.event.lifecycle.LifecycleEventsImpl for mod fabric-lifecycle-events-v1 (key main)
[14:38:31] [main/DEBUG] (FabricLoader/Entrypoint) Registering new-style initializer net.fabricmc.fabric.impl.networking.client.ClientNetworkingImpl::clientInit for mod fabric-networking-api-v1 (key client)
[14:38:31] [main/DEBUG] (FabricLoader/Entrypoint) Registering new-style initializer net.fabricmc.fabric.impl.networking.CommonPacketsImpl::init for mod fabric-networking-api-v1 (key main)
[14:38:31] [main/DEBUG] (FabricLoader/Entrypoint) Registering new-style initializer net.fabricmc.fabric.impl.networking.NetworkingImpl::init for mod fabric-networking-api-v1 (key main)
[14:38:31] [main/DEBUG] (FabricLoader/Entrypoint) Registering new-style initializer net.fabricmc.fabric.impl.client.indigo.Indigo for mod fabric-renderer-indigo (key client)
[14:38:31] [main/DEBUG] (FabricLoader/Entrypoint) Registering new-style initializer net.fabricmc.fabric.impl.client.rendering.v0.RenderingCallbackInvoker for mod fabric-rendering-v0 (key client)
[14:38:31] [main/DEBUG] (FabricLoader/Entrypoint) Registering new-style initializer net.fabricmc.fabric.impl.event.interaction.client.InteractionEventsRouterClient for mod fabric-events-interaction-v0 (key client)
[14:38:31] [main/DEBUG] (FabricLoader/Entrypoint) Registering new-style initializer net.fabricmc.fabric.impl.event.interaction.InteractionEventsRouter for mod fabric-events-interaction-v0 (key main)
[14:38:31] [main/DEBUG] (FabricLoader/Entrypoint) Registering new-style initializer net.azurune.yapping_tooltips.FabricYappingTooltipsDatagen for mod yapping_tooltips (key fabric-datagen)
[14:38:31] [main/DEBUG] (FabricLoader/Entrypoint) Registering new-style initializer net.azurune.yapping_tooltips.FabricYappingTooltips for mod yapping_tooltips (key main)
[14:38:31] [main/DEBUG] (FabricLoader/Entrypoint) Registering new-style initializer net.fabricmc.fabric.impl.lookup.ApiLookupImpl for mod fabric-api-lookup-api-v1 (key main)
[14:38:31] [main/DEBUG] (FabricLoader/Entrypoint) Registering new-style initializer net.fabricmc.fabric.impl.recipe.ingredient.client.CustomIngredientSyncClient for mod fabric-recipe-api-v1 (key client)
[14:38:31] [main/DEBUG] (FabricLoader/Entrypoint) Registering new-style initializer net.fabricmc.fabric.impl.recipe.ingredient.CustomIngredientInit for mod fabric-recipe-api-v1 (key main)
[14:38:31] [main/DEBUG] (FabricLoader/Entrypoint) Registering new-style initializer net.fabricmc.fabric.impl.recipe.ingredient.CustomIngredientSync for mod fabric-recipe-api-v1 (key main)
[14:38:32] [main/INFO] (FabricLoader/Mixin) SpongePowered MIXIN Subsystem Version=0.8.5 Source=file:/C:/Users/yirmi/.gradle/caches/modules-2/files-2.1/net.fabricmc/sponge-mixin/0.13.3+mixin.0.8.5/9527e6b0d2449408958fd1302594dc65ec5ade9c/sponge-mixin-0.13.3+mixin.0.8.5.jar Service=Knot/Fabric Env=CLIENT
[14:38:32] [main/DEBUG] (FabricLoader/Mixin) Error cleaning class output directory: .mixin.out
[14:38:32] [main/DEBUG] (FabricLoader/Mixin) Initialising Mixin Platform Manager
[14:38:32] [main/DEBUG] (FabricLoader/Mixin) Adding mixin platform agents for container ContainerHandleURI(file:///C:/Users/yirmi/.gradle/caches/modules-2/files-2.1/net.fabricmc/fabric-loader/0.15.11/9c2be53d84ec5c4fb58bb5b8d9c8a629047c9ee9/fabric-loader-0.15.11.jar)
[14:38:32] [main/DEBUG] (FabricLoader/Mixin) Instancing new MixinPlatformAgentDefault for ContainerHandleURI(file:///C:/Users/yirmi/.gradle/caches/modules-2/files-2.1/net.fabricmc/fabric-loader/0.15.11/9c2be53d84ec5c4fb58bb5b8d9c8a629047c9ee9/fabric-loader-0.15.11.jar)
[14:38:32] [main/DEBUG] (FabricLoader/Mixin) MixinPlatformAgentDefault accepted container ContainerHandleURI(file:///C:/Users/yirmi/.gradle/caches/modules-2/files-2.1/net.fabricmc/fabric-loader/0.15.11/9c2be53d84ec5c4fb58bb5b8d9c8a629047c9ee9/fabric-loader-0.15.11.jar)
[14:38:32] [main/DEBUG] (FabricLoader/Mixin) Instancing new MixinPlatformAgentDefault for ContainerHandleURI(file:///C:/Users/yirmi/.gradle/caches/modules-2/files-2.1/net.fabricmc/fabric-loader/0.15.11/9c2be53d84ec5c4fb58bb5b8d9c8a629047c9ee9/fabric-loader-0.15.11.jar)
[14:38:32] [main/DEBUG] (FabricLoader/Mixin) MixinPlatformAgentDefault accepted container ContainerHandleURI(file:///C:/Users/yirmi/.gradle/caches/modules-2/files-2.1/net.fabricmc/fabric-loader/0.15.11/9c2be53d84ec5c4fb58bb5b8d9c8a629047c9ee9/fabric-loader-0.15.11.jar)
[14:38:32] [main/DEBUG] (FabricLoader/Mixin) Processing prepare() for PlatformAgent[MixinPlatformAgentDefault:ContainerHandleURI(file:///C:/Users/yirmi/.gradle/caches/modules-2/files-2.1/net.fabricmc/fabric-loader/0.15.11/9c2be53d84ec5c4fb58bb5b8d9c8a629047c9ee9/fabric-loader-0.15.11.jar)]
[14:38:32] [main/DEBUG] (FabricLoader/Mixin) Processing prepare() for PlatformAgent[MixinPlatformAgentDefault:ContainerHandleURI(file:///C:/Users/yirmi/.gradle/caches/modules-2/files-2.1/net.fabricmc/fabric-loader/0.15.11/9c2be53d84ec5c4fb58bb5b8d9c8a629047c9ee9/fabric-loader-0.15.11.jar)]
[14:38:32] [main/INFO] (FabricLoader/Mixin) Loaded Fabric development mappings for mixin remapper!
[14:38:32] [main/DEBUG] (FabricLoader/Mixin) Compatibility level JAVA_17 specified by fabric-object-builder-v1.mixins.json is higher than the maximum level supported by this version of mixin (JAVA_13).
[14:38:32] [main/INFO] (FabricLoader/Mixin) Compatibility level set to JAVA_17
[14:38:32] [main/DEBUG] (FabricLoader/Mixin) Mixin config fabric-object-builder-v1.mixins.json does not specify "minVersion" property
[14:38:32] [main/DEBUG] (FabricLoader/Mixin) Mixin config fabric-object-builder-v1.client.mixins.json does not specify "minVersion" property
[14:38:32] [main/DEBUG] (FabricLoader/Mixin) Mixin config fabric-rendering-v1.mixins.json does not specify "minVersion" property
[14:38:32] [main/DEBUG] (FabricLoader/Mixin) Mixin config fabric-registry-sync-v0.mixins.json does not specify "minVersion" property
[14:38:32] [main/DEBUG] (FabricLoader/Mixin) Mixin config fabric-registry-sync-v0.client.mixins.json does not specify "minVersion" property
[14:38:32] [main/DEBUG] (FabricLoader/Mixin) Mixin config fabric-sound-api-v1.mixins.json does not specify "minVersion" property
[14:38:32] [main/DEBUG] (FabricLoader/Mixin) Mixin config fabric-crash-report-info-v1.mixins.json does not specify "minVersion" property
[14:38:32] [main/DEBUG] (FabricLoader/Mixin) Mixin config fabric-renderer-api-v1.mixins.json does not specify "minVersion" property
[14:38:32] [main/DEBUG] (FabricLoader/Mixin) Mixin config fabric-renderer-api-v1.debughud.mixins.json does not specify "minVersion" property
[14:38:32] [main/DEBUG] (FabricLoader/Mixin) Mixin config fabric-command-api-v2.mixins.json does not specify "minVersion" property
[14:38:32] [main/DEBUG] (FabricLoader/Mixin) Mixin config fabric-command-api-v2.client.mixins.json does not specify "minVersion" property
[14:38:32] [main/DEBUG] (FabricLoader/Mixin) Mixin config fabric-particles-v1.client.mixins.json does not specify "minVersion" property
[14:38:32] [main/DEBUG] (FabricLoader/Mixin) Mixin config fabric-model-loading-api-v1.mixins.json does not specify "minVersion" property
[14:38:32] [main/DEBUG] (FabricLoader/Mixin) Mixin config fabric-block-api-v1.mixins.json does not specify "minVersion" property
[14:38:32] [main/DEBUG] (FabricLoader/Mixin) Mixin config fabric-block-view-api-v2.mixins.json does not specify "minVersion" property
[14:38:32] [main/DEBUG] (FabricLoader/Mixin) Mixin config fabric-block-view-api-v2.client.mixins.json does not specify "minVersion" property
[14:38:32] [main/DEBUG] (FabricLoader/Mixin) Mixin config fabric-item-group-api-v1.mixins.json does not specify "minVersion" property
[14:38:32] [main/DEBUG] (FabricLoader/Mixin) Mixin config fabric-item-group-api-v1.client.mixins.json does not specify "minVersion" property
[14:38:32] [main/DEBUG] (FabricLoader/Mixin) Mixin config fabric-entity-events-v1.mixins.json does not specify "minVersion" property
[14:38:32] [main/DEBUG] (FabricLoader/Mixin) Mixin config fabric-entity-events-v1.client.mixins.json does not specify "minVersion" property
[14:38:32] [main/DEBUG] (FabricLoader/Mixin) Mixin config fabric-gametest-api-v1.mixins.json does not specify "minVersion" property
[14:38:32] [main/DEBUG] (FabricLoader/Mixin) Mixin config fabric-resource-conditions-api-v1.mixins.json does not specify "minVersion" property
[14:38:32] [main/DEBUG] (FabricLoader/Mixin) Mixin config fabric-screen-handler-api-v1.mixins.json does not specify "minVersion" property
[14:38:32] [main/DEBUG] (FabricLoader/Mixin) Mixin config fabric-convention-tags-api-v2.mixins.json does not specify "minVersion" property
[14:38:32] [main/DEBUG] (FabricLoader/Mixin) Mixin config fabric-data-attachment-api-v1.mixins.json does not specify "minVersion" property
[14:38:32] [main/DEBUG] (FabricLoader/Mixin) Mixin config fabric-data-attachment-api-v1.client.mixins.json does not specify "minVersion" property
[14:38:32] [main/DEBUG] (FabricLoader/Mixin) Mixin config fabric-rendering-fluids-v1.mixins.json does not specify "minVersion" property
[14:38:32] [main/DEBUG] (FabricLoader/Mixin) Mixin config fabric-lifecycle-events-v1.mixins.json does not specify "minVersion" property
[14:38:32] [main/DEBUG] (FabricLoader/Mixin) Mixin config fabric-lifecycle-events-v1.client.mixins.json does not specify "minVersion" property
[14:38:32] [main/DEBUG] (FabricLoader/Mixin) Mixin config fabric-game-rule-api-v1.mixins.json does not specify "minVersion" property
[14:38:32] [main/DEBUG] (FabricLoader/Mixin) Mixin config fabric-game-rule-api-v1.client.mixins.json does not specify "minVersion" property
[14:38:32] [main/DEBUG] (FabricLoader/Mixin) Mixin config fabric-screen-api-v1.mixins.json does not specify "minVersion" property
[14:38:32] [main/DEBUG] (FabricLoader/Mixin) Mixin config fabric-networking-api-v1.mixins.json does not specify "minVersion" property
[14:38:32] [main/DEBUG] (FabricLoader/Mixin) Mixin config fabric-networking-api-v1.client.mixins.json does not specify "minVersion" property
[14:38:32] [main/DEBUG] (FabricLoader/Mixin) Mixin config fabric-renderer-indigo.mixins.json does not specify "minVersion" property
[14:38:32] [main/DEBUG] (FabricLoader/Mixin) Mixin config fabric-blockrenderlayer-v1.mixins.json does not specify "minVersion" property
[14:38:32] [main/DEBUG] (FabricLoader/Mixin) Mixin config fabric-key-binding-api-v1.mixins.json does not specify "minVersion" property
[14:38:32] [main/DEBUG] (FabricLoader/Mixin) Mixin config fabric-resource-loader-v0.mixins.json does not specify "minVersion" property
[14:38:32] [main/DEBUG] (FabricLoader/Mixin) Mixin config fabric-resource-loader-v0.client.mixins.json does not specify "minVersion" property
[14:38:32] [main/DEBUG] (FabricLoader/Mixin) Mixin config fabric-item-api-v1.mixins.json does not specify "minVersion" property
[14:38:32] [main/DEBUG] (FabricLoader/Mixin) Mixin config fabric-item-api-v1.client.mixins.json does not specify "minVersion" property
[14:38:32] [main/DEBUG] (FabricLoader/Mixin) Mixin config fabric-events-interaction-v0.mixins.json does not specify "minVersion" property
[14:38:32] [main/DEBUG] (FabricLoader/Mixin) Mixin config fabric-events-interaction-v0.client.mixins.json does not specify "minVersion" property
[14:38:32] [main/DEBUG] (FabricLoader/Mixin) Mixin config fabric-data-generation-api-v1.mixins.json does not specify "minVersion" property
[14:38:32] [main/DEBUG] (FabricLoader/Mixin) Mixin config fabric-data-generation-api-v1.client.mixins.json does not specify "minVersion" property
[14:38:32] [main/DEBUG] (FabricLoader/Mixin) Mixin config fabric-message-api-v1.mixins.json does not specify "minVersion" property
[14:38:32] [main/DEBUG] (FabricLoader/Mixin) Mixin config fabric-message-api-v1.client.mixins.json does not specify "minVersion" property
[14:38:32] [main/DEBUG] (FabricLoader/Mixin) Mixin config fabric-rendering-data-attachment-v1.mixins.json does not specify "minVersion" property
[14:38:32] [main/DEBUG] (FabricLoader/Mixin) Mixin config fabric-rendering-data-attachment-v1.client.mixins.json does not specify "minVersion" property
[14:38:32] [main/DEBUG] (FabricLoader/Mixin) Compatibility level JAVA_18 specified by yapping_tooltips.mixins.json is higher than the maximum level supported by this version of mixin (JAVA_13).
[14:38:32] [main/INFO] (FabricLoader/Mixin) Compatibility level set to JAVA_18
[14:38:32] [main/DEBUG] (FabricLoader/Mixin) Compatibility level JAVA_17 specified by fabric-transfer-api-v1.mixins.json is higher than the maximum level supported by this version of mixin (JAVA_13).
[14:38:32] [main/DEBUG] (FabricLoader/Mixin) Mixin config fabric-transfer-api-v1.mixins.json does not specify "minVersion" property
[14:38:32] [main/DEBUG] (FabricLoader/Mixin) Compatibility level JAVA_17 specified by fabric-api-lookup-api-v1.mixins.json is higher than the maximum level supported by this version of mixin (JAVA_13).
[14:38:32] [main/DEBUG] (FabricLoader/Mixin) Mixin config fabric-api-lookup-api-v1.mixins.json does not specify "minVersion" property
[14:38:32] [main/DEBUG] (FabricLoader/Mixin) Compatibility level JAVA_17 specified by fabric-biome-api-v1.mixins.json is higher than the maximum level supported by this version of mixin (JAVA_13).
[14:38:32] [main/DEBUG] (FabricLoader/Mixin) Mixin config fabric-biome-api-v1.mixins.json does not specify "minVersion" property
[14:38:32] [main/DEBUG] (FabricLoader/Mixin) Compatibility level JAVA_17 specified by fabric-loot-api-v2.mixins.json is higher than the maximum level supported by this version of mixin (JAVA_13).
[14:38:32] [main/DEBUG] (FabricLoader/Mixin) Mixin config fabric-loot-api-v2.mixins.json does not specify "minVersion" property
[14:38:32] [main/DEBUG] (FabricLoader/Mixin) Compatibility level JAVA_17 specified by fabric-dimensions-v1.mixins.json is higher than the maximum level supported by this version of mixin (JAVA_13).
[14:38:32] [main/DEBUG] (FabricLoader/Mixin) Mixin config fabric-dimensions-v1.mixins.json does not specify "minVersion" property
[14:38:32] [main/DEBUG] (FabricLoader/Mixin) Compatibility level JAVA_17 specified by fabric-recipe-api-v1.mixins.json is higher than the maximum level supported by this version of mixin (JAVA_13).
[14:38:32] [main/DEBUG] (FabricLoader/Mixin) Mixin config fabric-recipe-api-v1.mixins.json does not specify "minVersion" property
[14:38:32] [main/DEBUG] (FabricLoader/Mixin) Compatibility level JAVA_17 specified by fabric-content-registries-v0.mixins.json is higher than the maximum level supported by this version of mixin (JAVA_13).
[14:38:32] [main/DEBUG] (FabricLoader/Mixin) Mixin config fabric-content-registries-v0.mixins.json does not specify "minVersion" property
[14:38:32] [main/DEBUG] (FabricLoader/Knot) Adding C:\Users\yirmi\Music\Important\modding\Yapping-Tooltips\.gradle\loom-cache\minecraftMaven\net\minecraft\minecraft-merged-4eb0fe4bb6\1.21-loom.mappings.1_21.layered+hash.1010942874-v2\minecraft-merged-4eb0fe4bb6-1.21-loom.mappings.1_21.layered+hash.1010942874-v2.jar to classpath.
[14:38:32] [main/DEBUG] (FabricLoader/Knot) Adding C:\Users\yirmi\Music\Important\modding\Yapping-Tooltips\fabric\build\classes\java\main to classpath.
[14:38:32] [main/DEBUG] (FabricLoader/Knot) Adding C:\Users\yirmi\Music\Important\modding\Yapping-Tooltips\fabric\build\resources\main to classpath.
[14:38:32] [main/DEBUG] (FabricLoader/Knot) Adding C:\Users\yirmi\.gradle\caches\fabric-loom\1.21\loom.mappings.1_21.layered+hash.1010942874-v2\mappings.jar to classpath.
[14:38:32] [main/DEBUG] (FabricLoader/Knot) Adding C:\Users\yirmi\.gradle\caches\modules-2\files-2.1\io.github.llamalad7\mixinextras-fabric\0.3.5\3b577be20ea942610b3045e4f0cd909fa415a9d3\mixinextras-fabric-0.3.5.jar to classpath.
[14:38:32] [main/DEBUG] (FabricLoader/Knot) Adding C:\Users\yirmi\.gradle\caches\modules-2\files-2.1\net.fabricmc\dev-launch-injector\0.2.1+build.8\da8bef7e6e2f952da707f282bdb46882a0fce5e3\dev-launch-injector-0.2.1+build.8.jar to classpath.
[14:38:32] [main/DEBUG] (FabricLoader/Knot) Adding C:\Users\yirmi\.gradle\caches\modules-2\files-2.1\com.github.oshi\oshi-core\6.4.10\b1d8ab82d11d92fd639b56d639f8f46f739dd5fa\oshi-core-6.4.10.jar to classpath.
[14:38:32] [main/DEBUG] (FabricLoader/Knot) Adding C:\Users\yirmi\.gradle\caches\modules-2\files-2.1\com.google.guava\failureaccess\1.0.1\1dcf1de382a0bf95a3d8b0849546c88bac1292c9\failureaccess-1.0.1.jar to classpath.
[14:38:32] [main/DEBUG] (FabricLoader/Knot) Adding C:\Users\yirmi\.gradle\caches\modules-2\files-2.1\com.google.guava\guava\32.1.2-jre\5e64ec7e056456bef3a4bc4c6fdaef71e8ab6318\guava-32.1.2-jre.jar to classpath.
[14:38:32] [main/DEBUG] (FabricLoader/Knot) Adding C:\Users\yirmi\.gradle\caches\modules-2\files-2.1\com.ibm.icu\icu4j\73.2\61ad4ef7f9131fcf6d25c34b817f90d6da06c9e9\icu4j-73.2.jar to classpath.
[14:38:32] [main/DEBUG] (FabricLoader/Knot) Adding C:\Users\yirmi\.gradle\caches\modules-2\files-2.1\com.mojang\blocklist\1.0.10\5c685c5ffa94c4cd39496c7184c1d122e515ecef\blocklist-1.0.10.jar to classpath.
[14:38:32] [main/DEBUG] (FabricLoader/Knot) Adding C:\Users\yirmi\.gradle\caches\modules-2\files-2.1\com.mojang\brigadier\1.2.9\73e324f2ee541493a5179abf367237faa782ed21\brigadier-1.2.9.jar to classpath.
[14:38:32] [main/DEBUG] (FabricLoader/Knot) Adding C:\Users\yirmi\.gradle\caches\modules-2\files-2.1\com.mojang\datafixerupper\8.0.16\67d4de6d7f95d89bcf5862995fb854ebaec02a34\datafixerupper-8.0.16.jar to classpath.
[14:38:32] [main/DEBUG] (FabricLoader/Knot) Adding C:\Users\yirmi\.gradle\caches\modules-2\files-2.1\com.mojang\patchy\2.2.10\da05971b07cbb379d002cf7eaec6a2048211fefc\patchy-2.2.10.jar to classpath.
[14:38:32] [main/DEBUG] (FabricLoader/Knot) Adding C:\Users\yirmi\.gradle\caches\modules-2\files-2.1\com.mojang\text2speech\1.17.9\3cad216e3a7f0c19b4b394388bc9ffc446f13b14\text2speech-1.17.9.jar to classpath.
[14:38:32] [main/DEBUG] (FabricLoader/Knot) Adding C:\Users\yirmi\.gradle\caches\modules-2\files-2.1\commons-codec\commons-codec\1.16.0\4e3eb3d79888d76b54e28b350915b5dc3919c9de\commons-codec-1.16.0.jar to classpath.
[14:38:32] [main/DEBUG] (FabricLoader/Knot) Adding C:\Users\yirmi\.gradle\caches\modules-2\files-2.1\commons-io\commons-io\2.15.1\f11560da189ab563a5c8e351941415430e9304ea\commons-io-2.15.1.jar to classpath.
[14:38:32] [main/DEBUG] (FabricLoader/Knot) Adding C:\Users\yirmi\.gradle\caches\modules-2\files-2.1\commons-logging\commons-logging\1.2\4bfc12adfe4842bf07b657f0369c4cb522955686\commons-logging-1.2.jar to classpath.
[14:38:32] [main/DEBUG] (FabricLoader/Knot) Adding C:\Users\yirmi\.gradle\caches\modules-2\files-2.1\io.netty\netty-buffer\4.1.97.Final\f8f3d8644afa5e6e1a40a3a6aeb9d9aa970ecb4f\netty-buffer-4.1.97.Final.jar to classpath.
[14:38:32] [main/DEBUG] (FabricLoader/Knot) Adding C:\Users\yirmi\.gradle\caches\modules-2\files-2.1\io.netty\netty-codec\4.1.97.Final\384ba4d75670befbedb45c4d3b497a93639c206d\netty-codec-4.1.97.Final.jar to classpath.
[14:38:32] [main/DEBUG] (FabricLoader/Knot) Adding C:\Users\yirmi\.gradle\caches\modules-2\files-2.1\io.netty\netty-common\4.1.97.Final\7cceacaf11df8dc63f23d0fb58e9d4640fc88404\netty-common-4.1.97.Final.jar to classpath.
[14:38:32] [main/DEBUG] (FabricLoader/Knot) Adding C:\Users\yirmi\.gradle\caches\modules-2\files-2.1\io.netty\netty-handler\4.1.97.Final\abb86c6906bf512bf2b797a41cd7d2e8d3cd7c36\netty-handler-4.1.97.Final.jar to classpath.
[14:38:32] [main/DEBUG] (FabricLoader/Knot) Adding C:\Users\yirmi\.gradle\caches\modules-2\files-2.1\io.netty\netty-resolver\4.1.97.Final\cec8348108dc76c47cf87c669d514be52c922144\netty-resolver-4.1.97.Final.jar to classpath.
[14:38:32] [main/DEBUG] (FabricLoader/Knot) Adding C:\Users\yirmi\.gradle\caches\modules-2\files-2.1\io.netty\netty-transport-classes-epoll\4.1.97.Final\795da37ded759e862457a82d9d92c4d39ce8ecee\netty-transport-classes-epoll-4.1.97.Final.jar to classpath.
[14:38:32] [main/DEBUG] (FabricLoader/Knot) Adding C:\Users\yirmi\.gradle\caches\modules-2\files-2.1\io.netty\netty-transport-native-unix-common\4.1.97.Final\d469d84265ab70095b01b40886cabdd433b6e664\netty-transport-native-unix-common-4.1.97.Final.jar to classpath.
[14:38:32] [main/DEBUG] (FabricLoader/Knot) Adding C:\Users\yirmi\.gradle\caches\modules-2\files-2.1\io.netty\netty-transport\4.1.97.Final\f37380d23c9bb079bc702910833b2fd532c9abd0\netty-transport-4.1.97.Final.jar to classpath.
[14:38:32] [main/DEBUG] (FabricLoader/Knot) Adding C:\Users\yirmi\.gradle\caches\modules-2\files-2.1\it.unimi.dsi\fastutil\8.5.12\c24946d46824bd528054bface3231d2ecb7e95e8\fastutil-8.5.12.jar to classpath.
[14:38:32] [main/DEBUG] (FabricLoader/Knot) Adding C:\Users\yirmi\.gradle\caches\modules-2\files-2.1\net.java.dev.jna\jna-platform\5.14.0\28934d48aed814f11e4c584da55c49fa7032b31b\jna-platform-5.14.0.jar to classpath.
[14:38:32] [main/DEBUG] (FabricLoader/Knot) Adding C:\Users\yirmi\.gradle\caches\modules-2\files-2.1\net.java.dev.jna\jna\5.14.0\67bf3eaea4f0718cb376a181a629e5f88fa1c9dd\jna-5.14.0.jar to classpath.
[14:38:32] [main/DEBUG] (FabricLoader/Knot) Adding C:\Users\yirmi\.gradle\caches\modules-2\files-2.1\net.sf.jopt-simple\jopt-simple\5.0.4\4fdac2fbe92dfad86aa6e9301736f6b4342a3f5c\jopt-simple-5.0.4.jar to classpath.
[14:38:32] [main/DEBUG] (FabricLoader/Knot) Adding C:\Users\yirmi\.gradle\caches\modules-2\files-2.1\org.apache.commons\commons-compress\1.26.0\659feffdd12280201c8aacb8f7be94f9a883c824\commons-compress-1.26.0.jar to classpath.
[14:38:32] [main/DEBUG] (FabricLoader/Knot) Adding C:\Users\yirmi\.gradle\caches\modules-2\files-2.1\org.apache.commons\commons-lang3\3.14.0\1ed471194b02f2c6cb734a0cd6f6f107c673afae\commons-lang3-3.14.0.jar to classpath.
[14:38:32] [main/DEBUG] (FabricLoader/Knot) Adding C:\Users\yirmi\.gradle\caches\modules-2\files-2.1\org.apache.httpcomponents\httpclient\4.5.13\e5f6cae5ca7ecaac1ec2827a9e2d65ae2869cada\httpclient-4.5.13.jar to classpath.
[14:38:32] [main/DEBUG] (FabricLoader/Knot) Adding C:\Users\yirmi\.gradle\caches\modules-2\files-2.1\org.apache.httpcomponents\httpcore\4.4.16\51cf043c87253c9f58b539c9f7e44c8894223850\httpcore-4.4.16.jar to classpath.
[14:38:32] [main/DEBUG] (FabricLoader/Knot) Adding C:\Users\yirmi\.gradle\caches\modules-2\files-2.1\org.jcraft\jorbis\0.0.17\8872d22b293e8f5d7d56ff92be966e6dc28ebdc6\jorbis-0.0.17.jar to classpath.
[14:38:32] [main/DEBUG] (FabricLoader/Knot) Adding C:\Users\yirmi\.gradle\caches\modules-2\files-2.1\org.joml\joml\1.10.5\22566d58af70ad3d72308bab63b8339906deb649\joml-1.10.5.jar to classpath.
[14:38:32] [main/DEBUG] (FabricLoader/Knot) Adding C:\Users\yirmi\.gradle\caches\modules-2\files-2.1\org.lwjgl\lwjgl-freetype\3.3.3\a0db6c84a8becc8ca05f9dbfa985edc348a824c7\lwjgl-freetype-3.3.3.jar to classpath.
[14:38:32] [main/DEBUG] (FabricLoader/Knot) Adding C:\Users\yirmi\.gradle\caches\modules-2\files-2.1\org.lwjgl\lwjgl-freetype\3.3.3\81091b006dbb43fab04c8c638e9ac87c51b4096d\lwjgl-freetype-3.3.3-natives-windows.jar to classpath.
[14:38:32] [main/DEBUG] (FabricLoader/Knot) Adding C:\Users\yirmi\.gradle\caches\modules-2\files-2.1\org.lwjgl\lwjgl-freetype\3.3.3\82028265a0a2ff33523ca75137ada7dc176e5210\lwjgl-freetype-3.3.3-natives-windows-arm64.jar to classpath.
[14:38:32] [main/DEBUG] (FabricLoader/Knot) Adding C:\Users\yirmi\.gradle\caches\modules-2\files-2.1\org.lwjgl\lwjgl-freetype\3.3.3\15a8c1de7f51d07a92eae7ce1222557073a0c0c3\lwjgl-freetype-3.3.3-natives-windows-x86.jar to classpath.
[14:38:32] [main/DEBUG] (FabricLoader/Knot) Adding C:\Users\yirmi\.gradle\caches\modules-2\files-2.1\org.lwjgl\lwjgl-glfw\3.3.3\efa1eb78c5ccd840e9f329717109b5e892d72f8e\lwjgl-glfw-3.3.3.jar to classpath.
[14:38:32] [main/DEBUG] (FabricLoader/Knot) Adding C:\Users\yirmi\.gradle\caches\modules-2\files-2.1\org.lwjgl\lwjgl-glfw\3.3.3\e449e28b4891fc423c54c85fbc5bb0b9efece67a\lwjgl-glfw-3.3.3-natives-windows.jar to classpath.
[14:38:32] [main/DEBUG] (FabricLoader/Knot) Adding C:\Users\yirmi\.gradle\caches\modules-2\files-2.1\org.lwjgl\lwjgl-glfw\3.3.3\f27018dc74f6289574502b46cce55d52817554e2\lwjgl-glfw-3.3.3-natives-windows-arm64.jar to classpath.
[14:38:32] [main/DEBUG] (FabricLoader/Knot) Adding C:\Users\yirmi\.gradle\caches\modules-2\files-2.1\org.lwjgl\lwjgl-glfw\3.3.3\32334f3fd5270a59bad9939a93115acb6de36dcf\lwjgl-glfw-3.3.3-natives-windows-x86.jar to classpath.
[14:38:32] [main/DEBUG] (FabricLoader/Knot) Adding C:\Users\yirmi\.gradle\caches\modules-2\files-2.1\org.lwjgl\lwjgl-jemalloc\3.3.3\b543467b7ff3c6920539a88ee602d34098628be5\lwjgl-jemalloc-3.3.3.jar to classpath.
[14:38:32] [main/DEBUG] (FabricLoader/Knot) Adding C:\Users\yirmi\.gradle\caches\modules-2\files-2.1\org.lwjgl\lwjgl-jemalloc\3.3.3\426222fc027602a5f21b9c0fe79cde6a4c7a011f\lwjgl-jemalloc-3.3.3-natives-windows.jar to classpath.
[14:38:32] [main/DEBUG] (FabricLoader/Knot) Adding C:\Users\yirmi\.gradle\caches\modules-2\files-2.1\org.lwjgl\lwjgl-jemalloc\3.3.3\ba1f3fed0ee4be0217eaa41c5bbfb4b9b1383c33\lwjgl-jemalloc-3.3.3-natives-windows-arm64.jar to classpath.
[14:38:32] [main/DEBUG] (FabricLoader/Knot) Adding C:\Users\yirmi\.gradle\caches\modules-2\files-2.1\org.lwjgl\lwjgl-jemalloc\3.3.3\f6063b6e0f23be483c5c88d84ce51b39dc69126c\lwjgl-jemalloc-3.3.3-natives-windows-x86.jar to classpath.
[14:38:32] [main/DEBUG] (FabricLoader/Knot) Adding C:\Users\yirmi\.gradle\caches\modules-2\files-2.1\org.lwjgl\lwjgl-openal\3.3.3\daada81ceb5fc0c291fbfdd4433cb8d9423577f2\lwjgl-openal-3.3.3.jar to classpath.
[14:38:32] [main/DEBUG] (FabricLoader/Knot) Adding C:\Users\yirmi\.gradle\caches\modules-2\files-2.1\org.lwjgl\lwjgl-openal\3.3.3\cf83862ae95d98496b26915024c7e666d8ab1c8f\lwjgl-openal-3.3.3-natives-windows.jar to classpath.
[14:38:32] [main/DEBUG] (FabricLoader/Knot) Adding C:\Users\yirmi\.gradle\caches\modules-2\files-2.1\org.lwjgl\lwjgl-openal\3.3.3\8e0615235116b9e4160dfe87bec90f5f6378bf72\lwjgl-openal-3.3.3-natives-windows-arm64.jar to classpath.
[14:38:32] [main/DEBUG] (FabricLoader/Knot) Adding C:\Users\yirmi\.gradle\caches\modules-2\files-2.1\org.lwjgl\lwjgl-openal\3.3.3\87b8d5050e3adb46bb58fe1cb2669a4a48fce10d\lwjgl-openal-3.3.3-natives-windows-x86.jar to classpath.
[14:38:32] [main/DEBUG] (FabricLoader/Knot) Adding C:\Users\yirmi\.gradle\caches\modules-2\files-2.1\org.lwjgl\lwjgl-opengl\3.3.3\2f6b0147078396a58979125a4c947664e98293a\lwjgl-opengl-3.3.3.jar to classpath.
[14:38:32] [main/DEBUG] (FabricLoader/Knot) Adding C:\Users\yirmi\.gradle\caches\modules-2\files-2.1\org.lwjgl\lwjgl-opengl\3.3.3\e6c1eec8be8a71951b830a4d69efc01c6531900c\lwjgl-opengl-3.3.3-natives-windows.jar to classpath.
[14:38:32] [main/DEBUG] (FabricLoader/Knot) Adding C:\Users\yirmi\.gradle\caches\modules-2\files-2.1\org.lwjgl\lwjgl-opengl\3.3.3\65e956d3735a1abdc82eff4baec1b61174697d4b\lwjgl-opengl-3.3.3-natives-windows-arm64.jar to classpath.
[14:38:32] [main/DEBUG] (FabricLoader/Knot) Adding C:\Users\yirmi\.gradle\caches\modules-2\files-2.1\org.lwjgl\lwjgl-opengl\3.3.3\d32d833dcaa2f355a886eaf21f0408b5f03241d\lwjgl-opengl-3.3.3-natives-windows-x86.jar to classpath.
[14:38:32] [main/DEBUG] (FabricLoader/Knot) Adding C:\Users\yirmi\.gradle\caches\modules-2\files-2.1\org.lwjgl\lwjgl-stb\3.3.3\25dd6161988d7e65f71d5065c99902402ee32746\lwjgl-stb-3.3.3.jar to classpath.
[14:38:32] [main/DEBUG] (FabricLoader/Knot) Adding C:\Users\yirmi\.gradle\caches\modules-2\files-2.1\org.lwjgl\lwjgl-stb\3.3.3\1d9facdf6541de114b0f963be33505b7679c78cb\lwjgl-stb-3.3.3-natives-windows.jar to classpath.
[14:38:32] [main/DEBUG] (FabricLoader/Knot) Adding C:\Users\yirmi\.gradle\caches\modules-2\files-2.1\org.lwjgl\lwjgl-stb\3.3.3\a584ab44de569708871f0a79561f4d8c37487f2c\lwjgl-stb-3.3.3-natives-windows-arm64.jar to classpath.
[14:38:32] [main/DEBUG] (FabricLoader/Knot) Adding C:\Users\yirmi\.gradle\caches\modules-2\files-2.1\org.lwjgl\lwjgl-stb\3.3.3\b5c874687b9aac1a936501d4ed2c49567fd1b575\lwjgl-stb-3.3.3-natives-windows-x86.jar to classpath.
[14:38:32] [main/DEBUG] (FabricLoader/Knot) Adding C:\Users\yirmi\.gradle\caches\modules-2\files-2.1\org.lwjgl\lwjgl-tinyfd\3.3.3\82d755ca94b102e9ca77283b9e2dc46d1b15fbe5\lwjgl-tinyfd-3.3.3.jar to classpath.
[14:38:32] [main/DEBUG] (FabricLoader/Knot) Adding C:\Users\yirmi\.gradle\caches\modules-2\files-2.1\org.lwjgl\lwjgl-tinyfd\3.3.3\a6697981b0449a5087c1d546fc08b4f73e8f98c9\lwjgl-tinyfd-3.3.3-natives-windows.jar to classpath.
[14:38:32] [main/DEBUG] (FabricLoader/Knot) Adding C:\Users\yirmi\.gradle\caches\modules-2\files-2.1\org.lwjgl\lwjgl-tinyfd\3.3.3\a88c494f3006eb91a7433b12a3a55a9a6c20788b\lwjgl-tinyfd-3.3.3-natives-windows-arm64.jar to classpath.
[14:38:32] [main/DEBUG] (FabricLoader/Knot) Adding C:\Users\yirmi\.gradle\caches\modules-2\files-2.1\org.lwjgl\lwjgl-tinyfd\3.3.3\c336c84ee88cccb495c6ffa112395509e7378e8a\lwjgl-tinyfd-3.3.3-natives-windows-x86.jar to classpath.
[14:38:32] [main/DEBUG] (FabricLoader/Knot) Adding C:\Users\yirmi\.gradle\caches\modules-2\files-2.1\org.lwjgl\lwjgl\3.3.3\29589b5f87ed335a6c7e7ee6a5775f81f97ecb84\lwjgl-3.3.3.jar to classpath.
[14:38:32] [main/DEBUG] (FabricLoader/Knot) Adding C:\Users\yirmi\.gradle\caches\modules-2\files-2.1\org.lwjgl\lwjgl\3.3.3\a5ed18a2b82fc91b81f40d717cb1f64c9dcb0540\lwjgl-3.3.3-natives-windows.jar to classpath.
[14:38:32] [main/DEBUG] (FabricLoader/Knot) Adding C:\Users\yirmi\.gradle\caches\modules-2\files-2.1\org.lwjgl\lwjgl\3.3.3\e9aca8c5479b520a2a7f0d542a118140e812c5e8\lwjgl-3.3.3-natives-windows-arm64.jar to classpath.
[14:38:32] [main/DEBUG] (FabricLoader/Knot) Adding C:\Users\yirmi\.gradle\caches\modules-2\files-2.1\org.lwjgl\lwjgl\3.3.3\9e670718e050aeaeea0c2d5b907cffb142f2e58f\lwjgl-3.3.3-natives-windows-x86.jar to classpath.
[14:38:32] [main/DEBUG] (FabricLoader/Knot) Adding C:\Users\yirmi\.gradle\caches\modules-2\files-2.1\org.lz4\lz4-java\1.8.0\4b986a99445e49ea5fbf5d149c4b63f6ed6c6780\lz4-java-1.8.0.jar to classpath.
[14:38:32] [main/DEBUG] (FabricLoader/Knot) Adding C:\Users\yirmi\.gradle\caches\modules-2\files-2.1\io.netty\netty-transport-native-epoll\4.1.97.Final\54188f271e388e7f313aea995e82f58ce2cdb809\netty-transport-native-epoll-4.1.97.Final-linux-x86_64.jar to classpath.
[14:38:32] [main/DEBUG] (FabricLoader/Knot) Adding C:\Users\yirmi\.gradle\caches\modules-2\files-2.1\io.netty\netty-transport-native-epoll\4.1.97.Final\5514744c588190ffda076b35a9b8c9f24946a960\netty-transport-native-epoll-4.1.97.Final-linux-aarch_64.jar to classpath.
[14:38:32] [main/DEBUG] (FabricLoader/Knot) Adding C:\Users\yirmi\Music\Important\modding\Yapping-Tooltips\.gradle\loom-cache\remapped_mods\loom_mappings_1_21_layered_hash_1010942874_v2\net\fabricmc\fabric-api\fabric-api\0.100.1+1.21\fabric-api-0.100.1+1.21.jar to classpath.
[14:38:32] [main/DEBUG] (FabricLoader/Knot) Adding C:\Users\yirmi\Music\Important\modding\Yapping-Tooltips\.gradle\loom-cache\remapped_mods\loom_mappings_1_21_layered_hash_1010942874_v2\net\fabricmc\fabric-api\fabric-transfer-api-v1\5.1.12+b559734490\fabric-transfer-api-v1-5.1.12+b559734490.jar to classpath.
[14:38:32] [main/DEBUG] (FabricLoader/Knot) Adding C:\Users\yirmi\Music\Important\modding\Yapping-Tooltips\.gradle\loom-cache\remapped_mods\loom_mappings_1_21_layered_hash_1010942874_v2\net\fabricmc\fabric-api\fabric-api-lookup-api-v1\1.6.65+b559734490\fabric-api-lookup-api-v1-1.6.65+b559734490.jar to classpath.
[14:38:32] [main/DEBUG] (FabricLoader/Knot) Adding C:\Users\yirmi\Music\Important\modding\Yapping-Tooltips\.gradle\loom-cache\remapped_mods\loom_mappings_1_21_layered_hash_1010942874_v2\net\fabricmc\fabric-api\fabric-blockrenderlayer-v1\1.1.52+0af3f5a790\fabric-blockrenderlayer-v1-1.1.52+0af3f5a790.jar to classpath.
[14:38:32] [main/DEBUG] (FabricLoader/Knot) Adding C:\Users\yirmi\Music\Important\modding\Yapping-Tooltips\.gradle\loom-cache\remapped_mods\loom_mappings_1_21_layered_hash_1010942874_v2\net\fabricmc\fabric-api\fabric-client-tags-api-v1\1.1.15+6573ed8c90\fabric-client-tags-api-v1-1.1.15+6573ed8c90.jar to classpath.
[14:38:32] [main/DEBUG] (FabricLoader/Knot) Adding C:\Users\yirmi\Music\Important\modding\Yapping-Tooltips\.gradle\loom-cache\remapped_mods\loom_mappings_1_21_layered_hash_1010942874_v2\net\fabricmc\fabric-api\fabric-command-api-v1\1.2.48+f71b366f90\fabric-command-api-v1-1.2.48+f71b366f90.jar to classpath.
[14:38:32] [main/DEBUG] (FabricLoader/Knot) Adding C:\Users\yirmi\Music\Important\modding\Yapping-Tooltips\.gradle\loom-cache\remapped_mods\loom_mappings_1_21_layered_hash_1010942874_v2\net\fabricmc\fabric-api\fabric-commands-v0\0.2.65+df3654b390\fabric-commands-v0-0.2.65+df3654b390.jar to classpath.
[14:38:32] [main/DEBUG] (FabricLoader/Knot) Adding C:\Users\yirmi\Music\Important\modding\Yapping-Tooltips\.gradle\loom-cache\remapped_mods\loom_mappings_1_21_layered_hash_1010942874_v2\net\fabricmc\fabric-api\fabric-command-api-v2\2.2.27+6a6dfa1990\fabric-command-api-v2-2.2.27+6a6dfa1990.jar to classpath.
[14:38:32] [main/DEBUG] (FabricLoader/Knot) Adding C:\Users\yirmi\Music\Important\modding\Yapping-Tooltips\.gradle\loom-cache\remapped_mods\loom_mappings_1_21_layered_hash_1010942874_v2\net\fabricmc\fabric-api\fabric-content-registries-v0\8.0.11+b559734490\fabric-content-registries-v0-8.0.11+b559734490.jar to classpath.
[14:38:32] [main/DEBUG] (FabricLoader/Knot) Adding C:\Users\yirmi\Music\Important\modding\Yapping-Tooltips\.gradle\loom-cache\remapped_mods\loom_mappings_1_21_layered_hash_1010942874_v2\net\fabricmc\fabric-api\fabric-data-generation-api-v1\20.2.6+16c4ae2590\fabric-data-generation-api-v1-20.2.6+16c4ae2590.jar to classpath.
[14:38:32] [main/DEBUG] (FabricLoader/Knot) Adding C:\Users\yirmi\Music\Important\modding\Yapping-Tooltips\.gradle\loom-cache\remapped_mods\loom_mappings_1_21_layered_hash_1010942874_v2\net\fabricmc\fabric-api\fabric-convention-tags-v1\2.0.12+7f945d5b90\fabric-convention-tags-v1-2.0.12+7f945d5b90.jar to classpath.
[14:38:32] [main/DEBUG] (FabricLoader/Knot) Adding C:\Users\yirmi\Music\Important\modding\Yapping-Tooltips\.gradle\loom-cache\remapped_mods\loom_mappings_1_21_layered_hash_1010942874_v2\net\fabricmc\fabric-api\fabric-convention-tags-v2\2.2.1+d153f34490\fabric-convention-tags-v2-2.2.1+d153f34490.jar to classpath.
[14:38:32] [main/DEBUG] (FabricLoader/Knot) Adding C:\Users\yirmi\Music\Important\modding\Yapping-Tooltips\.gradle\loom-cache\remapped_mods\loom_mappings_1_21_layered_hash_1010942874_v2\net\fabricmc\fabric-api\fabric-data-attachment-api-v1\1.1.22+6a6dfa1990\fabric-data-attachment-api-v1-1.1.22+6a6dfa1990.jar to classpath.
[14:38:32] [main/DEBUG] (FabricLoader/Knot) Adding C:\Users\yirmi\Music\Important\modding\Yapping-Tooltips\.gradle\loom-cache\remapped_mods\loom_mappings_1_21_layered_hash_1010942874_v2\net\fabricmc\fabric-api\fabric-entity-events-v1\1.6.12+6fc22b9990\fabric-entity-events-v1-1.6.12+6fc22b9990.jar to classpath.
[14:38:32] [main/DEBUG] (FabricLoader/Knot) Adding C:\Users\yirmi\Music\Important\modding\Yapping-Tooltips\.gradle\loom-cache\remapped_mods\loom_mappings_1_21_layered_hash_1010942874_v2\net\fabricmc\fabric-api\fabric-events-interaction-v0\0.7.10+e633f88390\fabric-events-interaction-v0-0.7.10+e633f88390.jar to classpath.
[14:38:32] [main/DEBUG] (FabricLoader/Knot) Adding C:\Users\yirmi\Music\Important\modding\Yapping-Tooltips\.gradle\loom-cache\remapped_mods\loom_mappings_1_21_layered_hash_1010942874_v2\net\fabricmc\fabric-api\fabric-gametest-api-v1\2.0.0+6fc22b9990\fabric-gametest-api-v1-2.0.0+6fc22b9990.jar to classpath.
[14:38:32] [main/DEBUG] (FabricLoader/Knot) Adding C:\Users\yirmi\Music\Important\modding\Yapping-Tooltips\.gradle\loom-cache\remapped_mods\loom_mappings_1_21_layered_hash_1010942874_v2\net\fabricmc\fabric-api\fabric-item-api-v1\11.0.0+afdfc92190\fabric-item-api-v1-11.0.0+afdfc92190.jar to classpath.
[14:38:32] [main/DEBUG] (FabricLoader/Knot) Adding C:\Users\yirmi\Music\Important\modding\Yapping-Tooltips\.gradle\loom-cache\remapped_mods\loom_mappings_1_21_layered_hash_1010942874_v2\net\fabricmc\fabric-api\fabric-item-group-api-v1\4.1.0+00ab0a6390\fabric-item-group-api-v1-4.1.0+00ab0a6390.jar to classpath.
[14:38:32] [main/DEBUG] (FabricLoader/Knot) Adding C:\Users\yirmi\Music\Important\modding\Yapping-Tooltips\.gradle\loom-cache\remapped_mods\loom_mappings_1_21_layered_hash_1010942874_v2\net\fabricmc\fabric-api\fabric-lifecycle-events-v1\2.3.9+98a7dbbb90\fabric-lifecycle-events-v1-2.3.9+98a7dbbb90.jar to classpath.
[14:38:32] [main/DEBUG] (FabricLoader/Knot) Adding C:\Users\yirmi\Music\Important\modding\Yapping-Tooltips\.gradle\loom-cache\remapped_mods\loom_mappings_1_21_layered_hash_1010942874_v2\net\fabricmc\fabric-api\fabric-loot-api-v2\3.0.9+6573ed8c90\fabric-loot-api-v2-3.0.9+6573ed8c90.jar to classpath.
[14:38:32] [main/DEBUG] (FabricLoader/Knot) Adding C:\Users\yirmi\Music\Important\modding\Yapping-Tooltips\.gradle\loom-cache\remapped_mods\loom_mappings_1_21_layered_hash_1010942874_v2\net\fabricmc\fabric-api\fabric-message-api-v1\6.0.13+6573ed8c90\fabric-message-api-v1-6.0.13+6573ed8c90.jar to classpath.
[14:38:32] [main/DEBUG] (FabricLoader/Knot) Adding C:\Users\yirmi\Music\Important\modding\Yapping-Tooltips\.gradle\loom-cache\remapped_mods\loom_mappings_1_21_layered_hash_1010942874_v2\net\fabricmc\fabric-api\fabric-model-loading-api-v1\2.0.0+fe474d6b90\fabric-model-loading-api-v1-2.0.0+fe474d6b90.jar to classpath.
[14:38:32] [main/DEBUG] (FabricLoader/Knot) Adding C:\Users\yirmi\Music\Important\modding\Yapping-Tooltips\.gradle\loom-cache\remapped_mods\loom_mappings_1_21_layered_hash_1010942874_v2\net\fabricmc\fabric-api\fabric-recipe-api-v1\5.0.8+6573ed8c90\fabric-recipe-api-v1-5.0.8+6573ed8c90.jar to classpath.
[14:38:32] [main/DEBUG] (FabricLoader/Knot) Adding C:\Users\yirmi\Music\Important\modding\Yapping-Tooltips\.gradle\loom-cache\remapped_mods\loom_mappings_1_21_layered_hash_1010942874_v2\net\fabricmc\fabric-api\fabric-screen-handler-api-v1\1.3.78+b559734490\fabric-screen-handler-api-v1-1.3.78+b559734490.jar to classpath.
[14:38:32] [main/DEBUG] (FabricLoader/Knot) Adding C:\Users\yirmi\Music\Important\modding\Yapping-Tooltips\.gradle\loom-cache\remapped_mods\loom_mappings_1_21_layered_hash_1010942874_v2\net\fabricmc\fabric-api\fabric-registry-sync-v0\5.0.21+b9828ba390\fabric-registry-sync-v0-5.0.21+b9828ba390.jar to classpath.
[14:38:32] [main/DEBUG] (FabricLoader/Knot) Adding C:\Users\yirmi\Music\Important\modding\Yapping-Tooltips\.gradle\loom-cache\remapped_mods\loom_mappings_1_21_layered_hash_1010942874_v2\net\fabricmc\fabric-api\fabric-networking-api-v1\4.1.0+686dcdce90\fabric-networking-api-v1-4.1.0+686dcdce90.jar to classpath.
[14:38:32] [main/DEBUG] (FabricLoader/Knot) Adding C:\Users\yirmi\Music\Important\modding\Yapping-Tooltips\.gradle\loom-cache\remapped_mods\loom_mappings_1_21_layered_hash_1010942874_v2\net\fabricmc\fabric-api\fabric-object-builder-api-v1\15.1.10+d132107690\fabric-object-builder-api-v1-15.1.10+d132107690.jar to classpath.
[14:38:32] [main/DEBUG] (FabricLoader/Knot) Adding C:\Users\yirmi\Music\Important\modding\Yapping-Tooltips\.gradle\loom-cache\remapped_mods\loom_mappings_1_21_layered_hash_1010942874_v2\net\fabricmc\fabric-api\fabric-particles-v1\4.0.2+6573ed8c90\fabric-particles-v1-4.0.2+6573ed8c90.jar to classpath.
[14:38:32] [main/DEBUG] (FabricLoader/Knot) Adding C:\Users\yirmi\Music\Important\modding\Yapping-Tooltips\.gradle\loom-cache\remapped_mods\loom_mappings_1_21_layered_hash_1010942874_v2\net\fabricmc\fabric-api\fabric-renderer-indigo\1.6.3+cc9f121a90\fabric-renderer-indigo-1.6.3+cc9f121a90.jar to classpath.
[14:38:32] [main/DEBUG] (FabricLoader/Knot) Adding C:\Users\yirmi\Music\Important\modding\Yapping-Tooltips\.gradle\loom-cache\remapped_mods\loom_mappings_1_21_layered_hash_1010942874_v2\net\fabricmc\fabric-api\fabric-renderer-api-v1\3.2.16+fe474d6b90\fabric-renderer-api-v1-3.2.16+fe474d6b90.jar to classpath.
[14:38:32] [main/DEBUG] (FabricLoader/Knot) Adding C:\Users\yirmi\Music\Important\modding\Yapping-Tooltips\.gradle\loom-cache\remapped_mods\loom_mappings_1_21_layered_hash_1010942874_v2\net\fabricmc\fabric-api\fabric-rendering-fluids-v1\3.1.6+b559734490\fabric-rendering-fluids-v1-3.1.6+b559734490.jar to classpath.
[14:38:32] [main/DEBUG] (FabricLoader/Knot) Adding C:\Users\yirmi\Music\Important\modding\Yapping-Tooltips\.gradle\loom-cache\remapped_mods\loom_mappings_1_21_layered_hash_1010942874_v2\net\fabricmc\fabric-api\fabric-renderer-registries-v1\3.2.66+df3654b390\fabric-renderer-registries-v1-3.2.66+df3654b390.jar to classpath.
[14:38:32] [main/DEBUG] (FabricLoader/Knot) Adding C:\Users\yirmi\Music\Important\modding\Yapping-Tooltips\.gradle\loom-cache\remapped_mods\loom_mappings_1_21_layered_hash_1010942874_v2\net\fabricmc\fabric-api\fabric-rendering-v0\1.1.69+df3654b390\fabric-rendering-v0-1.1.69+df3654b390.jar to classpath.
[14:38:32] [main/DEBUG] (FabricLoader/Knot) Adding C:\Users\yirmi\Music\Important\modding\Yapping-Tooltips\.gradle\loom-cache\remapped_mods\loom_mappings_1_21_layered_hash_1010942874_v2\net\fabricmc\fabric-api\fabric-rendering-v1\5.0.3+d132107690\fabric-rendering-v1-5.0.3+d132107690.jar to classpath.
[14:38:32] [main/DEBUG] (FabricLoader/Knot) Adding C:\Users\yirmi\Music\Important\modding\Yapping-Tooltips\.gradle\loom-cache\remapped_mods\loom_mappings_1_21_layered_hash_1010942874_v2\net\fabricmc\fabric-api\fabric-screen-api-v1\2.0.24+b559734490\fabric-screen-api-v1-2.0.24+b559734490.jar to classpath.
[14:38:32] [main/DEBUG] (FabricLoader/Knot) Adding C:\Users\yirmi\Music\Important\modding\Yapping-Tooltips\.gradle\loom-cache\remapped_mods\loom_mappings_1_21_layered_hash_1010942874_v2\net\fabricmc\fabric-api\fabric-api-base\0.4.42+6573ed8c90\fabric-api-base-0.4.42+6573ed8c90.jar to classpath.
[14:38:32] [main/DEBUG] (FabricLoader/Knot) Adding C:\Users\yirmi\Music\Important\modding\Yapping-Tooltips\.gradle\loom-cache\remapped_mods\loom_mappings_1_21_layered_hash_1010942874_v2\net\fabricmc\fabric-api\fabric-biome-api-v1\13.0.28+6fc22b9990\fabric-biome-api-v1-13.0.28+6fc22b9990.jar to classpath.
[14:38:32] [main/DEBUG] (FabricLoader/Knot) Adding C:\Users\yirmi\Music\Important\modding\Yapping-Tooltips\.gradle\loom-cache\remapped_mods\loom_mappings_1_21_layered_hash_1010942874_v2\net\fabricmc\fabric-api\fabric-block-api-v1\1.0.22+0af3f5a790\fabric-block-api-v1-1.0.22+0af3f5a790.jar to classpath.
[14:38:32] [main/DEBUG] (FabricLoader/Knot) Adding C:\Users\yirmi\Music\Important\modding\Yapping-Tooltips\.gradle\loom-cache\remapped_mods\loom_mappings_1_21_layered_hash_1010942874_v2\net\fabricmc\fabric-api\fabric-rendering-data-attachment-v1\0.3.48+73761d2e90\fabric-rendering-data-attachment-v1-0.3.48+73761d2e90.jar to classpath.
[14:38:32] [main/DEBUG] (FabricLoader/Knot) Adding C:\Users\yirmi\Music\Important\modding\Yapping-Tooltips\.gradle\loom-cache\remapped_mods\loom_mappings_1_21_layered_hash_1010942874_v2\net\fabricmc\fabric-api\fabric-block-view-api-v2\1.0.10+6573ed8c90\fabric-block-view-api-v2-1.0.10+6573ed8c90.jar to classpath.
[14:38:32] [main/DEBUG] (FabricLoader/Knot) Adding C:\Users\yirmi\Music\Important\modding\Yapping-Tooltips\.gradle\loom-cache\remapped_mods\loom_mappings_1_21_layered_hash_1010942874_v2\net\fabricmc\fabric-api\fabric-crash-report-info-v1\0.2.29+0af3f5a790\fabric-crash-report-info-v1-0.2.29+0af3f5a790.jar to classpath.
[14:38:32] [main/DEBUG] (FabricLoader/Knot) Adding C:\Users\yirmi\Music\Important\modding\Yapping-Tooltips\.gradle\loom-cache\remapped_mods\loom_mappings_1_21_layered_hash_1010942874_v2\net\fabricmc\fabric-api\fabric-dimensions-v1\4.0.0+6fc22b9990\fabric-dimensions-v1-4.0.0+6fc22b9990.jar to classpath.
[14:38:32] [main/DEBUG] (FabricLoader/Knot) Adding C:\Users\yirmi\Music\Important\modding\Yapping-Tooltips\.gradle\loom-cache\remapped_mods\loom_mappings_1_21_layered_hash_1010942874_v2\net\fabricmc\fabric-api\fabric-game-rule-api-v1\1.0.52+6573ed8c90\fabric-game-rule-api-v1-1.0.52+6573ed8c90.jar to classpath.
[14:38:32] [main/DEBUG] (FabricLoader/Knot) Adding C:\Users\yirmi\Music\Important\modding\Yapping-Tooltips\.gradle\loom-cache\remapped_mods\loom_mappings_1_21_layered_hash_1010942874_v2\net\fabricmc\fabric-api\fabric-keybindings-v0\0.2.45+df3654b390\fabric-keybindings-v0-0.2.45+df3654b390.jar to classpath.
[14:38:32] [main/DEBUG] (FabricLoader/Knot) Adding C:\Users\yirmi\Music\Important\modding\Yapping-Tooltips\.gradle\loom-cache\remapped_mods\loom_mappings_1_21_layered_hash_1010942874_v2\net\fabricmc\fabric-api\fabric-key-binding-api-v1\1.0.47+0af3f5a790\fabric-key-binding-api-v1-1.0.47+0af3f5a790.jar to classpath.
[14:38:32] [main/DEBUG] (FabricLoader/Knot) Adding C:\Users\yirmi\Music\Important\modding\Yapping-Tooltips\.gradle\loom-cache\remapped_mods\loom_mappings_1_21_layered_hash_1010942874_v2\net\fabricmc\fabric-api\fabric-resource-conditions-api-v1\4.2.1+d153f34490\fabric-resource-conditions-api-v1-4.2.1+d153f34490.jar to classpath.
[14:38:32] [main/DEBUG] (FabricLoader/Knot) Adding C:\Users\yirmi\Music\Important\modding\Yapping-Tooltips\.gradle\loom-cache\remapped_mods\loom_mappings_1_21_layered_hash_1010942874_v2\net\fabricmc\fabric-api\fabric-resource-loader-v0\1.1.3+b559734490\fabric-resource-loader-v0-1.1.3+b559734490.jar to classpath.
[14:38:32] [main/DEBUG] (FabricLoader/Knot) Adding C:\Users\yirmi\Music\Important\modding\Yapping-Tooltips\.gradle\loom-cache\remapped_mods\loom_mappings_1_21_layered_hash_1010942874_v2\net\fabricmc\fabric-api\fabric-sound-api-v1\1.0.23+6573ed8c90\fabric-sound-api-v1-1.0.23+6573ed8c90.jar to classpath.
[14:38:32] [main/DEBUG] (FabricLoader/Knot) Adding C:\Users\yirmi\Music\Important\modding\Yapping-Tooltips\.gradle\loom-cache\remapped_mods\loom_mappings_1_21_layered_hash_1010942874_v2\net\fabricmc\fabric-api\fabric-transitive-access-wideners-v1\6.0.12+6573ed8c90\fabric-transitive-access-wideners-v1-6.0.12+6573ed8c90.jar to classpath.
[14:38:32] [main/DEBUG] (FabricLoader/Knot) Adding C:\Users\yirmi\.gradle\caches\modules-2\files-2.1\org.jline\jline-reader\3.20.0\8f15415b022a25b473e8e16c28ae913186ffb9c4\jline-reader-3.20.0.jar to classpath.
[14:38:32] [main/DEBUG] (FabricLoader/Knot) Adding C:\Users\yirmi\.gradle\caches\modules-2\files-2.1\org.jline\jline-terminal\3.20.0\d0ddcc708ddf527a3454c941b7b9225cc83a15ff\jline-terminal-3.20.0.jar to classpath.
[14:38:32] [main/DEBUG] (FabricLoader/Entrypoint) No subscribers for entrypoint 'preLaunch'
[14:38:32] [main/DEBUG] (FabricLoader/Mixin) Preparing mixins for MixinEnvironment[DEFAULT]
[14:38:32] [main/DEBUG] (FabricLoader/Mixin) Selecting config fabric-object-builder-v1.mixins.json
[14:38:32] [main/DEBUG] (FabricLoader/Mixin) Remapping refMap fabric-object-builder-api-v1-refmap.json using remapper chain
[14:38:32] [main/DEBUG] (FabricLoader/Mixin) Selecting config fabric-object-builder-v1.client.mixins.json
[14:38:32] [main/DEBUG] (FabricLoader/Mixin) Remapping refMap client-fabric-object-builder-api-v1-refmap.json using remapper chain
[14:38:32] [main/DEBUG] (FabricLoader/Mixin) Selecting config fabric-rendering-v1.mixins.json
[14:38:32] [main/DEBUG] (FabricLoader/Mixin) Remapping refMap client-fabric-rendering-v1-refmap.json using remapper chain
[14:38:32] [main/DEBUG] (FabricLoader/Mixin) Selecting config fabric-registry-sync-v0.mixins.json
[14:38:32] [main/DEBUG] (FabricLoader/Mixin) Remapping refMap fabric-registry-sync-v0-refmap.json using remapper chain
[14:38:32] [main/DEBUG] (FabricLoader/Mixin) Selecting config fabric-registry-sync-v0.client.mixins.json
[14:38:32] [main/DEBUG] (FabricLoader/Mixin) Remapping refMap client-fabric-registry-sync-v0-refmap.json using remapper chain
[14:38:32] [main/DEBUG] (FabricLoader/Mixin) Selecting config fabric-sound-api-v1.mixins.json
[14:38:32] [main/DEBUG] (FabricLoader/Mixin) Remapping refMap client-fabric-sound-api-v1-refmap.json using remapper chain
[14:38:32] [main/DEBUG] (FabricLoader/Mixin) Selecting config fabric-crash-report-info-v1.mixins.json
[14:38:32] [main/DEBUG] (FabricLoader/Mixin) Remapping refMap fabric-crash-report-info-v1-refmap.json using remapper chain
[14:38:32] [main/DEBUG] (FabricLoader/Mixin) Selecting config fabric-renderer-api-v1.mixins.json
[14:38:32] [main/DEBUG] (FabricLoader/Mixin) Remapping refMap client-fabric-renderer-api-v1-refmap.json using remapper chain
[14:38:32] [main/DEBUG] (FabricLoader/Mixin) Selecting config fabric-renderer-api-v1.debughud.mixins.json
[14:38:32] [main/DEBUG] (FabricLoader/Mixin) Remapping refMap client-fabric-renderer-api-v1-refmap.json using remapper chain
[14:38:32] [main/DEBUG] (FabricLoader/Mixin) Selecting config fabric-command-api-v2.mixins.json
[14:38:32] [main/DEBUG] (FabricLoader/Mixin) Remapping refMap fabric-command-api-v2-refmap.json using remapper chain
[14:38:32] [main/DEBUG] (FabricLoader/Mixin) Selecting config fabric-command-api-v2.client.mixins.json
[14:38:32] [main/DEBUG] (FabricLoader/Mixin) Remapping refMap client-fabric-command-api-v2-refmap.json using remapper chain
[14:38:32] [main/DEBUG] (FabricLoader/Mixin) Selecting config fabric-particles-v1.client.mixins.json
[14:38:32] [main/DEBUG] (FabricLoader/Mixin) Remapping refMap client-fabric-particles-v1-refmap.json using remapper chain
[14:38:32] [main/DEBUG] (FabricLoader/Mixin) Selecting config fabric-model-loading-api-v1.mixins.json
[14:38:32] [main/DEBUG] (FabricLoader/Mixin) Remapping refMap client-fabric-model-loading-api-v1-refmap.json using remapper chain
[14:38:32] [main/DEBUG] (FabricLoader/Mixin) Selecting config fabric-block-api-v1.mixins.json
[14:38:32] [main/DEBUG] (FabricLoader/Mixin) Remapping refMap fabric-block-api-v1-refmap.json using remapper chain
[14:38:32] [main/DEBUG] (FabricLoader/Mixin) Selecting config fabric-block-view-api-v2.mixins.json
[14:38:32] [main/DEBUG] (FabricLoader/Mixin) Remapping refMap fabric-block-view-api-v2-refmap.json using remapper chain
[14:38:32] [main/DEBUG] (FabricLoader/Mixin) Selecting config fabric-block-view-api-v2.client.mixins.json
[14:38:32] [main/DEBUG] (FabricLoader/Mixin) Remapping refMap client-fabric-block-view-api-v2-refmap.json using remapper chain
[14:38:32] [main/DEBUG] (FabricLoader/Mixin) Selecting config fabric-item-group-api-v1.mixins.json
[14:38:32] [main/DEBUG] (FabricLoader/Mixin) Remapping refMap fabric-item-group-api-v1-refmap.json using remapper chain
[14:38:32] [main/DEBUG] (FabricLoader/Mixin) Selecting config fabric-item-group-api-v1.client.mixins.json
[14:38:32] [main/DEBUG] (FabricLoader/Mixin) Remapping refMap client-fabric-item-group-api-v1-refmap.json using remapper chain
[14:38:32] [main/DEBUG] (FabricLoader/Mixin) Selecting config fabric-entity-events-v1.mixins.json
[14:38:32] [main/DEBUG] (FabricLoader/Mixin) Remapping refMap fabric-entity-events-v1-refmap.json using remapper chain
[14:38:32] [main/DEBUG] (FabricLoader/Mixin) Selecting config fabric-entity-events-v1.client.mixins.json
[14:38:32] [main/DEBUG] (FabricLoader/Mixin) Remapping refMap client-fabric-entity-events-v1-refmap.json using remapper chain
[14:38:32] [main/DEBUG] (FabricLoader/Mixin) Selecting config fabric-gametest-api-v1.mixins.json
[14:38:32] [main/DEBUG] (FabricLoader/Mixin) Remapping refMap fabric-gametest-api-v1-refmap.json using remapper chain
[14:38:32] [main/DEBUG] (FabricLoader/Mixin) Selecting config fabric-resource-conditions-api-v1.mixins.json
[14:38:32] [main/DEBUG] (FabricLoader/Mixin) Remapping refMap fabric-resource-conditions-api-v1-refmap.json using remapper chain
[14:38:32] [main/DEBUG] (FabricLoader/Mixin) Selecting config mixinextras.init.mixins.json
[14:38:32] [main/DEBUG] (FabricLoader/MixinExtras|Service) com.llamalad7.mixinextras.service.MixinExtrasServiceImpl(version=0.3.5) is taking over from null
[14:38:32] [main/DEBUG] (FabricLoader/Mixin) Registering new injector for @Inject with org.spongepowered.asm.mixin.injection.struct.CallbackInjectionInfo
[14:38:32] [main/DEBUG] (FabricLoader/Mixin) Registering new injector for @ModifyArg with org.spongepowered.asm.mixin.injection.struct.ModifyArgInjectionInfo
[14:38:32] [main/DEBUG] (FabricLoader/Mixin) Registering new injector for @ModifyArgs with org.spongepowered.asm.mixin.injection.struct.ModifyArgsInjectionInfo
[14:38:32] [main/DEBUG] (FabricLoader/Mixin) Registering new injector for @Redirect with org.spongepowered.asm.mixin.injection.struct.RedirectInjectionInfo
[14:38:32] [main/DEBUG] (FabricLoader/Mixin) Registering new injector for @ModifyVariable with org.spongepowered.asm.mixin.injection.struct.ModifyVariableInjectionInfo
[14:38:32] [main/DEBUG] (FabricLoader/Mixin) Registering new injector for @ModifyConstant with org.spongepowered.asm.mixin.injection.struct.ModifyConstantInjectionInfo
[14:38:33] [main/DEBUG] (FabricLoader/Mixin) Selecting config fabric-screen-handler-api-v1.mixins.json
[14:38:33] [main/DEBUG] (FabricLoader/Mixin) Remapping refMap fabric-screen-handler-api-v1-refmap.json using remapper chain
[14:38:33] [main/DEBUG] (FabricLoader/Mixin) Selecting config fabric-convention-tags-api-v2.mixins.json
[14:38:33] [main/DEBUG] (FabricLoader/Mixin) Remapping refMap fabric-convention-tags-v2-refmap.json using remapper chain
[14:38:33] [main/DEBUG] (FabricLoader/Mixin) Selecting config fabric-data-attachment-api-v1.mixins.json
[14:38:33] [main/DEBUG] (FabricLoader/Mixin) Remapping refMap fabric-data-attachment-api-v1-refmap.json using remapper chain
[14:38:33] [main/DEBUG] (FabricLoader/Mixin) Selecting config fabric-data-attachment-api-v1.client.mixins.json
[14:38:33] [main/DEBUG] (FabricLoader/Mixin) Remapping refMap client-fabric-data-attachment-api-v1-refmap.json using remapper chain
[14:38:33] [main/DEBUG] (FabricLoader/Mixin) Selecting config fabric-rendering-fluids-v1.mixins.json
[14:38:33] [main/DEBUG] (FabricLoader/Mixin) Remapping refMap client-fabric-rendering-fluids-v1-refmap.json using remapper chain
[14:38:33] [main/DEBUG] (FabricLoader/Mixin) Selecting config fabric-lifecycle-events-v1.mixins.json
[14:38:33] [main/DEBUG] (FabricLoader/Mixin) Remapping refMap fabric-lifecycle-events-v1-refmap.json using remapper chain
[14:38:33] [main/DEBUG] (FabricLoader/Mixin) Selecting config fabric-lifecycle-events-v1.client.mixins.json
[14:38:33] [main/DEBUG] (FabricLoader/Mixin) Remapping refMap client-fabric-lifecycle-events-v1-refmap.json using remapper chain
[14:38:33] [main/DEBUG] (FabricLoader/Mixin) Selecting config fabric-game-rule-api-v1.mixins.json
[14:38:33] [main/DEBUG] (FabricLoader/Mixin) Remapping refMap fabric-game-rule-api-v1-refmap.json using remapper chain
[14:38:33] [main/DEBUG] (FabricLoader/Mixin) Selecting config fabric-game-rule-api-v1.client.mixins.json
[14:38:33] [main/DEBUG] (FabricLoader/Mixin) Remapping refMap client-fabric-game-rule-api-v1-refmap.json using remapper chain
[14:38:33] [main/DEBUG] (FabricLoader/Mixin) Selecting config fabric-screen-api-v1.mixins.json
[14:38:33] [main/DEBUG] (FabricLoader/Mixin) Remapping refMap client-fabric-screen-api-v1-refmap.json using remapper chain
[14:38:33] [main/DEBUG] (FabricLoader/Mixin) Selecting config fabric-networking-api-v1.mixins.json
[14:38:33] [main/DEBUG] (FabricLoader/Mixin) Remapping refMap fabric-networking-api-v1-refmap.json using remapper chain
[14:38:33] [main/DEBUG] (FabricLoader/Mixin) Selecting config fabric-networking-api-v1.client.mixins.json
[14:38:33] [main/DEBUG] (FabricLoader/Mixin) Remapping refMap client-fabric-networking-api-v1-refmap.json using remapper chain
[14:38:33] [main/DEBUG] (FabricLoader/Mixin) Selecting config fabric-renderer-indigo.mixins.json
[14:38:33] [main/DEBUG] (FabricLoader/Mixin) Remapping refMap client-fabric-renderer-indigo-refmap.json using remapper chain
[14:38:33] [main/DEBUG] (FabricLoader/Mixin) Selecting config fabric-blockrenderlayer-v1.mixins.json
[14:38:33] [main/DEBUG] (FabricLoader/Mixin) Remapping refMap client-fabric-blockrenderlayer-v1-refmap.json using remapper chain
[14:38:33] [main/DEBUG] (FabricLoader/Mixin) Selecting config fabric-key-binding-api-v1.mixins.json
[14:38:33] [main/DEBUG] (FabricLoader/Mixin) Remapping refMap client-fabric-key-binding-api-v1-refmap.json using remapper chain
[14:38:33] [main/DEBUG] (FabricLoader/Mixin) Selecting config fabric-resource-loader-v0.mixins.json
[14:38:33] [main/DEBUG] (FabricLoader/Mixin) Remapping refMap fabric-resource-loader-v0-refmap.json using remapper chain
[14:38:33] [main/DEBUG] (FabricLoader/Mixin) Selecting config fabric-resource-loader-v0.client.mixins.json
[14:38:33] [main/DEBUG] (FabricLoader/Mixin) Remapping refMap client-fabric-resource-loader-v0-refmap.json using remapper chain
[14:38:33] [main/DEBUG] (FabricLoader/Mixin) Selecting config fabric-item-api-v1.mixins.json
[14:38:33] [main/DEBUG] (FabricLoader/Mixin) Remapping refMap fabric-item-api-v1-refmap.json using remapper chain
[14:38:33] [main/DEBUG] (FabricLoader/Mixin) Selecting config fabric-item-api-v1.client.mixins.json
[14:38:33] [main/DEBUG] (FabricLoader/Mixin) Remapping refMap client-fabric-item-api-v1-refmap.json using remapper chain
[14:38:33] [main/DEBUG] (FabricLoader/Mixin) Selecting config fabric-events-interaction-v0.mixins.json
[14:38:33] [main/DEBUG] (FabricLoader/Mixin) Remapping refMap fabric-events-interaction-v0-refmap.json using remapper chain
[14:38:33] [main/DEBUG] (FabricLoader/Mixin) Selecting config fabric-events-interaction-v0.client.mixins.json
[14:38:33] [main/DEBUG] (FabricLoader/Mixin) Remapping refMap client-fabric-events-interaction-v0-refmap.json using remapper chain
[14:38:33] [main/DEBUG] (FabricLoader/Mixin) Selecting config fabric-data-generation-api-v1.mixins.json
[14:38:33] [main/DEBUG] (FabricLoader/Mixin) Remapping refMap fabric-data-generation-api-v1-refmap.json using remapper chain
[14:38:33] [main/DEBUG] (FabricLoader/Mixin) Selecting config fabric-data-generation-api-v1.client.mixins.json
[14:38:33] [main/DEBUG] (FabricLoader/Mixin) Remapping refMap client-fabric-data-generation-api-v1-refmap.json using remapper chain
[14:38:33] [main/DEBUG] (FabricLoader/Mixin) Selecting config fabric-message-api-v1.mixins.json
[14:38:33] [main/DEBUG] (FabricLoader/Mixin) Remapping refMap fabric-message-api-v1-refmap.json using remapper chain
[14:38:33] [main/DEBUG] (FabricLoader/Mixin) Selecting config fabric-message-api-v1.client.mixins.json
[14:38:33] [main/DEBUG] (FabricLoader/Mixin) Remapping refMap client-fabric-message-api-v1-refmap.json using remapper chain
[14:38:33] [main/DEBUG] (FabricLoader/Mixin) Selecting config fabric-rendering-data-attachment-v1.mixins.json
[14:38:33] [main/DEBUG] (FabricLoader/Mixin) Remapping refMap fabric-rendering-data-attachment-v1-refmap.json using remapper chain
[14:38:33] [main/DEBUG] (FabricLoader/Mixin) Selecting config fabric-rendering-data-attachment-v1.client.mixins.json
[14:38:33] [main/DEBUG] (FabricLoader/Mixin) Remapping refMap client-fabric-rendering-data-attachment-v1-refmap.json using remapper chain
[14:38:33] [main/DEBUG] (FabricLoader/Mixin) Selecting config yapping_tooltips.mixins.json
[14:38:33] [main/DEBUG] (FabricLoader/Mixin) Remapping refMap yapping_tooltips.refmap.json using remapper chain
[14:38:33] [main/DEBUG] (FabricLoader/Mixin) Selecting config fabric-transfer-api-v1.mixins.json
[14:38:33] [main/DEBUG] (FabricLoader/Mixin) Remapping refMap fabric-transfer-api-v1-refmap.json using remapper chain
[14:38:33] [main/DEBUG] (FabricLoader/Mixin) Selecting config fabric-api-lookup-api-v1.mixins.json
[14:38:33] [main/DEBUG] (FabricLoader/Mixin) Remapping refMap fabric-api-lookup-api-v1-refmap.json using remapper chain
[14:38:33] [main/DEBUG] (FabricLoader/Mixin) Selecting config fabric-biome-api-v1.mixins.json
[14:38:33] [main/DEBUG] (FabricLoader/Mixin) Remapping refMap fabric-biome-api-v1-refmap.json using remapper chain
[14:38:33] [main/DEBUG] (FabricLoader/Mixin) Selecting config fabric-loot-api-v2.mixins.json
[14:38:33] [main/DEBUG] (FabricLoader/Mixin) Remapping refMap fabric-loot-api-v2-refmap.json using remapper chain
[14:38:33] [main/DEBUG] (FabricLoader/Mixin) Selecting config fabric-dimensions-v1.mixins.json
[14:38:33] [main/DEBUG] (FabricLoader/Mixin) Remapping refMap fabric-dimensions-v1-refmap.json using remapper chain
[14:38:33] [main/DEBUG] (FabricLoader/Mixin) Selecting config fabric-recipe-api-v1.mixins.json
[14:38:33] [main/DEBUG] (FabricLoader/Mixin) Remapping refMap fabric-recipe-api-v1-refmap.json using remapper chain
[14:38:33] [main/DEBUG] (FabricLoader/Mixin) Selecting config fabric-content-registries-v0.mixins.json
[14:38:33] [main/DEBUG] (FabricLoader/Mixin) Remapping refMap fabric-content-registries-v0-refmap.json using remapper chain
[14:38:33] [main/DEBUG] (FabricLoader/Mixin) Preparing fabric-object-builder-v1.mixins.json (10)
[14:38:33] [main/DEBUG] (FabricLoader/Mixin) Preparing fabric-object-builder-v1.client.mixins.json (5)
[14:38:33] [main/DEBUG] (FabricLoader/Mixin) Preparing fabric-rendering-v1.mixins.json (19)
[14:38:33] [main/DEBUG] (FabricLoader/Mixin) @Mixin target net/minecraft/client/renderer/ShaderInstance$1 is public in fabric-rendering-v1.mixins.json:shader.ShaderProgramImportProcessorMixin from mod fabric-rendering-v1 and should be specified in value
[14:38:33] [main/DEBUG] (FabricLoader/Mixin) Preparing fabric-registry-sync-v0.mixins.json (13)
[14:38:33] [main/DEBUG] (FabricLoader/Mixin) Preparing fabric-registry-sync-v0.client.mixins.json (6)
[14:38:33] [main/DEBUG] (FabricLoader/Mixin) @Mixin target net/minecraft/client/multiplayer/RegistryDataCollector$ContentsCollector is public in fabric-registry-sync-v0.client.mixins.json:ClientRegistriesDynamicRegistriesMixin from mod fabric-registry-sync-v0 and should be specified in value
[14:38:33] [main/DEBUG] (FabricLoader/Mixin) Preparing fabric-sound-api-v1.mixins.json (2)
[14:38:33] [main/DEBUG] (FabricLoader/Mixin) Preparing fabric-crash-report-info-v1.mixins.json (1)
[14:38:33] [main/DEBUG] (FabricLoader/Mixin) Preparing fabric-renderer-api-v1.mixins.json (4)
[14:38:33] [main/DEBUG] (FabricLoader/Mixin) Preparing fabric-renderer-api-v1.debughud.mixins.json (1)
[14:38:33] [main/DEBUG] (FabricLoader/Mixin) Preparing fabric-command-api-v2.mixins.json (5)
[14:38:33] [main/DEBUG] (FabricLoader/Mixin) Preparing fabric-command-api-v2.client.mixins.json (2)
[14:38:33] [main/DEBUG] (FabricLoader/Mixin) Preparing fabric-particles-v1.client.mixins.json (4)
[14:38:33] [main/DEBUG] (FabricLoader/Mixin) Preparing fabric-model-loading-api-v1.mixins.json (4)
[14:38:33] [main/DEBUG] (FabricLoader/Mixin) @Mixin target net/minecraft/client/resources/model/ModelBakery$ModelBakerImpl is public in fabric-model-loading-api-v1.mixins.json:ModelLoaderBakerImplMixin from mod fabric-model-loading-api-v1 and should be specified in value
[14:38:33] [main/DEBUG] (FabricLoader/Mixin) Preparing fabric-block-api-v1.mixins.json (4)
[14:38:33] [main/DEBUG] (FabricLoader/Mixin) @Mixin target net/minecraft/world/level/chunk/LevelChunkSection$1BlockCounter is public in fabric-block-api-v1.mixins.json:ChunkSectionBlockStateCounterMixin from mod fabric-block-api-v1 and should be specified in value
[14:38:33] [main/DEBUG] (FabricLoader/Mixin) Preparing fabric-block-view-api-v2.mixins.json (2)
[14:38:33] [main/DEBUG] (FabricLoader/Mixin) Preparing fabric-block-view-api-v2.client.mixins.json (2)
[14:38:33] [main/DEBUG] (FabricLoader/Mixin) Preparing fabric-item-group-api-v1.mixins.json (3)
[14:38:33] [main/DEBUG] (FabricLoader/Mixin) Preparing fabric-item-group-api-v1.client.mixins.json (1)
[14:38:33] [main/DEBUG] (FabricLoader/Mixin) Preparing fabric-entity-events-v1.mixins.json (12)
[14:38:33] [main/DEBUG] (FabricLoader/Mixin) Preparing fabric-entity-events-v1.client.mixins.json (1)
[14:38:33] [main/DEBUG] (FabricLoader/Mixin) Preparing fabric-gametest-api-v1.mixins.json (8)
[14:38:33] [main/DEBUG] (FabricLoader/Mixin) Preparing fabric-resource-conditions-api-v1.mixins.json (9)
[14:38:33] [main/DEBUG] (FabricLoader/Mixin) Preparing mixinextras.init.mixins.json (0)
[14:38:33] [main/DEBUG] (FabricLoader/Mixin) Preparing fabric-screen-handler-api-v1.mixins.json (2)
[14:38:33] [main/DEBUG] (FabricLoader/Mixin) Preparing fabric-convention-tags-api-v2.mixins.json (1)
[14:38:33] [main/DEBUG] (FabricLoader/Mixin) Preparing fabric-data-attachment-api-v1.mixins.json (8)
[14:38:33] [main/DEBUG] (FabricLoader/Mixin) Preparing fabric-data-attachment-api-v1.client.mixins.json (1)
[14:38:33] [main/DEBUG] (FabricLoader/Mixin) Preparing fabric-rendering-fluids-v1.mixins.json (1)
[14:38:33] [main/DEBUG] (FabricLoader/Mixin) Preparing fabric-lifecycle-events-v1.mixins.json (10)
[14:38:33] [main/DEBUG] (FabricLoader/Mixin) @Mixin target net/minecraft/server/level/ServerLevel$EntityCallbacks is public in fabric-lifecycle-events-v1.mixins.json:ServerWorldServerEntityHandlerMixin from mod fabric-lifecycle-events-v1 and should be specified in value
[14:38:33] [main/DEBUG] (FabricLoader/Mixin) Preparing fabric-lifecycle-events-v1.client.mixins.json (7)
[14:38:33] [main/DEBUG] (FabricLoader/Mixin) @Mixin target net/minecraft/client/multiplayer/ClientLevel$EntityCallbacks is public in fabric-lifecycle-events-v1.client.mixins.json:ClientWorldClientEntityHandlerMixin from mod fabric-lifecycle-events-v1 and should be specified in value
[14:38:33] [main/DEBUG] (FabricLoader/Mixin) Preparing fabric-game-rule-api-v1.mixins.json (6)
[14:38:33] [main/DEBUG] (FabricLoader/Mixin) @Mixin target net/minecraft/server/commands/GameRuleCommand$1 is public in fabric-game-rule-api-v1.mixins.json:GameRuleCommandVisitorMixin from mod fabric-game-rule-api-v1 and should be specified in value
[14:38:33] [main/DEBUG] (FabricLoader/Mixin) Preparing fabric-game-rule-api-v1.client.mixins.json (3)
[14:38:33] [main/DEBUG] (FabricLoader/Mixin) @Mixin target net/minecraft/client/gui/screens/worldselection/EditGameRulesScreen$RuleList$1 is public in fabric-game-rule-api-v1.client.mixins.json:RuleListWidgetVisitorMixin from mod fabric-game-rule-api-v1 and should be specified in value
[14:38:33] [main/DEBUG] (FabricLoader/Mixin) Preparing fabric-screen-api-v1.mixins.json (6)
[14:38:33] [main/DEBUG] (FabricLoader/Mixin) Preparing fabric-networking-api-v1.mixins.json (18)
[14:38:33] [main/DEBUG] (FabricLoader/Mixin) @Mixin target net/minecraft/network/protocol/common/custom/CustomPacketPayload$1 is public in fabric-networking-api-v1.mixins.json:CustomPayloadPacketCodecMixin from mod fabric-networking-api-v1 and should be specified in value
[14:38:33] [main/DEBUG] (FabricLoader/Mixin) @Mixin target net/minecraft/server/level/ChunkMap$TrackedEntity is public in fabric-networking-api-v1.mixins.json:accessor.EntityTrackerAccessor from mod fabric-networking-api-v1 and should be specified in value
[14:38:33] [main/DEBUG] (FabricLoader/Mixin) Preparing fabric-networking-api-v1.client.mixins.json (9)
[14:38:33] [main/DEBUG] (FabricLoader/Mixin) Preparing fabric-renderer-indigo.mixins.json (5)
[14:38:33] [main/DEBUG] (FabricLoader/Mixin) Preparing fabric-blockrenderlayer-v1.mixins.json (1)
[14:38:33] [main/DEBUG] (FabricLoader/Mixin) Preparing fabric-key-binding-api-v1.mixins.json (2)
[14:38:33] [main/DEBUG] (FabricLoader/Mixin) Preparing fabric-resource-loader-v0.mixins.json (14)
[14:38:33] [main/DEBUG] (FabricLoader/Mixin) Preparing fabric-resource-loader-v0.client.mixins.json (8)
[14:38:33] [main/DEBUG] (FabricLoader/Mixin) @Mixin target net/minecraft/client/Options$3 is public in fabric-resource-loader-v0.client.mixins.json:GameOptionsWriteVisitorMixin from mod fabric-resource-loader-v0 and should be specified in value
[14:38:33] [main/DEBUG] (FabricLoader/Mixin) Preparing fabric-item-api-v1.mixins.json (13)
[14:38:33] [main/DEBUG] (FabricLoader/Mixin) Preparing fabric-item-api-v1.client.mixins.json (3)
[14:38:33] [main/DEBUG] (FabricLoader/Mixin) Preparing fabric-events-interaction-v0.mixins.json (4)
[14:38:33] [main/DEBUG] (FabricLoader/Mixin) @Mixin target net/minecraft/server/network/ServerGamePacketListenerImpl$1 is public in fabric-events-interaction-v0.mixins.json:ServerPlayNetworkHandlerMixin from mod fabric-events-interaction-v0 and should be specified in value
[14:38:33] [main/DEBUG] (FabricLoader/Mixin) Preparing fabric-events-interaction-v0.client.mixins.json (3)
[14:38:33] [main/DEBUG] (FabricLoader/Mixin) Preparing fabric-data-generation-api-v1.mixins.json (7)
[14:38:33] [main/DEBUG] (FabricLoader/Mixin) Preparing fabric-data-generation-api-v1.client.mixins.json (1)
[14:38:33] [main/DEBUG] (FabricLoader/Mixin) Preparing fabric-message-api-v1.mixins.json (2)
[14:38:33] [main/DEBUG] (FabricLoader/Mixin) Preparing fabric-message-api-v1.client.mixins.json (2)
[14:38:33] [main/DEBUG] (FabricLoader/Mixin) Preparing fabric-rendering-data-attachment-v1.mixins.json (2)
[14:38:33] [main/DEBUG] (FabricLoader/Mixin) Preparing fabric-rendering-data-attachment-v1.client.mixins.json (1)
[14:38:33] [main/DEBUG] (FabricLoader/Mixin) Preparing yapping_tooltips.mixins.json (1)
[14:38:33] [main/DEBUG] (FabricLoader/Mixin) Preparing fabric-transfer-api-v1.mixins.json (12)
[14:38:33] [main/DEBUG] (FabricLoader/Mixin) Preparing fabric-api-lookup-api-v1.mixins.json (2)
[14:38:33] [main/DEBUG] (FabricLoader/Mixin) Preparing fabric-biome-api-v1.mixins.json (9)
[14:38:33] [main/DEBUG] (FabricLoader/Mixin) @Mixin target net/minecraft/world/level/biome/MultiNoiseBiomeSourceParameterList$Preset$1 is public in fabric-biome-api-v1.mixins.json:NetherBiomePresetMixin from mod fabric-biome-api-v1 and should be specified in value
[14:38:33] [main/DEBUG] (FabricLoader/Mixin) Preparing fabric-loot-api-v2.mixins.json (6)
[14:38:33] [main/DEBUG] (FabricLoader/Mixin) Preparing fabric-dimensions-v1.mixins.json (4)
[14:38:33] [main/DEBUG] (FabricLoader/Mixin) Preparing fabric-recipe-api-v1.mixins.json (3)
[14:38:33] [main/DEBUG] (FabricLoader/Mixin) Preparing fabric-content-registries-v0.mixins.json (13)
[14:38:33] [main/DEBUG] (FabricLoader/Mixin) Inner class net/fabricmc/fabric/mixin/itemgroup/ItemGroupsMixin$1ItemGroupPosition in net/fabricmc/fabric/mixin/itemgroup/ItemGroupsMixin on net/minecraft/world/item/CreativeModeTabs gets unique name net/minecraft/world/item/CreativeModeTabs$1ItemGroupPosition$f1f1342f55b14e9ab37f403bef44292d
[14:38:34] [main/DEBUG] (FabricLoader/Mixin) Inner class net/fabricmc/fabric/mixin/transfer/ChiseledBookshelfBlockEntityMixin$1 in net/fabricmc/fabric/mixin/transfer/ChiseledBookshelfBlockEntityMixin on net/minecraft/world/level/block/entity/ChiseledBookShelfBlockEntity gets unique name net/minecraft/world/level/block/entity/ChiseledBookShelfBlockEntity$Anonymous$0b82c40c23f645349c62981ddef631be
[14:38:34] [main/DEBUG] (FabricLoader/Mixin) Prepared 304 mixins in 1.302 sec (4.3ms avg) (0ms load, 0ms transform, 0ms plugin)
[14:38:34] [main/DEBUG] (io.netty.util.internal.logging.InternalLoggerFactory) Using SLF4J as the default logging framework
[14:38:34] [main/DEBUG] (io.netty.util.ResourceLeakDetector) -Dio.netty.leakDetection.level: simple
[14:38:34] [main/DEBUG] (io.netty.util.ResourceLeakDetector) -Dio.netty.leakDetection.targetRecords: 4
[14:38:35] [main/INFO] (FabricLoader/MixinExtras|Service) Initializing MixinExtras via com.llamalad7.mixinextras.service.MixinExtrasServiceImpl(version=0.3.5).
[14:38:35] [main/DEBUG] (FabricLoader/Mixin) Registering new injector for @SugarWrapper with com.llamalad7.mixinextras.sugar.impl.SugarWrapperInjectionInfo
[14:38:35] [main/DEBUG] (FabricLoader/Mixin) Registering new injector for @FactoryRedirectWrapper with com.llamalad7.mixinextras.wrapper.factory.FactoryRedirectWrapperInjectionInfo
[14:38:35] [main/DEBUG] (FabricLoader/Mixin) Mixing TaggedChoiceMixin from fabric-dimensions-v1.mixins.json into com.mojang.datafixers.types.templates.TaggedChoice
[14:38:35] [main/DEBUG] (FabricLoader/Mixin) fabric-dimensions-v1.mixins.json:TaggedChoiceMixin from mod fabric-dimensions-v1: Class version 65 required is higher than the class version supported by the current version of Mixin (JAVA_17 supports class version 61)
[14:38:36] [main/DEBUG] (FabricLoader/Mixin) fabric-dimensions-v1.mixins.json:TaggedChoiceMixin from mod fabric-dimensions-v1->@Inject::onApply(Lcom/mojang/datafixers/util/Pair;Lorg/spongepowered/asm/mixin/injection/callback/CallbackInfoReturnable;)V does use it's CallbackInfoReturnable
[14:38:36] [main/DEBUG] (FabricLoader/Mixin) Mixing TaggedChoiceTypeMixin from fabric-dimensions-v1.mixins.json into com.mojang.datafixers.types.templates.TaggedChoice$TaggedChoiceType
[14:38:36] [main/DEBUG] (FabricLoader/Mixin) fabric-dimensions-v1.mixins.json:TaggedChoiceTypeMixin from mod fabric-dimensions-v1: Class version 65 required is higher than the class version supported by the current version of Mixin (JAVA_17 supports class version 61)
[14:38:36] [main/DEBUG] (FabricLoader/Mixin) fabric-dimensions-v1.mixins.json:TaggedChoiceTypeMixin from mod fabric-dimensions-v1->@Inject::onGetCodec(Ljava/lang/Object;Lorg/spongepowered/asm/mixin/injection/callback/CallbackInfoReturnable;)V does use it's CallbackInfoReturnable
[14:38:37] [main/DEBUG] (FabricLoader/Mixin) Mixing Schema2832Mixin from fabric-dimensions-v1.mixins.json into net.minecraft.util.datafix.schemas.V2832
[14:38:37] [main/DEBUG] (FabricLoader/Mixin) fabric-dimensions-v1.mixins.json:Schema2832Mixin from mod fabric-dimensions-v1: Class version 65 required is higher than the class version supported by the current version of Mixin (JAVA_17 supports class version 61)
[14:38:37] [main/DEBUG] (FabricLoader/Mixin) Mixing SystemDetailsMixin from fabric-crash-report-info-v1.mixins.json into net.minecraft.SystemReport
[14:38:37] [main/DEBUG] (FabricLoader/Mixin) fabric-crash-report-info-v1.mixins.json:SystemDetailsMixin from mod fabric-crash-report-info-v1: Class version 65 required is higher than the class version supported by the current version of Mixin (JAVA_17 supports class version 61)
[14:38:37] [main/DEBUG] (FabricLoader/Mixin) Renaming synthetic method lambda$appendMods$1(Lnet/fabricmc/loader/api/ModContainer;)Ljava/lang/String; to md95bee0$fabric-crash-report-info-v1$lambda$appendMods$1$0 in fabric-crash-report-info-v1.mixins.json:SystemDetailsMixin from mod fabric-crash-report-info-v1
[14:38:37] [main/DEBUG] (FabricLoader/Mixin) Renaming synthetic method lambda$fillSystemDetails$0()Ljava/lang/String; to md95bee0$fabric-crash-report-info-v1$lambda$fillSystemDetails$0$1 in fabric-crash-report-info-v1.mixins.json:SystemDetailsMixin from mod fabric-crash-report-info-v1
[14:38:37] [main/DEBUG] (FabricLoader/Mixin) fabric-crash-report-info-v1.mixins.json:SystemDetailsMixin from mod fabric-crash-report-info-v1->@Inject::fillSystemDetails(Lorg/spongepowered/asm/mixin/injection/callback/CallbackInfo;)V doesn't use it's CallbackInfo
[14:38:37] [main/DEBUG] (FabricLoader/Mixin) fabric-crash-report-info-v1.mixins.json:SystemDetailsMixin from mod fabric-crash-report-info-v1->@Inject::fillSystemDetails(Lorg/spongepowered/asm/mixin/injection/callback/CallbackInfo;)V has 0 override(s) in child classes
[14:38:37] [main/DEBUG] (FabricLoader/Mixin) fabric-crash-report-info-v1.mixins.json:SystemDetailsMixin from mod fabric-crash-report-info-v1->@Inject::fillSystemDetails(Lorg/spongepowered/asm/mixin/injection/callback/CallbackInfo;)V won't be passed a CallbackInfo as a result
[14:38:39] [Datafixer Bootstrap/INFO] (com.mojang.datafixers.DataFixerBuilder) 226 Datafixer optimizations took 1472 milliseconds
[14:38:39] [main/DEBUG] (FabricLoader/Mixin) Mixing BootstrapMixin from fabric-registry-sync-v0.mixins.json into net.minecraft.server.Bootstrap
[14:38:39] [main/DEBUG] (FabricLoader/Mixin) fabric-registry-sync-v0.mixins.json:BootstrapMixin from mod fabric-registry-sync-v0: Class version 65 required is higher than the class version supported by the current version of Mixin (JAVA_17 supports class version 61)
[14:38:39] [main/DEBUG] (FabricLoader/Mixin) Renaming synthetic method lambda$initialize$1(Lnet/minecraft/world/level/material/Fluid;)Ljava/util/Collection; to md95bee0$fabric-registry-sync-v0$lambda$initialize$1$0 in fabric-registry-sync-v0.mixins.json:BootstrapMixin from mod fabric-registry-sync-v0
[14:38:39] [main/DEBUG] (FabricLoader/Mixin) Renaming synthetic method lambda$initialize$0(Lnet/minecraft/world/level/block/Block;)Ljava/util/Collection; to md95bee0$fabric-registry-sync-v0$lambda$initialize$0$1 in fabric-registry-sync-v0.mixins.json:BootstrapMixin from mod fabric-registry-sync-v0
[14:38:39] [main/DEBUG] (FabricLoader/Mixin) fabric-registry-sync-v0.mixins.json:BootstrapMixin from mod fabric-registry-sync-v0->@Inject::initialize(Lorg/spongepowered/asm/mixin/injection/callback/CallbackInfo;)V doesn't use it's CallbackInfo
[14:38:39] [main/DEBUG] (FabricLoader/Mixin) Mixing RegistriesAccessor from fabric-registry-sync-v0.mixins.json into net.minecraft.core.registries.BuiltInRegistries
[14:38:39] [main/DEBUG] (FabricLoader/Mixin) fabric-registry-sync-v0.mixins.json:RegistriesAccessor from mod fabric-registry-sync-v0: Class version 65 required is higher than the class version supported by the current version of Mixin (JAVA_17 supports class version 61)
[14:38:39] [main/DEBUG] (FabricLoader/Mixin) Renaming @Accessor method getROOT()Lnet/minecraft/core/WritableRegistry; to getROOT$fabric-registry-sync-v0_$md$95bee0$0 in fabric-registry-sync-v0.mixins.json:RegistriesAccessor from mod fabric-registry-sync-v0
[14:38:39] [main/DEBUG] (FabricLoader/Mixin) Mixing RegistriesMixin from fabric-registry-sync-v0.mixins.json into net.minecraft.core.registries.BuiltInRegistries
[14:38:39] [main/DEBUG] (FabricLoader/Mixin) fabric-registry-sync-v0.mixins.json:RegistriesMixin from mod fabric-registry-sync-v0: Class version 65 required is higher than the class version supported by the current version of Mixin (JAVA_17 supports class version 61)
[14:38:39] [main/DEBUG] (FabricLoader/Mixin) Mixing RegistriesMixin from fabric-item-api-v1.mixins.json into net.minecraft.core.registries.BuiltInRegistries
[14:38:39] [main/DEBUG] (FabricLoader/Mixin) fabric-item-api-v1.mixins.json:RegistriesMixin from mod fabric-item-api-v1: Class version 65 required is higher than the class version supported by the current version of Mixin (JAVA_17 supports class version 61)
[14:38:39] [main/DEBUG] (FabricLoader/Mixin) fabric-registry-sync-v0.mixins.json:RegistriesMixin from mod fabric-registry-sync-v0->@Inject::init(Lorg/spongepowered/asm/mixin/injection/callback/CallbackInfo;)V does use it's CallbackInfo
[14:38:39] [main/DEBUG] (FabricLoader/Mixin) fabric-item-api-v1.mixins.json:RegistriesMixin from mod fabric-item-api-v1->@Inject::modifyDefaultItemComponents(Lorg/spongepowered/asm/mixin/injection/callback/CallbackInfo;)V doesn't use it's CallbackInfo
[14:38:39] [main/DEBUG] (FabricLoader/Mixin) Mixing SimpleRegistryMixin from fabric-registry-sync-v0.mixins.json into net.minecraft.core.MappedRegistry
[14:38:39] [main/DEBUG] (FabricLoader/Mixin) fabric-registry-sync-v0.mixins.json:SimpleRegistryMixin from mod fabric-registry-sync-v0: Class version 65 required is higher than the class version supported by the current version of Mixin (JAVA_17 supports class version 61)
[14:38:39] [main/DEBUG] (FabricLoader/Mixin) Renaming synthetic method lambda$init$3([Lnet/fabricmc/fabric/api/event/registry/RegistryIdRemapCallback;)Lnet/fabricmc/fabric/api/event/registry/RegistryIdRemapCallback; to md95bee0$fabric-registry-sync-v0$lambda$init$3$0 in fabric-registry-sync-v0.mixins.json:SimpleRegistryMixin from mod fabric-registry-sync-v0
[14:38:39] [main/DEBUG] (FabricLoader/Mixin) Renaming synthetic method lambda$init$2([Lnet/fabricmc/fabric/api/event/registry/RegistryIdRemapCallback;Lnet/fabricmc/fabric/api/event/registry/RegistryIdRemapCallback$RemapState;)V to md95bee0$fabric-registry-sync-v0$lambda$init$2$1 in fabric-registry-sync-v0.mixins.json:SimpleRegistryMixin from mod fabric-registry-sync-v0
[14:38:39] [main/DEBUG] (FabricLoader/Mixin) Renaming synthetic method lambda$init$1([Lnet/fabricmc/fabric/api/event/registry/RegistryEntryAddedCallback;)Lnet/fabricmc/fabric/api/event/registry/RegistryEntryAddedCallback; to md95bee0$fabric-registry-sync-v0$lambda$init$1$2 in fabric-registry-sync-v0.mixins.json:SimpleRegistryMixin from mod fabric-registry-sync-v0
[14:38:39] [main/DEBUG] (FabricLoader/Mixin) Renaming synthetic method lambda$init$0([Lnet/fabricmc/fabric/api/event/registry/RegistryEntryAddedCallback;ILnet/minecraft/resources/ResourceLocation;Ljava/lang/Object;)V to md95bee0$fabric-registry-sync-v0$lambda$init$0$3 in fabric-registry-sync-v0.mixins.json:SimpleRegistryMixin from mod fabric-registry-sync-v0
[14:38:39] [main/DEBUG] (FabricLoader/Mixin) fabric-registry-sync-v0.mixins.json:SimpleRegistryMixin from mod fabric-registry-sync-v0->@Inject::init(Lnet/minecraft/resources/ResourceKey;Lcom/mojang/serialization/Lifecycle;ZLorg/spongepowered/asm/mixin/injection/callback/CallbackInfo;)V doesn't use it's CallbackInfo
[14:38:39] [main/DEBUG] (FabricLoader/Mixin) fabric-registry-sync-v0.mixins.json:SimpleRegistryMixin from mod fabric-registry-sync-v0->@Inject::init(Lnet/minecraft/resources/ResourceKey;Lcom/mojang/serialization/Lifecycle;ZLorg/spongepowered/asm/mixin/injection/callback/CallbackInfo;)V has 0 override(s) in child classes
[14:38:39] [main/DEBUG] (FabricLoader/Mixin) fabric-registry-sync-v0.mixins.json:SimpleRegistryMixin from mod fabric-registry-sync-v0->@Inject::init(Lnet/minecraft/resources/ResourceKey;Lcom/mojang/serialization/Lifecycle;ZLorg/spongepowered/asm/mixin/injection/callback/CallbackInfo;)V won't be passed a CallbackInfo as a result
[14:38:39] [main/DEBUG] (FabricLoader/Mixin) fabric-registry-sync-v0.mixins.json:SimpleRegistryMixin from mod fabric-registry-sync-v0->@Inject::set(Lnet/minecraft/resources/ResourceKey;Ljava/lang/Object;Lnet/minecraft/core/RegistrationInfo;Lorg/spongepowered/asm/mixin/injection/callback/CallbackInfoReturnable;)V does use it's CallbackInfoReturnable
[14:38:39] [main/DEBUG] (FabricLoader/Mixin) Mixing ArgumentTypesAccessor from fabric-command-api-v2.mixins.json into net.minecraft.commands.synchronization.ArgumentTypeInfos
[14:38:39] [main/DEBUG] (FabricLoader/Mixin) fabric-command-api-v2.mixins.json:ArgumentTypesAccessor from mod fabric-command-api-v2: Class version 65 required is higher than the class version supported by the current version of Mixin (JAVA_17 supports class version 61)
[14:38:39] [main/DEBUG] (FabricLoader/Mixin) Renaming @Accessor method fabric_getClassMap()Ljava/util/Map; to fabric_getClassMap$fabric-command-api-v2_$md$95bee0$0 in fabric-command-api-v2.mixins.json:ArgumentTypesAccessor from mod fabric-command-api-v2
[14:38:39] [main/DEBUG] (FabricLoader/Mixin) Mixing ArgumentTypesMixin from fabric-gametest-api-v1.mixins.json into net.minecraft.commands.synchronization.ArgumentTypeInfos
[14:38:39] [main/DEBUG] (FabricLoader/Mixin) fabric-gametest-api-v1.mixins.json:ArgumentTypesMixin from mod fabric-gametest-api-v1: Class version 65 required is higher than the class version supported by the current version of Mixin (JAVA_17 supports class version 61)
[14:38:39] [main/DEBUG] (FabricLoader/Mixin) fabric-gametest-api-v1.mixins.json:ArgumentTypesMixin from mod fabric-gametest-api-v1->@Inject::register(Lnet/minecraft/core/Registry;Lorg/spongepowered/asm/mixin/injection/callback/CallbackInfoReturnable;)V doesn't use it's CallbackInfoReturnable
[14:38:39] [main/DEBUG] (FabricLoader/Mixin) Mixing ItemGroupsMixin from fabric-item-group-api-v1.mixins.json into net.minecraft.world.item.CreativeModeTabs
[14:38:39] [main/DEBUG] (FabricLoader/Mixin) fabric-item-group-api-v1.mixins.json:ItemGroupsMixin from mod fabric-item-group-api-v1: Class version 65 required is higher than the class version supported by the current version of Mixin (JAVA_17 supports class version 61)
[14:38:39] [main/DEBUG] (FabricLoader/Mixin) Renaming synthetic method lambda$paginateGroups$0(Lnet/minecraft/core/Holder$Reference;Lnet/minecraft/core/Holder$Reference;)I to md95bee0$fabric-item-group-api-v1$lambda$paginateGroups$0$0 in fabric-item-group-api-v1.mixins.json:ItemGroupsMixin from mod fabric-item-group-api-v1
[14:38:40] [main/DEBUG] (FabricLoader/Mixin) fabric-item-group-api-v1.mixins.json:ItemGroupsMixin from mod fabric-item-group-api-v1->@Inject::deferDuplicateCheck(Lorg/spongepowered/asm/mixin/injection/callback/CallbackInfo;)V does use it's CallbackInfo
[14:38:40] [main/DEBUG] (FabricLoader/Mixin) fabric-item-group-api-v1.mixins.json:ItemGroupsMixin from mod fabric-item-group-api-v1->@Inject::paginateGroups(Lorg/spongepowered/asm/mixin/injection/callback/CallbackInfo;)V doesn't use it's CallbackInfo
[14:38:40] [main/DEBUG] (FabricLoader/Mixin) Mixing ItemGroupAccessor from fabric-item-group-api-v1.mixins.json into net.minecraft.world.item.CreativeModeTab
[14:38:40] [main/DEBUG] (FabricLoader/Mixin) fabric-item-group-api-v1.mixins.json:ItemGroupAccessor from mod fabric-item-group-api-v1: Class version 65 required is higher than the class version supported by the current version of Mixin (JAVA_17 supports class version 61)
[14:38:40] [main/DEBUG] (FabricLoader/Mixin) Mixing ItemGroupMixin from fabric-item-group-api-v1.mixins.json into net.minecraft.world.item.CreativeModeTab
[14:38:40] [main/DEBUG] (FabricLoader/Mixin) fabric-item-group-api-v1.mixins.json:ItemGroupMixin from mod fabric-item-group-api-v1: Class version 65 required is higher than the class version supported by the current version of Mixin (JAVA_17 supports class version 61)
[14:38:40] [main/DEBUG] (FabricLoader/Mixin) Renaming synthetic method lambda$getStacks$0(Lnet/minecraft/world/item/CreativeModeTab;)Ljava/lang/IllegalStateException; to md95bee0$fabric-item-group-api-v1$lambda$getStacks$0$0 in fabric-item-group-api-v1.mixins.json:ItemGroupMixin from mod fabric-item-group-api-v1
[14:38:40] [main/DEBUG] (FabricLoader/Mixin) fabric-item-group-api-v1.mixins.json:ItemGroupMixin from mod fabric-item-group-api-v1->@Inject::getStacks(Lnet/minecraft/world/item/CreativeModeTab$ItemDisplayParameters;Lorg/spongepowered/asm/mixin/injection/callback/CallbackInfo;)V doesn't use it's CallbackInfo
[14:38:40] [main/DEBUG] (FabricLoader/Mixin) fabric-item-group-api-v1.mixins.json:ItemGroupMixin from mod fabric-item-group-api-v1->@Inject::getStacks(Lnet/minecraft/world/item/CreativeModeTab$ItemDisplayParameters;Lorg/spongepowered/asm/mixin/injection/callback/CallbackInfo;)V has 0 override(s) in child classes
[14:38:40] [main/DEBUG] (FabricLoader/Mixin) fabric-item-group-api-v1.mixins.json:ItemGroupMixin from mod fabric-item-group-api-v1->@Inject::getStacks(Lnet/minecraft/world/item/CreativeModeTab$ItemDisplayParameters;Lorg/spongepowered/asm/mixin/injection/callback/CallbackInfo;)V won't be passed a CallbackInfo as a result
[14:38:40] [main/DEBUG] (FabricLoader/Mixin) Mixing FireBlockMixin from fabric-content-registries-v0.mixins.json into net.minecraft.world.level.block.FireBlock
[14:38:40] [main/DEBUG] (FabricLoader/Mixin) fabric-content-registries-v0.mixins.json:FireBlockMixin from mod fabric-content-registries-v0: Class version 65 required is higher than the class version supported by the current version of Mixin (JAVA_17 supports class version 61)
[14:38:40] [main/DEBUG] (FabricLoader/Mixin) fabric-content-registries-v0.mixins.json:FireBlockMixin from mod fabric-content-registries-v0->@Inject::afterConstruct(Lnet/minecraft/world/level/block/state/BlockBehaviour$Properties;Lorg/spongepowered/asm/mixin/injection/callback/CallbackInfo;)V doesn't use it's CallbackInfo
[14:38:40] [main/DEBUG] (FabricLoader/Mixin) fabric-content-registries-v0.mixins.json:FireBlockMixin from mod fabric-content-registries-v0->@Inject::afterConstruct(Lnet/minecraft/world/level/block/state/BlockBehaviour$Properties;Lorg/spongepowered/asm/mixin/injection/callback/CallbackInfo;)V has 0 override(s) in child classes
[14:38:40] [main/DEBUG] (FabricLoader/Mixin) fabric-content-registries-v0.mixins.json:FireBlockMixin from mod fabric-content-registries-v0->@Inject::afterConstruct(Lnet/minecraft/world/level/block/state/BlockBehaviour$Properties;Lorg/spongepowered/asm/mixin/injection/callback/CallbackInfo;)V won't be passed a CallbackInfo as a result
[14:38:40] [main/DEBUG] (FabricLoader/Mixin) fabric-content-registries-v0.mixins.json:FireBlockMixin from mod fabric-content-registries-v0->@Inject::getFabricBurnChance(Lnet/minecraft/world/level/block/state/BlockState;Lorg/spongepowered/asm/mixin/injection/callback/CallbackInfoReturnable;)V does use it's CallbackInfoReturnable
[14:38:40] [main/DEBUG] (FabricLoader/Mixin) fabric-content-registries-v0.mixins.json:FireBlockMixin from mod fabric-content-registries-v0->@Inject::getFabricSpreadChance(Lnet/minecraft/world/level/block/state/BlockState;Lorg/spongepowered/asm/mixin/injection/callback/CallbackInfoReturnable;)V does use it's CallbackInfoReturnable
[14:38:40] [main/DEBUG] (FabricLoader/Mixin) Mixing BlockMixin from fabric-block-api-v1.mixins.json into net.minecraft.world.level.block.Block
[14:38:40] [main/DEBUG] (FabricLoader/Mixin) fabric-block-api-v1.mixins.json:BlockMixin from mod fabric-block-api-v1: Class version 65 required is higher than the class version supported by the current version of Mixin (JAVA_17 supports class version 61)
[14:38:40] [main/DEBUG] (FabricLoader/Mixin) Mixing AbstractBlockAccessor from fabric-object-builder-v1.mixins.json into net.minecraft.world.level.block.state.BlockBehaviour
[14:38:40] [main/DEBUG] (FabricLoader/Mixin) fabric-object-builder-v1.mixins.json:AbstractBlockAccessor from mod fabric-object-builder-api-v1: Class version 65 required is higher than the class version supported by the current version of Mixin (JAVA_17 supports class version 61)
[14:38:40] [main/DEBUG] (FabricLoader/Mixin) Mixing BlockViewMixin from fabric-block-view-api-v2.mixins.json into net.minecraft.world.level.BlockGetter
[14:38:40] [main/DEBUG] (FabricLoader/Mixin) fabric-block-view-api-v2.mixins.json:BlockViewMixin from mod fabric-block-view-api-v2: Class version 65 required is higher than the class version supported by the current version of Mixin (JAVA_17 supports class version 61)
[14:38:40] [main/DEBUG] (FabricLoader/Mixin) Mixing EntityMixin from fabric-entity-events-v1.mixins.json into net.minecraft.world.entity.Entity
[14:38:40] [main/DEBUG] (FabricLoader/Mixin) fabric-entity-events-v1.mixins.json:EntityMixin from mod fabric-entity-events-v1: Class version 65 required is higher than the class version supported by the current version of Mixin (JAVA_17 supports class version 61)
[14:38:40] [main/DEBUG] (FabricLoader/Mixin) Mixing AttachmentTargetsMixin from fabric-data-attachment-api-v1.mixins.json into net.minecraft.world.entity.Entity
[14:38:40] [main/DEBUG] (FabricLoader/Mixin) fabric-data-attachment-api-v1.mixins.json:AttachmentTargetsMixin from mod fabric-data-attachment-api-v1: Class version 65 required is higher than the class version supported by the current version of Mixin (JAVA_17 supports class version 61)
[14:38:40] [main/DEBUG] (FabricLoader/Mixin) Mixing EntityMixin from fabric-data-attachment-api-v1.mixins.json into net.minecraft.world.entity.Entity
[14:38:40] [main/DEBUG] (FabricLoader/Mixin) fabric-data-attachment-api-v1.mixins.json:EntityMixin from mod fabric-data-attachment-api-v1: Class version 65 required is higher than the class version supported by the current version of Mixin (JAVA_17 supports class version 61)
[14:38:40] [main/DEBUG] (FabricLoader/Mixin) fabric-entity-events-v1.mixins.json:EntityMixin from mod fabric-entity-events-v1->@Inject::afterWorldChanged(Lnet/minecraft/world/level/portal/DimensionTransition;Lorg/spongepowered/asm/mixin/injection/callback/CallbackInfoReturnable;)V does use it's CallbackInfoReturnable
[14:38:40] [main/DEBUG] (FabricLoader/Mixin) fabric-entity-events-v1.mixins.json:EntityMixin from mod fabric-entity-events-v1->@Inject::afterWorldChanged(Lnet/minecraft/world/level/portal/DimensionTransition;Lorg/spongepowered/asm/mixin/injection/callback/CallbackInfoReturnable;)V does use it's CallbackInfoReturnable
[14:38:40] [main/DEBUG] (FabricLoader/Mixin) fabric-entity-events-v1.mixins.json:EntityMixin from mod fabric-entity-events-v1->@Inject::afterEntityTeleportedToWorld(Lnet/minecraft/server/level/ServerLevel;DDDLjava/util/Set;FFLorg/spongepowered/asm/mixin/injection/callback/CallbackInfoReturnable;FLnet/minecraft/world/entity/Entity;)V doesn't use it's CallbackInfoReturnable
[14:38:40] [main/DEBUG] (FabricLoader/Mixin) fabric-entity-events-v1.mixins.json:EntityMixin from mod fabric-entity-events-v1->@Inject::afterEntityTeleportedToWorld(Lnet/minecraft/server/level/ServerLevel;DDDLjava/util/Set;FFLorg/spongepowered/asm/mixin/injection/callback/CallbackInfoReturnable;FLnet/minecraft/world/entity/Entity;)V has 0 override(s) in child classes
[14:38:40] [main/DEBUG] (FabricLoader/Mixin) fabric-entity-events-v1.mixins.json:EntityMixin from mod fabric-entity-events-v1->@Inject::afterEntityTeleportedToWorld(Lnet/minecraft/server/level/ServerLevel;DDDLjava/util/Set;FFLorg/spongepowered/asm/mixin/injection/callback/CallbackInfoReturnable;FLnet/minecraft/world/entity/Entity;)V won't be passed a CallbackInfoReturnable as a result
[14:38:40] [main/DEBUG] (FabricLoader/Mixin) fabric-data-attachment-api-v1.mixins.json:EntityMixin from mod fabric-data-attachment-api-v1->@Inject::readEntityAttachments(Lnet/minecraft/nbt/CompoundTag;Lorg/spongepowered/asm/mixin/injection/callback/CallbackInfo;)V doesn't use it's CallbackInfo
[14:38:40] [main/DEBUG] (FabricLoader/Mixin) fabric-data-attachment-api-v1.mixins.json:EntityMixin from mod fabric-data-attachment-api-v1->@Inject::readEntityAttachments(Lnet/minecraft/nbt/CompoundTag;Lorg/spongepowered/asm/mixin/injection/callback/CallbackInfo;)V has 0 override(s) in child classes
[14:38:40] [main/DEBUG] (FabricLoader/Mixin) fabric-data-attachment-api-v1.mixins.json:EntityMixin from mod fabric-data-attachment-api-v1->@Inject::readEntityAttachments(Lnet/minecraft/nbt/CompoundTag;Lorg/spongepowered/asm/mixin/injection/callback/CallbackInfo;)V won't be passed a CallbackInfo as a result
[14:38:40] [main/DEBUG] (FabricLoader/Mixin) fabric-data-attachment-api-v1.mixins.json:EntityMixin from mod fabric-data-attachment-api-v1->@Inject::writeEntityAttachments(Lnet/minecraft/nbt/CompoundTag;Lorg/spongepowered/asm/mixin/injection/callback/CallbackInfoReturnable;)V doesn't use it's CallbackInfoReturnable
[14:38:40] [main/DEBUG] (FabricLoader/Mixin) fabric-data-attachment-api-v1.mixins.json:EntityMixin from mod fabric-data-attachment-api-v1->@Inject::writeEntityAttachments(Lnet/minecraft/nbt/CompoundTag;Lorg/spongepowered/asm/mixin/injection/callback/CallbackInfoReturnable;)V has 0 override(s) in child classes
[14:38:40] [main/DEBUG] (FabricLoader/Mixin) fabric-data-attachment-api-v1.mixins.json:EntityMixin from mod fabric-data-attachment-api-v1->@Inject::writeEntityAttachments(Lnet/minecraft/nbt/CompoundTag;Lorg/spongepowered/asm/mixin/injection/callback/CallbackInfoReturnable;)V won't be passed a CallbackInfoReturnable as a result
[14:38:40] [main/DEBUG] (FabricLoader/Mixin) Mixing PlayerEntityMixin from fabric-entity-events-v1.mixins.json into net.minecraft.world.entity.player.Player
[14:38:40] [main/DEBUG] (FabricLoader/Mixin) fabric-entity-events-v1.mixins.json:PlayerEntityMixin from mod fabric-entity-events-v1: Class version 65 required is higher than the class version supported by the current version of Mixin (JAVA_17 supports class version 61)
[14:38:40] [main/DEBUG] (FabricLoader/Mixin) Mixing elytra.PlayerEntityMixin from fabric-entity-events-v1.mixins.json into net.minecraft.world.entity.player.Player
[14:38:40] [main/DEBUG] (FabricLoader/Mixin) fabric-entity-events-v1.mixins.json:elytra.PlayerEntityMixin from mod fabric-entity-events-v1: Class version 65 required is higher than the class version supported by the current version of Mixin (JAVA_17 supports class version 61)
[14:38:40] [main/DEBUG] (FabricLoader/Mixin) fabric-entity-events-v1.mixins.json:PlayerEntityMixin from mod fabric-entity-events-v1->@Inject::onTrySleep(Lnet/minecraft/core/BlockPos;Lorg/spongepowered/asm/mixin/injection/callback/CallbackInfoReturnable;)V does use it's CallbackInfoReturnable
[14:38:40] [main/DEBUG] (FabricLoader/Mixin) fabric-entity-events-v1.mixins.json:PlayerEntityMixin from mod fabric-entity-events-v1->@Inject::onIsSleepingLongEnough(Lorg/spongepowered/asm/mixin/injection/callback/CallbackInfoReturnable;)V does use it's CallbackInfoReturnable
[14:38:40] [main/DEBUG] (FabricLoader/Mixin) fabric-entity-events-v1.mixins.json:elytra.PlayerEntityMixin from mod fabric-entity-events-v1->@Inject::injectElytraCheck(Lorg/spongepowered/asm/mixin/injection/callback/CallbackInfoReturnable;)V does use it's CallbackInfoReturnable
[14:38:40] [main/DEBUG] (FabricLoader/Mixin) Mixing LivingEntityMixin from fabric-entity-events-v1.mixins.json into net.minecraft.world.entity.LivingEntity
[14:38:40] [main/DEBUG] (FabricLoader/Mixin) fabric-entity-events-v1.mixins.json:LivingEntityMixin from mod fabric-entity-events-v1: Class version 65 required is higher than the class version supported by the current version of Mixin (JAVA_17 supports class version 61)
[14:38:40] [main/DEBUG] (FabricLoader/Mixin) Mixing elytra.LivingEntityMixin from fabric-entity-events-v1.mixins.json into net.minecraft.world.entity.LivingEntity
[14:38:40] [main/DEBUG] (FabricLoader/Mixin) fabric-entity-events-v1.mixins.json:elytra.LivingEntityMixin from mod fabric-entity-events-v1: Class version 65 required is higher than the class version supported by the current version of Mixin (JAVA_17 supports class version 61)
[14:38:40] [main/DEBUG] (FabricLoader/Mixin) Mixing LivingEntityMixin from fabric-lifecycle-events-v1.mixins.json into net.minecraft.world.entity.LivingEntity
[14:38:40] [main/DEBUG] (FabricLoader/Mixin) fabric-lifecycle-events-v1.mixins.json:LivingEntityMixin from mod fabric-lifecycle-events-v1: Class version 65 required is higher than the class version supported by the current version of Mixin (JAVA_17 supports class version 61)
[14:38:40] [main/DEBUG] (FabricLoader/Mixin) Mixing LivingEntityMixin from fabric-item-api-v1.mixins.json into net.minecraft.world.entity.LivingEntity
[14:38:40] [main/DEBUG] (FabricLoader/Mixin) fabric-item-api-v1.mixins.json:LivingEntityMixin from mod fabric-item-api-v1: Class version 65 required is higher than the class version supported by the current version of Mixin (JAVA_17 supports class version 61)
[14:38:40] [main/DEBUG] (FabricLoader/Mixin) fabric-entity-events-v1.mixins.json:LivingEntityMixin from mod fabric-entity-events-v1->@Inject::notifyDeath(Lnet/minecraft/world/damagesource/DamageSource;Lorg/spongepowered/asm/mixin/injection/callback/CallbackInfo;)V doesn't use it's CallbackInfo
[14:38:40] [main/DEBUG] (FabricLoader/Mixin) fabric-entity-events-v1.mixins.json:LivingEntityMixin from mod fabric-entity-events-v1->@Inject::notifyDeath(Lnet/minecraft/world/damagesource/DamageSource;Lorg/spongepowered/asm/mixin/injection/callback/CallbackInfo;)V has 0 override(s) in child classes
[14:38:40] [main/DEBUG] (FabricLoader/Mixin) fabric-entity-events-v1.mixins.json:LivingEntityMixin from mod fabric-entity-events-v1->@Inject::notifyDeath(Lnet/minecraft/world/damagesource/DamageSource;Lorg/spongepowered/asm/mixin/injection/callback/CallbackInfo;)V won't be passed a CallbackInfo as a result
[14:38:40] [main/DEBUG] (FabricLoader/Mixin) fabric-entity-events-v1.mixins.json:LivingEntityMixin from mod fabric-entity-events-v1->@Inject::beforeDamage(Lnet/minecraft/world/damagesource/DamageSource;FLorg/spongepowered/asm/mixin/injection/callback/CallbackInfoReturnable;)V does use it's CallbackInfoReturnable
[14:38:40] [main/DEBUG] (FabricLoader/Mixin) fabric-entity-events-v1.mixins.json:LivingEntityMixin from mod fabric-entity-events-v1->@Inject::onSleep(Lnet/minecraft/core/BlockPos;Lorg/spongepowered/asm/mixin/injection/callback/CallbackInfo;)V doesn't use it's CallbackInfo
[14:38:40] [main/DEBUG] (FabricLoader/Mixin) fabric-entity-events-v1.mixins.json:LivingEntityMixin from mod fabric-entity-events-v1->@Inject::onSleep(Lnet/minecraft/core/BlockPos;Lorg/spongepowered/asm/mixin/injection/callback/CallbackInfo;)V has 0 override(s) in child classes
[14:38:40] [main/DEBUG] (FabricLoader/Mixin) fabric-entity-events-v1.mixins.json:LivingEntityMixin from mod fabric-entity-events-v1->@Inject::onSleep(Lnet/minecraft/core/BlockPos;Lorg/spongepowered/asm/mixin/injection/callback/CallbackInfo;)V won't be passed a CallbackInfo as a result
[14:38:40] [main/DEBUG] (FabricLoader/Mixin) fabric-entity-events-v1.mixins.json:LivingEntityMixin from mod fabric-entity-events-v1->@Inject::onWakeUp(Lorg/spongepowered/asm/mixin/injection/callback/CallbackInfo;)V doesn't use it's CallbackInfo
[14:38:40] [main/DEBUG] (FabricLoader/Mixin) fabric-entity-events-v1.mixins.json:LivingEntityMixin from mod fabric-entity-events-v1->@Inject::onWakeUp(Lorg/spongepowered/asm/mixin/injection/callback/CallbackInfo;)V has 0 override(s) in child classes
[14:38:40] [main/DEBUG] (FabricLoader/Mixin) fabric-entity-events-v1.mixins.json:LivingEntityMixin from mod fabric-entity-events-v1->@Inject::onWakeUp(Lorg/spongepowered/asm/mixin/injection/callback/CallbackInfo;)V won't be passed a CallbackInfo as a result
[14:38:40] [main/DEBUG] (FabricLoader/Mixin) fabric-entity-events-v1.mixins.json:LivingEntityMixin from mod fabric-entity-events-v1->@Inject::onIsSleepingInBed(Lnet/minecraft/core/BlockPos;Lorg/spongepowered/asm/mixin/injection/callback/CallbackInfoReturnable;)V does use it's CallbackInfoReturnable
[14:38:40] [main/DEBUG] (FabricLoader/Mixin) fabric-entity-events-v1.mixins.json:elytra.LivingEntityMixin from mod fabric-entity-events-v1->@Inject::injectElytraTick(Lorg/spongepowered/asm/mixin/injection/callback/CallbackInfo;)V does use it's CallbackInfo
[14:38:40] [main/DEBUG] (FabricLoader/Mixin) fabric-lifecycle-events-v1.mixins.json:LivingEntityMixin from mod fabric-lifecycle-events-v1->@Inject::getEquipmentChanges(Lorg/spongepowered/asm/mixin/injection/callback/CallbackInfoReturnable;Ljava/util/Map;[Lnet/minecraft/world/entity/EquipmentSlot;IILnet/minecraft/world/entity/EquipmentSlot;Lnet/minecraft/world/item/ItemStack;Lnet/minecraft/world/item/ItemStack;)V doesn't use it's CallbackInfoReturnable
[14:38:40] [main/DEBUG] (FabricLoader/Mixin) fabric-lifecycle-events-v1.mixins.json:LivingEntityMixin from mod fabric-lifecycle-events-v1->@Inject::getEquipmentChanges(Lorg/spongepowered/asm/mixin/injection/callback/CallbackInfoReturnable;Ljava/util/Map;[Lnet/minecraft/world/entity/EquipmentSlot;IILnet/minecraft/world/entity/EquipmentSlot;Lnet/minecraft/world/item/ItemStack;Lnet/minecraft/world/item/ItemStack;)V has 0 override(s) in child classes
[14:38:40] [main/DEBUG] (FabricLoader/Mixin) fabric-lifecycle-events-v1.mixins.json:LivingEntityMixin from mod fabric-lifecycle-events-v1->@Inject::getEquipmentChanges(Lorg/spongepowered/asm/mixin/injection/callback/CallbackInfoReturnable;Ljava/util/Map;[Lnet/minecraft/world/entity/EquipmentSlot;IILnet/minecraft/world/entity/EquipmentSlot;Lnet/minecraft/world/item/ItemStack;Lnet/minecraft/world/item/ItemStack;)V won't be passed a CallbackInfoReturnable as a result
[14:38:40] [main/DEBUG] (FabricLoader/Mixin) fabric-item-api-v1.mixins.json:LivingEntityMixin from mod fabric-item-api-v1->@Inject::onGetPreferredEquipmentSlot(Lnet/minecraft/world/item/ItemStack;Lorg/spongepowered/asm/mixin/injection/callback/CallbackInfoReturnable;)V does use it's CallbackInfoReturnable
[14:38:40] [main/DEBUG] (FabricLoader/Mixin) Mixing AttachmentTargetsMixin from fabric-data-attachment-api-v1.mixins.json into net.minecraft.world.level.Level
[14:38:40] [main/DEBUG] (FabricLoader/Mixin) fabric-data-attachment-api-v1.mixins.json:AttachmentTargetsMixin from mod fabric-data-attachment-api-v1: Class version 65 required is higher than the class version supported by the current version of Mixin (JAVA_17 supports class version 61)
[14:38:40] [main/DEBUG] (FabricLoader/Mixin) Mixing WorldMixin from fabric-lifecycle-events-v1.mixins.json into net.minecraft.world.level.Level
[14:38:40] [main/DEBUG] (FabricLoader/Mixin) fabric-lifecycle-events-v1.mixins.json:WorldMixin from mod fabric-lifecycle-events-v1: Class version 65 required is higher than the class version supported by the current version of Mixin (JAVA_17 supports class version 61)
[14:38:40] [main/DEBUG] (FabricLoader/Mixin) Mixing WorldViewMixin from fabric-rendering-data-attachment-v1.mixins.json into net.minecraft.world.level.LevelReader
[14:38:40] [main/DEBUG] (FabricLoader/Mixin) fabric-rendering-data-attachment-v1.mixins.json:WorldViewMixin from mod fabric-rendering-data-attachment-v1: Class version 65 required is higher than the class version supported by the current version of Mixin (JAVA_17 supports class version 61)
[14:38:40] [main/DEBUG] (FabricLoader/Mixin) Mixing ServerWorldMixin from fabric-data-attachment-api-v1.mixins.json into net.minecraft.server.level.ServerLevel
[14:38:40] [main/DEBUG] (FabricLoader/Mixin) fabric-data-attachment-api-v1.mixins.json:ServerWorldMixin from mod fabric-data-attachment-api-v1: Class version 65 required is higher than the class version supported by the current version of Mixin (JAVA_17 supports class version 61)
[14:38:40] [main/DEBUG] (FabricLoader/Mixin) Renaming synthetic method lambda$createAttachmentsPersistentState$1(Lnet/minecraft/server/level/ServerLevel;Lnet/minecraft/nbt/CompoundTag;Lnet/minecraft/core/HolderLookup$Provider;)Lnet/fabricmc/fabric/impl/attachment/AttachmentPersistentState; to md95bee0$fabric-data-attachment-api-v1$lambda$createAttachmentsPersistentState$1$0 in fabric-data-attachment-api-v1.mixins.json:ServerWorldMixin from mod fabric-data-attachment-api-v1
[14:38:40] [main/DEBUG] (FabricLoader/Mixin) Renaming synthetic method lambda$createAttachmentsPersistentState$0(Lnet/minecraft/server/level/ServerLevel;)Lnet/fabricmc/fabric/impl/attachment/AttachmentPersistentState; to md95bee0$fabric-data-attachment-api-v1$lambda$createAttachmentsPersistentState$0$1 in fabric-data-attachment-api-v1.mixins.json:ServerWorldMixin from mod fabric-data-attachment-api-v1
[14:38:40] [main/DEBUG] (FabricLoader/Mixin) Mixing ServerWorldMixin from fabric-lifecycle-events-v1.mixins.json into net.minecraft.server.level.ServerLevel
[14:38:40] [main/DEBUG] (FabricLoader/Mixin) fabric-lifecycle-events-v1.mixins.json:ServerWorldMixin from mod fabric-lifecycle-events-v1: Class version 65 required is higher than the class version supported by the current version of Mixin (JAVA_17 supports class version 61)
[14:38:40] [main/DEBUG] (FabricLoader/Mixin) Mixing ServerWorldMixin from fabric-api-lookup-api-v1.mixins.json into net.minecraft.server.level.ServerLevel
[14:38:40] [main/DEBUG] (FabricLoader/Mixin) fabric-api-lookup-api-v1.mixins.json:ServerWorldMixin from mod fabric-api-lookup-api-v1: Class version 65 required is higher than the class version supported by the current version of Mixin (JAVA_17 supports class version 61)
[14:38:40] [main/DEBUG] (FabricLoader/Mixin) Renaming synthetic method lambda$fabric_invalidateCache$5(Ljava/util/Map$Entry;)Z to md95bee0$fabric-api-lookup-api-v1$lambda$fabric_invalidateCache$5$2 in fabric-api-lookup-api-v1.mixins.json:ServerWorldMixin from mod fabric-api-lookup-api-v1
[14:38:40] [main/DEBUG] (FabricLoader/Mixin) Renaming synthetic method lambda$fabric_invalidateCache$4(Ljava/lang/ref/WeakReference;)Z to md95bee0$fabric-api-lookup-api-v1$lambda$fabric_invalidateCache$4$3 in fabric-api-lookup-api-v1.mixins.json:ServerWorldMixin from mod fabric-api-lookup-api-v1
[14:38:40] [main/DEBUG] (FabricLoader/Mixin) Renaming synthetic method lambda$fabric_invalidateCache$3(Ljava/lang/ref/WeakReference;)V to md95bee0$fabric-api-lookup-api-v1$lambda$fabric_invalidateCache$3$4 in fabric-api-lookup-api-v1.mixins.json:ServerWorldMixin from mod fabric-api-lookup-api-v1
[14:38:40] [main/DEBUG] (FabricLoader/Mixin) Renaming synthetic method lambda$fabric_invalidateCache$2(Ljava/lang/ref/WeakReference;)Z to md95bee0$fabric-api-lookup-api-v1$lambda$fabric_invalidateCache$2$5 in fabric-api-lookup-api-v1.mixins.json:ServerWorldMixin from mod fabric-api-lookup-api-v1
[14:38:40] [main/DEBUG] (FabricLoader/Mixin) Renaming synthetic method lambda$fabric_registerCache$1(Ljava/lang/ref/WeakReference;)Z to md95bee0$fabric-api-lookup-api-v1$lambda$fabric_registerCache$1$6 in fabric-api-lookup-api-v1.mixins.json:ServerWorldMixin from mod fabric-api-lookup-api-v1
[14:38:40] [main/DEBUG] (FabricLoader/Mixin) Renaming synthetic method lambda$fabric_registerCache$0(Lnet/minecraft/core/BlockPos;)Ljava/util/List; to md95bee0$fabric-api-lookup-api-v1$lambda$fabric_registerCache$0$7 in fabric-api-lookup-api-v1.mixins.json:ServerWorldMixin from mod fabric-api-lookup-api-v1
[14:38:40] [main/DEBUG] (FabricLoader/Mixin) fabric-data-attachment-api-v1.mixins.json:ServerWorldMixin from mod fabric-data-attachment-api-v1->@Inject::createAttachmentsPersistentState(Lorg/spongepowered/asm/mixin/injection/callback/CallbackInfo;)V doesn't use it's CallbackInfo
[14:38:40] [main/DEBUG] (FabricLoader/Mixin) fabric-data-attachment-api-v1.mixins.json:ServerWorldMixin from mod fabric-data-attachment-api-v1->@Inject::createAttachmentsPersistentState(Lorg/spongepowered/asm/mixin/injection/callback/CallbackInfo;)V has 0 override(s) in child classes
[14:38:40] [main/DEBUG] (FabricLoader/Mixin) fabric-data-attachment-api-v1.mixins.json:ServerWorldMixin from mod fabric-data-attachment-api-v1->@Inject::createAttachmentsPersistentState(Lorg/spongepowered/asm/mixin/injection/callback/CallbackInfo;)V won't be passed a CallbackInfo as a result
[14:38:40] [main/DEBUG] (FabricLoader/Mixin) fabric-lifecycle-events-v1.mixins.json:ServerWorldMixin from mod fabric-lifecycle-events-v1->@Inject::startWorldTick(Ljava/util/function/BooleanSupplier;Lorg/spongepowered/asm/mixin/injection/callback/CallbackInfo;)V doesn't use it's CallbackInfo
[14:38:40] [main/DEBUG] (FabricLoader/Mixin) fabric-lifecycle-events-v1.mixins.json:ServerWorldMixin from mod fabric-lifecycle-events-v1->@Inject::startWorldTick(Ljava/util/function/BooleanSupplier;Lorg/spongepowered/asm/mixin/injection/callback/CallbackInfo;)V has 0 override(s) in child classes
[14:38:40] [main/DEBUG] (FabricLoader/Mixin) fabric-lifecycle-events-v1.mixins.json:ServerWorldMixin from mod fabric-lifecycle-events-v1->@Inject::startWorldTick(Ljava/util/function/BooleanSupplier;Lorg/spongepowered/asm/mixin/injection/callback/CallbackInfo;)V won't be passed a CallbackInfo as a result
[14:38:40] [main/DEBUG] (FabricLoader/Mixin) fabric-lifecycle-events-v1.mixins.json:ServerWorldMixin from mod fabric-lifecycle-events-v1->@Inject::endWorldTick(Ljava/util/function/BooleanSupplier;Lorg/spongepowered/asm/mixin/injection/callback/CallbackInfo;)V doesn't use it's CallbackInfo
[14:38:40] [main/DEBUG] (FabricLoader/Mixin) fabric-lifecycle-events-v1.mixins.json:ServerWorldMixin from mod fabric-lifecycle-events-v1->@Inject::endWorldTick(Ljava/util/function/BooleanSupplier;Lorg/spongepowered/asm/mixin/injection/callback/CallbackInfo;)V has 0 override(s) in child classes
[14:38:40] [main/DEBUG] (FabricLoader/Mixin) fabric-lifecycle-events-v1.mixins.json:ServerWorldMixin from mod fabric-lifecycle-events-v1->@Inject::endWorldTick(Ljava/util/function/BooleanSupplier;Lorg/spongepowered/asm/mixin/injection/callback/CallbackInfo;)V won't be passed a CallbackInfo as a result
[14:38:40] [main/DEBUG] (FabricLoader/Mixin) Mixing AbstractBlockSettingsAccessor from fabric-object-builder-v1.mixins.json into net.minecraft.world.level.block.state.BlockBehaviour$Properties
[14:38:40] [main/DEBUG] (FabricLoader/Mixin) fabric-object-builder-v1.mixins.json:AbstractBlockSettingsAccessor from mod fabric-object-builder-api-v1: Class version 65 required is higher than the class version supported by the current version of Mixin (JAVA_17 supports class version 61)
[14:38:40] [main/DEBUG] (FabricLoader/Mixin) Mixing IdListMixin from fabric-registry-sync-v0.mixins.json into net.minecraft.core.IdMapper
[14:38:40] [main/DEBUG] (FabricLoader/Mixin) fabric-registry-sync-v0.mixins.json:IdListMixin from mod fabric-registry-sync-v0: Class version 65 required is higher than the class version supported by the current version of Mixin (JAVA_17 supports class version 61)
[14:38:40] [main/DEBUG] (FabricLoader/Mixin) Renaming synthetic method lambda$fabric_remapIds$0(Lit/unimi/dsi/fastutil/ints/Int2IntMap;Ljava/lang/Object;Ljava/lang/Integer;)Ljava/lang/Integer; to md95bee0$fabric-registry-sync-v0$lambda$fabric_remapIds$0$0 in fabric-registry-sync-v0.mixins.json:IdListMixin from mod fabric-registry-sync-v0
[14:38:41] [main/DEBUG] (FabricLoader/Mixin) Mixing DetectorRailBlockMixin from fabric-object-builder-v1.mixins.json into net.minecraft.world.level.block.DetectorRailBlock
[14:38:41] [main/DEBUG] (FabricLoader/Mixin) fabric-object-builder-v1.mixins.json:DetectorRailBlockMixin from mod fabric-object-builder-api-v1: Class version 65 required is higher than the class version supported by the current version of Mixin (JAVA_17 supports class version 61)
[14:38:41] [main/DEBUG] (FabricLoader/Mixin) Renaming synthetic method lambda$getCustomComparatorOutput$0(Lnet/minecraft/world/entity/Entity;)Z to md95bee0$fabric-object-builder-api-v1$lambda$getCustomComparatorOutput$0$0 in fabric-object-builder-v1.mixins.json:DetectorRailBlockMixin from mod fabric-object-builder-api-v1
[14:38:41] [main/DEBUG] (FabricLoader/Mixin) fabric-object-builder-v1.mixins.json:DetectorRailBlockMixin from mod fabric-object-builder-api-v1->@Inject::getCustomComparatorOutput(Lnet/minecraft/world/level/block/state/BlockState;Lnet/minecraft/world/level/Level;Lnet/minecraft/core/BlockPos;Lorg/spongepowered/asm/mixin/injection/callback/CallbackInfoReturnable;)V does use it's CallbackInfoReturnable
[14:38:41] [main/DEBUG] (FabricLoader/Mixin) Mixing DropperBlockMixin from fabric-transfer-api-v1.mixins.json into net.minecraft.world.level.block.DropperBlock
[14:38:41] [main/DEBUG] (FabricLoader/Mixin) fabric-transfer-api-v1.mixins.json:DropperBlockMixin from mod fabric-transfer-api-v1: Class version 65 required is higher than the class version supported by the current version of Mixin (JAVA_17 supports class version 61)
[14:38:41] [main/DEBUG] (FabricLoader/Mixin) Renaming synthetic method lambda$hookDispense$0(Lnet/fabricmc/fabric/api/transfer/v1/item/ItemVariant;)Z to md95bee0$fabric-transfer-api-v1$lambda$hookDispense$0$0 in fabric-transfer-api-v1.mixins.json:DropperBlockMixin from mod fabric-transfer-api-v1
[14:38:41] [main/DEBUG] (FabricLoader/Mixin) fabric-transfer-api-v1.mixins.json:DropperBlockMixin from mod fabric-transfer-api-v1->@Inject::hookDispense(Lnet/minecraft/server/level/ServerLevel;Lnet/minecraft/world/level/block/state/BlockState;Lnet/minecraft/core/BlockPos;Lorg/spongepowered/asm/mixin/injection/callback/CallbackInfo;)V does use it's CallbackInfo
[14:38:41] [main/DEBUG] (FabricLoader/Mixin) Mixing OxidizableMixin from fabric-content-registries-v0.mixins.json into net.minecraft.world.level.block.WeatheringCopper
[14:38:41] [main/DEBUG] (FabricLoader/Mixin) fabric-content-registries-v0.mixins.json:OxidizableMixin from mod fabric-content-registries-v0: Class version 65 required is higher than the class version supported by the current version of Mixin (JAVA_17 supports class version 61)
[14:38:41] [main/DEBUG] (FabricLoader/Mixin) fabric-content-registries-v0.mixins.json:OxidizableMixin from mod fabric-content-registries-v0->@Inject::createOxidationLevelIncreasesMap(Lorg/spongepowered/asm/mixin/injection/callback/CallbackInfoReturnable;)V does use it's CallbackInfoReturnable
[14:38:41] [main/DEBUG] (FabricLoader/Mixin) Mixing BlockStateMixin from fabric-block-api-v1.mixins.json into net.minecraft.world.level.block.state.BlockState
[14:38:41] [main/DEBUG] (FabricLoader/Mixin) fabric-block-api-v1.mixins.json:BlockStateMixin from mod fabric-block-api-v1: Class version 65 required is higher than the class version supported by the current version of Mixin (JAVA_17 supports class version 61)
[14:38:41] [main/DEBUG] (FabricLoader/Mixin) Mixing EntityTypeMixin from fabric-object-builder-v1.mixins.json into net.minecraft.world.entity.EntityType
[14:38:41] [main/DEBUG] (FabricLoader/Mixin) fabric-object-builder-v1.mixins.json:EntityTypeMixin from mod fabric-object-builder-api-v1: Class version 65 required is higher than the class version supported by the current version of Mixin (JAVA_17 supports class version 61)
[14:38:41] [main/DEBUG] (FabricLoader/Mixin) fabric-object-builder-v1.mixins.json:EntityTypeMixin from mod fabric-object-builder-api-v1->@Inject::alwaysUpdateVelocity(Lorg/spongepowered/asm/mixin/injection/callback/CallbackInfoReturnable;)V does use it's CallbackInfoReturnable
[14:38:41] [main/DEBUG] (FabricLoader/Mixin) Mixing FluidMixin from fabric-transfer-api-v1.mixins.json into net.minecraft.world.level.material.Fluid
[14:38:41] [main/DEBUG] (FabricLoader/Mixin) fabric-transfer-api-v1.mixins.json:FluidMixin from mod fabric-transfer-api-v1: Class version 65 required is higher than the class version supported by the current version of Mixin (JAVA_17 supports class version 61)
[14:38:41] [main/DEBUG] (FabricLoader/Mixin) fabric-transfer-api-v1.mixins.json:FluidMixin from mod fabric-transfer-api-v1->@Inject::hookGetBucketFillSound(Lorg/spongepowered/asm/mixin/injection/callback/CallbackInfoReturnable;)V does use it's CallbackInfoReturnable
[14:38:41] [main/DEBUG] (FabricLoader/Mixin) Mixing BlockEntityMixin from fabric-block-view-api-v2.mixins.json into net.minecraft.world.level.block.entity.BlockEntity
[14:38:41] [main/DEBUG] (FabricLoader/Mixin) fabric-block-view-api-v2.mixins.json:BlockEntityMixin from mod fabric-block-view-api-v2: Class version 65 required is higher than the class version supported by the current version of Mixin (JAVA_17 supports class version 61)
[14:38:41] [main/DEBUG] (FabricLoader/Mixin) Mixing AttachmentTargetsMixin from fabric-data-attachment-api-v1.mixins.json into net.minecraft.world.level.block.entity.BlockEntity
[14:38:41] [main/DEBUG] (FabricLoader/Mixin) fabric-data-attachment-api-v1.mixins.json:AttachmentTargetsMixin from mod fabric-data-attachment-api-v1: Class version 65 required is higher than the class version supported by the current version of Mixin (JAVA_17 supports class version 61)
[14:38:41] [main/DEBUG] (FabricLoader/Mixin) Mixing BlockEntityMixin from fabric-data-attachment-api-v1.mixins.json into net.minecraft.world.level.block.entity.BlockEntity
[14:38:41] [main/DEBUG] (FabricLoader/Mixin) fabric-data-attachment-api-v1.mixins.json:BlockEntityMixin from mod fabric-data-attachment-api-v1: Class version 65 required is higher than the class version supported by the current version of Mixin (JAVA_17 supports class version 61)
[14:38:41] [main/DEBUG] (FabricLoader/Mixin) Mixing BlockEntityMixin from fabric-rendering-data-attachment-v1.mixins.json into net.minecraft.world.level.block.entity.BlockEntity
[14:38:41] [main/DEBUG] (FabricLoader/Mixin) fabric-rendering-data-attachment-v1.mixins.json:BlockEntityMixin from mod fabric-rendering-data-attachment-v1: Class version 65 required is higher than the class version supported by the current version of Mixin (JAVA_17 supports class version 61)
[14:38:41] [main/DEBUG] (FabricLoader/Mixin) fabric-data-attachment-api-v1.mixins.json:BlockEntityMixin from mod fabric-data-attachment-api-v1->@Inject::readBlockEntityAttachments(Lnet/minecraft/nbt/CompoundTag;Lnet/minecraft/core/HolderLookup$Provider;Lorg/spongepowered/asm/mixin/injection/callback/CallbackInfo;)V doesn't use it's CallbackInfo
[14:38:41] [main/DEBUG] (FabricLoader/Mixin) fabric-data-attachment-api-v1.mixins.json:BlockEntityMixin from mod fabric-data-attachment-api-v1->@Inject::readBlockEntityAttachments(Lnet/minecraft/nbt/CompoundTag;Lnet/minecraft/core/HolderLookup$Provider;Lorg/spongepowered/asm/mixin/injection/callback/CallbackInfo;)V has 0 override(s) in child classes
[14:38:41] [main/DEBUG] (FabricLoader/Mixin) fabric-data-attachment-api-v1.mixins.json:BlockEntityMixin from mod fabric-data-attachment-api-v1->@Inject::readBlockEntityAttachments(Lnet/minecraft/nbt/CompoundTag;Lnet/minecraft/core/HolderLookup$Provider;Lorg/spongepowered/asm/mixin/injection/callback/CallbackInfo;)V won't be passed a CallbackInfo as a result
[14:38:41] [main/DEBUG] (FabricLoader/Mixin) fabric-data-attachment-api-v1.mixins.json:BlockEntityMixin from mod fabric-data-attachment-api-v1->@Inject::writeBlockEntityAttachments(Lnet/minecraft/core/HolderLookup$Provider;Lorg/spongepowered/asm/mixin/injection/callback/CallbackInfoReturnable;)V does use it's CallbackInfoReturnable
[14:38:42] [main/DEBUG] (FabricLoader/Mixin) Mixing NamedScreenHandlerFactoryMixin from fabric-screen-handler-api-v1.mixins.json into net.minecraft.world.MenuProvider
[14:38:42] [main/DEBUG] (FabricLoader/Mixin) fabric-screen-handler-api-v1.mixins.json:NamedScreenHandlerFactoryMixin from mod fabric-screen-handler-api-v1: Class version 65 required is higher than the class version supported by the current version of Mixin (JAVA_17 supports class version 61)
[14:38:42] [main/DEBUG] (FabricLoader/Mixin) Mixing LockableContainerBlockEntityMixin from fabric-transfer-api-v1.mixins.json into net.minecraft.world.level.block.entity.BaseContainerBlockEntity
[14:38:42] [main/DEBUG] (FabricLoader/Mixin) fabric-transfer-api-v1.mixins.json:LockableContainerBlockEntityMixin from mod fabric-transfer-api-v1: Class version 65 required is higher than the class version supported by the current version of Mixin (JAVA_17 supports class version 61)
[14:38:42] [main/DEBUG] (FabricLoader/Mixin) Mixing MobEntityMixin from fabric-entity-events-v1.mixins.json into net.minecraft.world.entity.Mob
[14:38:42] [main/DEBUG] (FabricLoader/Mixin) fabric-entity-events-v1.mixins.json:MobEntityMixin from mod fabric-entity-events-v1: Class version 65 required is higher than the class version supported by the current version of Mixin (JAVA_17 supports class version 61)
[14:38:42] [main/DEBUG] (FabricLoader/Mixin) Mixing ChiseledBookshelfBlockEntityMixin from fabric-transfer-api-v1.mixins.json into net.minecraft.world.level.block.entity.ChiseledBookShelfBlockEntity
[14:38:42] [main/DEBUG] (FabricLoader/Mixin) fabric-transfer-api-v1.mixins.json:ChiseledBookshelfBlockEntityMixin from mod fabric-transfer-api-v1: Class version 65 required is higher than the class version supported by the current version of Mixin (JAVA_17 supports class version 61)
[14:38:42] [main/DEBUG] (FabricLoader/Mixin) fabric-transfer-api-v1.mixins.json:ChiseledBookshelfBlockEntityMixin from mod fabric-transfer-api-v1->@Inject::setStackBypass(ILnet/minecraft/world/item/ItemStack;Lorg/spongepowered/asm/mixin/injection/callback/CallbackInfo;)V does use it's CallbackInfo
[14:38:42] [main/DEBUG] (FabricLoader/Mixin) Mixing BlockEntityTypeAccessor from fabric-api-lookup-api-v1.mixins.json into net.minecraft.world.level.block.entity.BlockEntityType
[14:38:42] [main/DEBUG] (FabricLoader/Mixin) fabric-api-lookup-api-v1.mixins.json:BlockEntityTypeAccessor from mod fabric-api-lookup-api-v1: Class version 65 required is higher than the class version supported by the current version of Mixin (JAVA_17 supports class version 61)
[14:38:42] [main/DEBUG] (FabricLoader/Mixin) Mixing AbstractFurnaceBlockEntityMixin from fabric-item-api-v1.mixins.json into net.minecraft.world.level.block.entity.AbstractFurnaceBlockEntity
[14:38:42] [main/DEBUG] (FabricLoader/Mixin) fabric-item-api-v1.mixins.json:AbstractFurnaceBlockEntityMixin from mod fabric-item-api-v1: Class version 65 required is higher than the class version supported by the current version of Mixin (JAVA_17 supports class version 61)
[14:38:42] [main/DEBUG] (FabricLoader/Mixin) Mixing AbstractFurnaceBlockEntityMixin from fabric-transfer-api-v1.mixins.json into net.minecraft.world.level.block.entity.AbstractFurnaceBlockEntity
[14:38:42] [main/DEBUG] (FabricLoader/Mixin) fabric-transfer-api-v1.mixins.json:AbstractFurnaceBlockEntityMixin from mod fabric-transfer-api-v1: Class version 65 required is higher than the class version supported by the current version of Mixin (JAVA_17 supports class version 61)
[14:38:42] [main/DEBUG] (FabricLoader/Mixin) Mixing AbstractFurnaceBlockEntityMixin from fabric-content-registries-v0.mixins.json into net.minecraft.world.level.block.entity.AbstractFurnaceBlockEntity
[14:38:42] [main/DEBUG] (FabricLoader/Mixin) fabric-content-registries-v0.mixins.json:AbstractFurnaceBlockEntityMixin from mod fabric-content-registries-v0: Class version 65 required is higher than the class version supported by the current version of Mixin (JAVA_17 supports class version 61)
[14:38:42] [main/DEBUG] (FabricLoader/Mixin) fabric-item-api-v1.mixins.json:AbstractFurnaceBlockEntityMixin from mod fabric-item-api-v1->@Inject::getStackRemainder(Lnet/minecraft/world/level/Level;Lnet/minecraft/core/BlockPos;Lnet/minecraft/world/level/block/state/BlockState;Lnet/minecraft/world/level/block/entity/AbstractFurnaceBlockEntity;Lorg/spongepowered/asm/mixin/injection/callback/CallbackInfo;ZZLnet/minecraft/world/item/ItemStack;Lnet/minecraft/world/item/ItemStack;ZZLnet/minecraft/world/item/crafting/RecipeHolder;I)V doesn't use it's CallbackInfo
[14:38:42] [main/DEBUG] (FabricLoader/Mixin) fabric-transfer-api-v1.mixins.json:AbstractFurnaceBlockEntityMixin from mod fabric-transfer-api-v1->@Inject::setStackSuppressUpdate(ILnet/minecraft/world/item/ItemStack;Lorg/spongepowered/asm/mixin/injection/callback/CallbackInfo;)V does use it's CallbackInfo
[14:38:42] [main/DEBUG] (FabricLoader/Mixin) fabric-content-registries-v0.mixins.json:AbstractFurnaceBlockEntityMixin from mod fabric-content-registries-v0->@Inject::fuelTimeMapHook(Lorg/spongepowered/asm/mixin/injection/callback/CallbackInfoReturnable;)V does use it's CallbackInfoReturnable
[14:38:42] [main/DEBUG] (FabricLoader/Mixin) fabric-content-registries-v0.mixins.json:AbstractFurnaceBlockEntityMixin from mod fabric-content-registries-v0->@Inject::fuelTimeMapHook(Lorg/spongepowered/asm/mixin/injection/callback/CallbackInfoReturnable;)V does use it's CallbackInfoReturnable
[14:38:42] [main/DEBUG] (FabricLoader/Mixin) Mixing JukeboxBlockEntityMixin from fabric-transfer-api-v1.mixins.json into net.minecraft.world.level.block.entity.JukeboxBlockEntity
[14:38:42] [main/DEBUG] (FabricLoader/Mixin) fabric-transfer-api-v1.mixins.json:JukeboxBlockEntityMixin from mod fabric-transfer-api-v1: Class version 65 required is higher than the class version supported by the current version of Mixin (JAVA_17 supports class version 61)
[14:38:42] [main/DEBUG] (FabricLoader/Mixin) fabric-transfer-api-v1.mixins.json:JukeboxBlockEntityMixin from mod fabric-transfer-api-v1->@Inject::setStackBypass(Lnet/minecraft/world/item/ItemStack;Lorg/spongepowered/asm/mixin/injection/callback/CallbackInfo;)V does use it's CallbackInfo
[14:38:42] [main/DEBUG] (FabricLoader/Mixin) Mixing BrewingStandBlockEntityMixin from fabric-item-api-v1.mixins.json into net.minecraft.world.level.block.entity.BrewingStandBlockEntity
[14:38:42] [main/DEBUG] (FabricLoader/Mixin) fabric-item-api-v1.mixins.json:BrewingStandBlockEntityMixin from mod fabric-item-api-v1: Class version 65 required is higher than the class version supported by the current version of Mixin (JAVA_17 supports class version 61)
[14:38:42] [main/DEBUG] (FabricLoader/Mixin) fabric-item-api-v1.mixins.json:BrewingStandBlockEntityMixin from mod fabric-item-api-v1->@Inject::captureItemStack(Lnet/minecraft/world/level/Level;Lnet/minecraft/core/BlockPos;Lnet/minecraft/core/NonNullList;Lorg/spongepowered/asm/mixin/injection/callback/CallbackInfo;Lnet/minecraft/world/item/ItemStack;)V doesn't use it's CallbackInfo
[14:38:42] [main/DEBUG] (FabricLoader/Mixin) Mixing ItemStackMixin from fabric-item-api-v1.mixins.json into net.minecraft.world.item.ItemStack
[14:38:42] [main/DEBUG] (FabricLoader/Mixin) fabric-item-api-v1.mixins.json:ItemStackMixin from mod fabric-item-api-v1: Class version 65 required is higher than the class version supported by the current version of Mixin (JAVA_17 supports class version 61)
[14:38:42] [main/DEBUG] (FabricLoader/Mixin) Renaming synthetic method lambda$hookDamage$0(Lorg/apache/commons/lang3/mutable/MutableBoolean;Ljava/util/function/Consumer;)V to md95bee0$fabric-item-api-v1$lambda$hookDamage$0$0 in fabric-item-api-v1.mixins.json:ItemStackMixin from mod fabric-item-api-v1
[14:38:42] [main/DEBUG] (FabricLoader/Mixin) Mixing ItemStackMixin from fabric-item-api-v1.client.mixins.json into net.minecraft.world.item.ItemStack
[14:38:42] [main/DEBUG] (FabricLoader/Mixin) fabric-item-api-v1.client.mixins.json:ItemStackMixin from mod fabric-item-api-v1: Class version 65 required is higher than the class version supported by the current version of Mixin (JAVA_17 supports class version 61)
[14:38:42] [main/DEBUG] (FabricLoader/Mixin) Mixing ItemStackMixin from yapping_tooltips.mixins.json into net.minecraft.world.item.ItemStack
[14:38:42] [main/DEBUG] (FabricLoader/Mixin) yapping_tooltips.mixins.json:ItemStackMixin from mod yapping_tooltips: Class version 65 required is higher than the class version supported by the current version of Mixin (JAVA_18 supports class version 62)
[14:38:42] [main/DEBUG] (FabricLoader/Mixin) fabric-item-api-v1.client.mixins.json:ItemStackMixin from mod fabric-item-api-v1->@Inject::getTooltip(Lnet/minecraft/world/item/Item$TooltipContext;Lnet/minecraft/world/entity/player/Player;Lnet/minecraft/world/item/TooltipFlag;Lorg/spongepowered/asm/mixin/injection/callback/CallbackInfoReturnable;)V does use it's CallbackInfoReturnable
[14:38:42] [main/DEBUG] (FabricLoader/Mixin) yapping_tooltips.mixins.json:ItemStackMixin from mod yapping_tooltips->@Inject::yappingTooltips$getTooltipLines(Lnet/minecraft/world/item/Item$TooltipContext;Lnet/minecraft/world/entity/player/Player;Lnet/minecraft/world/item/TooltipFlag;Lorg/spongepowered/asm/mixin/injection/callback/CallbackInfoReturnable;)V does use it's CallbackInfoReturnable
[14:38:42] [main/DEBUG] (FabricLoader/Mixin) yapping_tooltips.mixins.json:ItemStackMixin from mod yapping_tooltips->@Inject::yappingTooltips$getTooltipLines(Lnet/minecraft/world/item/Item$TooltipContext;Lnet/minecraft/world/entity/player/Player;Lnet/minecraft/world/item/TooltipFlag;Lorg/spongepowered/asm/mixin/injection/callback/CallbackInfoReturnable;)V does use it's CallbackInfoReturnable
[14:38:42] [main/DEBUG] (FabricLoader/Mixin) Mixing AnvilScreenHandlerMixin from fabric-item-api-v1.mixins.json into net.minecraft.world.inventory.AnvilMenu
[14:38:42] [main/DEBUG] (FabricLoader/Mixin) fabric-item-api-v1.mixins.json:AnvilScreenHandlerMixin from mod fabric-item-api-v1: Class version 65 required is higher than the class version supported by the current version of Mixin (JAVA_17 supports class version 61)
[14:38:42] [main/DEBUG] (FabricLoader/Mixin) Mixing HopperBlockEntityMixin from fabric-transfer-api-v1.mixins.json into net.minecraft.world.level.block.entity.HopperBlockEntity
[14:38:42] [main/DEBUG] (FabricLoader/Mixin) fabric-transfer-api-v1.mixins.json:HopperBlockEntityMixin from mod fabric-transfer-api-v1: Class version 65 required is higher than the class version supported by the current version of Mixin (JAVA_17 supports class version 61)
[14:38:42] [main/DEBUG] (FabricLoader/Mixin) Renaming synthetic method lambda$hookExtract$1(Lnet/fabricmc/fabric/api/transfer/v1/item/ItemVariant;)Z to md95bee0$fabric-transfer-api-v1$lambda$hookExtract$1$0 in fabric-transfer-api-v1.mixins.json:HopperBlockEntityMixin from mod fabric-transfer-api-v1
[14:38:42] [main/DEBUG] (FabricLoader/Mixin) Renaming synthetic method lambda$hookInsert$0(Lnet/fabricmc/fabric/api/transfer/v1/item/ItemVariant;)Z to md95bee0$fabric-transfer-api-v1$lambda$hookInsert$0$1 in fabric-transfer-api-v1.mixins.json:HopperBlockEntityMixin from mod fabric-transfer-api-v1
[14:38:42] [main/DEBUG] (FabricLoader/Mixin) fabric-transfer-api-v1.mixins.json:HopperBlockEntityMixin from mod fabric-transfer-api-v1->@Inject::hookInsert(Lnet/minecraft/world/level/Level;Lnet/minecraft/core/BlockPos;Lnet/minecraft/world/level/block/entity/HopperBlockEntity;Lorg/spongepowered/asm/mixin/injection/callback/CallbackInfoReturnable;)V does use it's CallbackInfoReturnable
[14:38:42] [main/DEBUG] (FabricLoader/Mixin) fabric-transfer-api-v1.mixins.json:HopperBlockEntityMixin from mod fabric-transfer-api-v1->@Inject::hookExtract(Lnet/minecraft/world/level/Level;Lnet/minecraft/world/level/block/entity/Hopper;Lorg/spongepowered/asm/mixin/injection/callback/CallbackInfoReturnable;)V does use it's CallbackInfoReturnable
[14:38:42] [main/DEBUG] (FabricLoader/Mixin) Mixing BannerBlockEntityMixin from fabric-data-attachment-api-v1.mixins.json into net.minecraft.world.level.block.entity.BannerBlockEntity
[14:38:42] [main/DEBUG] (FabricLoader/Mixin) fabric-data-attachment-api-v1.mixins.json:BannerBlockEntityMixin from mod fabric-data-attachment-api-v1: Class version 65 required is higher than the class version supported by the current version of Mixin (JAVA_17 supports class version 61)
[14:38:43] [main/DEBUG] (FabricLoader/Mixin) Mixing TadpoleEntityMixin from fabric-entity-events-v1.mixins.json into net.minecraft.world.entity.animal.frog.Tadpole
[14:38:43] [main/DEBUG] (FabricLoader/Mixin) fabric-entity-events-v1.mixins.json:TadpoleEntityMixin from mod fabric-entity-events-v1: Class version 65 required is higher than the class version supported by the current version of Mixin (JAVA_17 supports class version 61)
[14:38:44] [main/DEBUG] (FabricLoader/Mixin) Mixing ItemAccessor from fabric-item-api-v1.mixins.json into net.minecraft.world.item.Item
[14:38:44] [main/DEBUG] (FabricLoader/Mixin) fabric-item-api-v1.mixins.json:ItemAccessor from mod fabric-item-api-v1: Class version 65 required is higher than the class version supported by the current version of Mixin (JAVA_17 supports class version 61)
[14:38:44] [main/DEBUG] (FabricLoader/Mixin) Mixing ItemMixin from fabric-item-api-v1.mixins.json into net.minecraft.world.item.Item
[14:38:44] [main/DEBUG] (FabricLoader/Mixin) fabric-item-api-v1.mixins.json:ItemMixin from mod fabric-item-api-v1: Class version 65 required is higher than the class version supported by the current version of Mixin (JAVA_17 supports class version 61)
[14:38:44] [main/DEBUG] (FabricLoader/Mixin) Mixing ItemMixin from fabric-transfer-api-v1.mixins.json into net.minecraft.world.item.Item
[14:38:44] [main/DEBUG] (FabricLoader/Mixin) fabric-transfer-api-v1.mixins.json:ItemMixin from mod fabric-transfer-api-v1: Class version 65 required is higher than the class version supported by the current version of Mixin (JAVA_17 supports class version 61)
[14:38:44] [main/DEBUG] (FabricLoader/Mixin) fabric-item-api-v1.mixins.json:ItemMixin from mod fabric-item-api-v1->@Inject::onConstruct(Lnet/minecraft/world/item/Item$Properties;Lorg/spongepowered/asm/mixin/injection/callback/CallbackInfo;)V doesn't use it's CallbackInfo
[14:38:44] [main/DEBUG] (FabricLoader/Mixin) fabric-item-api-v1.mixins.json:ItemMixin from mod fabric-item-api-v1->@Inject::onConstruct(Lnet/minecraft/world/item/Item$Properties;Lorg/spongepowered/asm/mixin/injection/callback/CallbackInfo;)V has 0 override(s) in child classes
[14:38:44] [main/DEBUG] (FabricLoader/Mixin) fabric-item-api-v1.mixins.json:ItemMixin from mod fabric-item-api-v1->@Inject::onConstruct(Lnet/minecraft/world/item/Item$Properties;Lorg/spongepowered/asm/mixin/injection/callback/CallbackInfo;)V won't be passed a CallbackInfo as a result
[14:38:44] [main/DEBUG] (FabricLoader/Mixin) Mixing ShovelItemAccessor from fabric-content-registries-v0.mixins.json into net.minecraft.world.item.ShovelItem
[14:38:44] [main/DEBUG] (FabricLoader/Mixin) fabric-content-registries-v0.mixins.json:ShovelItemAccessor from mod fabric-content-registries-v0: Class version 65 required is higher than the class version supported by the current version of Mixin (JAVA_17 supports class version 61)
[14:38:44] [main/DEBUG] (FabricLoader/Mixin) Renaming @Accessor method getPathStates()Ljava/util/Map; to getPathStates$fabric-content-registries-v0_$md$95bee0$0 in fabric-content-registries-v0.mixins.json:ShovelItemAccessor from mod fabric-content-registries-v0
[14:38:44] [main/DEBUG] (FabricLoader/Mixin) Mixing AxeItemAccessor from fabric-content-registries-v0.mixins.json into net.minecraft.world.item.AxeItem
[14:38:44] [main/DEBUG] (FabricLoader/Mixin) fabric-content-registries-v0.mixins.json:AxeItemAccessor from mod fabric-content-registries-v0: Class version 65 required is higher than the class version supported by the current version of Mixin (JAVA_17 supports class version 61)
[14:38:44] [main/DEBUG] (FabricLoader/Mixin) Renaming @Accessor method getStrippedBlocks()Ljava/util/Map; to getStrippedBlocks$fabric-content-registries-v0_$md$95bee0$0 in fabric-content-registries-v0.mixins.json:AxeItemAccessor from mod fabric-content-registries-v0
[14:38:44] [main/DEBUG] (FabricLoader/Mixin) Renaming @Accessor method setStrippedBlocks(Ljava/util/Map;)V to setStrippedBlocks$fabric-content-registries-v0_$md$95bee0$1 in fabric-content-registries-v0.mixins.json:AxeItemAccessor from mod fabric-content-registries-v0
[14:38:44] [main/DEBUG] (FabricLoader/Mixin) Mixing HoeItemAccessor from fabric-content-registries-v0.mixins.json into net.minecraft.world.item.HoeItem
[14:38:44] [main/DEBUG] (FabricLoader/Mixin) fabric-content-registries-v0.mixins.json:HoeItemAccessor from mod fabric-content-registries-v0: Class version 65 required is higher than the class version supported by the current version of Mixin (JAVA_17 supports class version 61)
[14:38:44] [main/DEBUG] (FabricLoader/Mixin) Renaming @Accessor method getTillingActions()Ljava/util/Map; to getTillingActions$fabric-content-registries-v0_$md$95bee0$0 in fabric-content-registries-v0.mixins.json:HoeItemAccessor from mod fabric-content-registries-v0
[14:38:44] [main/DEBUG] (FabricLoader/Mixin) Mixing BucketItemAccessor from fabric-transfer-api-v1.mixins.json into net.minecraft.world.item.BucketItem
[14:38:44] [main/DEBUG] (FabricLoader/Mixin) fabric-transfer-api-v1.mixins.json:BucketItemAccessor from mod fabric-transfer-api-v1: Class version 65 required is higher than the class version supported by the current version of Mixin (JAVA_17 supports class version 61)
[14:38:44] [main/DEBUG] (FabricLoader/Mixin) Mixing BucketItemMixin from fabric-transfer-api-v1.mixins.json into net.minecraft.world.item.BucketItem
[14:38:44] [main/DEBUG] (FabricLoader/Mixin) fabric-transfer-api-v1.mixins.json:BucketItemMixin from mod fabric-transfer-api-v1: Class version 65 required is higher than the class version supported by the current version of Mixin (JAVA_17 supports class version 61)
[14:38:44] [main/DEBUG] (FabricLoader/Mixin) Mixing HoneycombItemMixin from fabric-content-registries-v0.mixins.json into net.minecraft.world.item.HoneycombItem
[14:38:44] [main/DEBUG] (FabricLoader/Mixin) fabric-content-registries-v0.mixins.json:HoneycombItemMixin from mod fabric-content-registries-v0: Class version 65 required is higher than the class version supported by the current version of Mixin (JAVA_17 supports class version 61)
[14:38:44] [main/DEBUG] (FabricLoader/Mixin) fabric-content-registries-v0.mixins.json:HoneycombItemMixin from mod fabric-content-registries-v0->@Inject::createUnwaxedToWaxedMap(Lorg/spongepowered/asm/mixin/injection/callback/CallbackInfoReturnable;)V does use it's CallbackInfoReturnable
[14:38:44] [main/DEBUG] (FabricLoader/Mixin) Mixing ItemSettingsMixin from fabric-item-api-v1.mixins.json into net.minecraft.world.item.Item$Properties
[14:38:44] [main/DEBUG] (FabricLoader/Mixin) fabric-item-api-v1.mixins.json:ItemSettingsMixin from mod fabric-item-api-v1: Class version 65 required is higher than the class version supported by the current version of Mixin (JAVA_17 supports class version 61)
[14:38:44] [main/DEBUG] (FabricLoader/Mixin) Mixing TagKeyMixin from fabric-convention-tags-api-v2.mixins.json into net.minecraft.tags.TagKey
[14:38:44] [main/DEBUG] (FabricLoader/Mixin) fabric-convention-tags-api-v2.mixins.json:TagKeyMixin from mod fabric-convention-tags-v2: Class version 65 required is higher than the class version supported by the current version of Mixin (JAVA_17 supports class version 61)
[14:38:45] [main/DEBUG] (FabricLoader/Mixin) Mixing AttachmentTargetsMixin from fabric-data-attachment-api-v1.mixins.json into net.minecraft.world.level.chunk.ChunkAccess
[14:38:45] [main/DEBUG] (FabricLoader/Mixin) fabric-data-attachment-api-v1.mixins.json:AttachmentTargetsMixin from mod fabric-data-attachment-api-v1: Class version 65 required is higher than the class version supported by the current version of Mixin (JAVA_17 supports class version 61)
[14:38:45] [main/DEBUG] (FabricLoader/Mixin) Mixing WorldChunkMixin from fabric-data-attachment-api-v1.mixins.json into net.minecraft.world.level.chunk.LevelChunk
[14:38:45] [main/DEBUG] (FabricLoader/Mixin) fabric-data-attachment-api-v1.mixins.json:WorldChunkMixin from mod fabric-data-attachment-api-v1: Class version 65 required is higher than the class version supported by the current version of Mixin (JAVA_17 supports class version 61)
[14:38:45] [main/DEBUG] (FabricLoader/Mixin) Mixing WorldChunkMixin from fabric-lifecycle-events-v1.client.mixins.json into net.minecraft.world.level.chunk.LevelChunk
[14:38:45] [main/DEBUG] (FabricLoader/Mixin) fabric-lifecycle-events-v1.client.mixins.json:WorldChunkMixin from mod fabric-lifecycle-events-v1: Class version 65 required is higher than the class version supported by the current version of Mixin (JAVA_17 supports class version 61)
[14:38:45] [main/DEBUG] (FabricLoader/Mixin) fabric-data-attachment-api-v1.mixins.json:WorldChunkMixin from mod fabric-data-attachment-api-v1->@Inject::transferProtoChunkAttachement(Lnet/minecraft/server/level/ServerLevel;Lnet/minecraft/world/level/chunk/ProtoChunk;Lnet/minecraft/world/level/chunk/LevelChunk$PostLoadProcessor;Lorg/spongepowered/asm/mixin/injection/callback/CallbackInfo;)V doesn't use it's CallbackInfo
[14:38:45] [main/DEBUG] (FabricLoader/Mixin) fabric-data-attachment-api-v1.mixins.json:WorldChunkMixin from mod fabric-data-attachment-api-v1->@Inject::transferProtoChunkAttachement(Lnet/minecraft/server/level/ServerLevel;Lnet/minecraft/world/level/chunk/ProtoChunk;Lnet/minecraft/world/level/chunk/LevelChunk$PostLoadProcessor;Lorg/spongepowered/asm/mixin/injection/callback/CallbackInfo;)V has 0 override(s) in child classes
[14:38:45] [main/DEBUG] (FabricLoader/Mixin) fabric-data-attachment-api-v1.mixins.json:WorldChunkMixin from mod fabric-data-attachment-api-v1->@Inject::transferProtoChunkAttachement(Lnet/minecraft/server/level/ServerLevel;Lnet/minecraft/world/level/chunk/ProtoChunk;Lnet/minecraft/world/level/chunk/LevelChunk$PostLoadProcessor;Lorg/spongepowered/asm/mixin/injection/callback/CallbackInfo;)V won't be passed a CallbackInfo as a result
[14:38:45] [main/DEBUG] (FabricLoader/Mixin) fabric-lifecycle-events-v1.client.mixins.json:WorldChunkMixin from mod fabric-lifecycle-events-v1->@Inject::onLoadBlockEntity(Lnet/minecraft/world/level/block/entity/BlockEntity;Lorg/spongepowered/asm/mixin/injection/callback/CallbackInfo;)V doesn't use it's CallbackInfo
[14:38:45] [main/DEBUG] (FabricLoader/Mixin) fabric-lifecycle-events-v1.client.mixins.json:WorldChunkMixin from mod fabric-lifecycle-events-v1->@Inject::onLoadBlockEntity(Lnet/minecraft/world/level/block/entity/BlockEntity;Lorg/spongepowered/asm/mixin/injection/callback/CallbackInfo;)V has 0 override(s) in child classes
[14:38:45] [main/DEBUG] (FabricLoader/Mixin) fabric-lifecycle-events-v1.client.mixins.json:WorldChunkMixin from mod fabric-lifecycle-events-v1->@Inject::onLoadBlockEntity(Lnet/minecraft/world/level/block/entity/BlockEntity;Lorg/spongepowered/asm/mixin/injection/callback/CallbackInfo;)V won't be passed a CallbackInfo as a result
[14:38:45] [main/DEBUG] (FabricLoader/Mixin) fabric-lifecycle-events-v1.client.mixins.json:WorldChunkMixin from mod fabric-lifecycle-events-v1->@Inject::onRemoveBlockEntity(Lnet/minecraft/world/level/block/entity/BlockEntity;Lorg/spongepowered/asm/mixin/injection/callback/CallbackInfo;)V doesn't use it's CallbackInfo
[14:38:45] [main/DEBUG] (FabricLoader/Mixin) fabric-lifecycle-events-v1.client.mixins.json:WorldChunkMixin from mod fabric-lifecycle-events-v1->@Inject::onRemoveBlockEntity(Lnet/minecraft/world/level/block/entity/BlockEntity;Lorg/spongepowered/asm/mixin/injection/callback/CallbackInfo;)V has 0 override(s) in child classes
[14:38:45] [main/DEBUG] (FabricLoader/Mixin) fabric-lifecycle-events-v1.client.mixins.json:WorldChunkMixin from mod fabric-lifecycle-events-v1->@Inject::onRemoveBlockEntity(Lnet/minecraft/world/level/block/entity/BlockEntity;Lorg/spongepowered/asm/mixin/injection/callback/CallbackInfo;)V won't be passed a CallbackInfo as a result
[14:38:45] [main/DEBUG] (FabricLoader/Mixin) fabric-lifecycle-events-v1.client.mixins.json:WorldChunkMixin from mod fabric-lifecycle-events-v1->@Inject::onRemoveBlockEntity(Lnet/minecraft/core/BlockPos;Lorg/spongepowered/asm/mixin/injection/callback/CallbackInfo;Lnet/minecraft/world/level/block/entity/BlockEntity;)V doesn't use it's CallbackInfo
[14:38:45] [main/DEBUG] (FabricLoader/Mixin) fabric-lifecycle-events-v1.client.mixins.json:WorldChunkMixin from mod fabric-lifecycle-events-v1->@Inject::onRemoveBlockEntity(Lnet/minecraft/core/BlockPos;Lorg/spongepowered/asm/mixin/injection/callback/CallbackInfo;Lnet/minecraft/world/level/block/entity/BlockEntity;)V has 0 override(s) in child classes
[14:38:45] [main/DEBUG] (FabricLoader/Mixin) fabric-lifecycle-events-v1.client.mixins.json:WorldChunkMixin from mod fabric-lifecycle-events-v1->@Inject::onRemoveBlockEntity(Lnet/minecraft/core/BlockPos;Lorg/spongepowered/asm/mixin/injection/callback/CallbackInfo;Lnet/minecraft/world/level/block/entity/BlockEntity;)V won't be passed a CallbackInfo as a result
[14:38:45] [main/DEBUG] (FabricLoader/Mixin) Mixing EntityTypeBuilderMixin from fabric-object-builder-v1.mixins.json into net.minecraft.world.entity.EntityType$Builder
[14:38:45] [main/DEBUG] (FabricLoader/Mixin) fabric-object-builder-v1.mixins.json:EntityTypeBuilderMixin from mod fabric-object-builder-api-v1: Class version 65 required is higher than the class version supported by the current version of Mixin (JAVA_17 supports class version 61)
[14:38:45] [main/DEBUG] (FabricLoader/Mixin) fabric-object-builder-v1.mixins.json:EntityTypeBuilderMixin from mod fabric-object-builder-api-v1->@Inject::applyChildBuilders(Ljava/lang/String;Lorg/spongepowered/asm/mixin/injection/callback/CallbackInfoReturnable;)V does use it's CallbackInfoReturnable
[14:38:45] [main/DEBUG] (FabricLoader/Mixin) Mixing ServerPlayerEntityMixin from fabric-entity-events-v1.mixins.json into net.minecraft.server.level.ServerPlayer
[14:38:45] [main/DEBUG] (FabricLoader/Mixin) fabric-entity-events-v1.mixins.json:ServerPlayerEntityMixin from mod fabric-entity-events-v1: Class version 65 required is higher than the class version supported by the current version of Mixin (JAVA_17 supports class version 61)
[14:38:45] [main/DEBUG] (FabricLoader/Mixin) Mixing ServerPlayerEntityMixin from fabric-screen-handler-api-v1.mixins.json into net.minecraft.server.level.ServerPlayer
[14:38:45] [main/DEBUG] (FabricLoader/Mixin) fabric-screen-handler-api-v1.mixins.json:ServerPlayerEntityMixin from mod fabric-screen-handler-api-v1: Class version 65 required is higher than the class version supported by the current version of Mixin (JAVA_17 supports class version 61)
[14:38:45] [main/DEBUG] (FabricLoader/Mixin) Mixing ServerPlayerEntityMixin from fabric-events-interaction-v0.mixins.json into net.minecraft.server.level.ServerPlayer
[14:38:45] [main/DEBUG] (FabricLoader/Mixin) fabric-events-interaction-v0.mixins.json:ServerPlayerEntityMixin from mod fabric-events-interaction-v0: Class version 65 required is higher than the class version supported by the current version of Mixin (JAVA_17 supports class version 61)
[14:38:45] [main/DEBUG] (FabricLoader/Mixin) fabric-entity-events-v1.mixins.json:ServerPlayerEntityMixin from mod fabric-entity-events-v1->@Inject::callOnKillForPlayer(Lnet/minecraft/world/damagesource/DamageSource;Lorg/spongepowered/asm/mixin/injection/callback/CallbackInfo;)V doesn't use it's CallbackInfo
[14:38:45] [main/DEBUG] (FabricLoader/Mixin) fabric-entity-events-v1.mixins.json:ServerPlayerEntityMixin from mod fabric-entity-events-v1->@Inject::callOnKillForPlayer(Lnet/minecraft/world/damagesource/DamageSource;Lorg/spongepowered/asm/mixin/injection/callback/CallbackInfo;)V has 0 override(s) in child classes
[14:38:45] [main/DEBUG] (FabricLoader/Mixin) fabric-entity-events-v1.mixins.json:ServerPlayerEntityMixin from mod fabric-entity-events-v1->@Inject::callOnKillForPlayer(Lnet/minecraft/world/damagesource/DamageSource;Lorg/spongepowered/asm/mixin/injection/callback/CallbackInfo;)V won't be passed a CallbackInfo as a result
[14:38:45] [main/DEBUG] (FabricLoader/Mixin) fabric-entity-events-v1.mixins.json:ServerPlayerEntityMixin from mod fabric-entity-events-v1->@Inject::notifyDeath(Lnet/minecraft/world/damagesource/DamageSource;Lorg/spongepowered/asm/mixin/injection/callback/CallbackInfo;)V doesn't use it's CallbackInfo
[14:38:45] [main/DEBUG] (FabricLoader/Mixin) fabric-entity-events-v1.mixins.json:ServerPlayerEntityMixin from mod fabric-entity-events-v1->@Inject::notifyDeath(Lnet/minecraft/world/damagesource/DamageSource;Lorg/spongepowered/asm/mixin/injection/callback/CallbackInfo;)V has 0 override(s) in child classes
[14:38:45] [main/DEBUG] (FabricLoader/Mixin) fabric-entity-events-v1.mixins.json:ServerPlayerEntityMixin from mod fabric-entity-events-v1->@Inject::notifyDeath(Lnet/minecraft/world/damagesource/DamageSource;Lorg/spongepowered/asm/mixin/injection/callback/CallbackInfo;)V won't be passed a CallbackInfo as a result
[14:38:45] [main/DEBUG] (FabricLoader/Mixin) fabric-entity-events-v1.mixins.json:ServerPlayerEntityMixin from mod fabric-entity-events-v1->@Inject::afterWorldChanged(Lnet/minecraft/server/level/ServerLevel;Lorg/spongepowered/asm/mixin/injection/callback/CallbackInfo;)V doesn't use it's CallbackInfo
[14:38:45] [main/DEBUG] (FabricLoader/Mixin) fabric-entity-events-v1.mixins.json:ServerPlayerEntityMixin from mod fabric-entity-events-v1->@Inject::afterWorldChanged(Lnet/minecraft/server/level/ServerLevel;Lorg/spongepowered/asm/mixin/injection/callback/CallbackInfo;)V has 0 override(s) in child classes
[14:38:45] [main/DEBUG] (FabricLoader/Mixin) fabric-entity-events-v1.mixins.json:ServerPlayerEntityMixin from mod fabric-entity-events-v1->@Inject::afterWorldChanged(Lnet/minecraft/server/level/ServerLevel;Lorg/spongepowered/asm/mixin/injection/callback/CallbackInfo;)V won't be passed a CallbackInfo as a result
[14:38:45] [main/DEBUG] (FabricLoader/Mixin) fabric-entity-events-v1.mixins.json:ServerPlayerEntityMixin from mod fabric-entity-events-v1->@Inject::onCopyFrom(Lnet/minecraft/server/level/ServerPlayer;ZLorg/spongepowered/asm/mixin/injection/callback/CallbackInfo;)V doesn't use it's CallbackInfo
[14:38:45] [main/DEBUG] (FabricLoader/Mixin) fabric-entity-events-v1.mixins.json:ServerPlayerEntityMixin from mod fabric-entity-events-v1->@Inject::onCopyFrom(Lnet/minecraft/server/level/ServerPlayer;ZLorg/spongepowered/asm/mixin/injection/callback/CallbackInfo;)V has 0 override(s) in child classes
[14:38:45] [main/DEBUG] (FabricLoader/Mixin) fabric-entity-events-v1.mixins.json:ServerPlayerEntityMixin from mod fabric-entity-events-v1->@Inject::onCopyFrom(Lnet/minecraft/server/level/ServerPlayer;ZLorg/spongepowered/asm/mixin/injection/callback/CallbackInfo;)V won't be passed a CallbackInfo as a result
[14:38:45] [main/DEBUG] (FabricLoader/Mixin) fabric-entity-events-v1.mixins.json:ServerPlayerEntityMixin from mod fabric-entity-events-v1->@Inject::onTrySleepDirectionCheck(Lnet/minecraft/core/BlockPos;Lorg/spongepowered/asm/mixin/injection/callback/CallbackInfoReturnable;Lnet/minecraft/core/Direction;)V does use it's CallbackInfoReturnable
[14:38:45] [main/DEBUG] (FabricLoader/Mixin) fabric-screen-handler-api-v1.mixins.json:ServerPlayerEntityMixin from mod fabric-screen-handler-api-v1->@Inject::fabric_storeOpenedScreenHandler(Lnet/minecraft/world/MenuProvider;Lorg/spongepowered/asm/mixin/injection/callback/CallbackInfoReturnable;Lnet/minecraft/world/inventory/AbstractContainerMenu;)V doesn't use it's CallbackInfoReturnable
[14:38:45] [main/DEBUG] (FabricLoader/Mixin) fabric-screen-handler-api-v1.mixins.json:ServerPlayerEntityMixin from mod fabric-screen-handler-api-v1->@Inject::fabric_storeOpenedScreenHandler(Lnet/minecraft/world/MenuProvider;Lorg/spongepowered/asm/mixin/injection/callback/CallbackInfoReturnable;Lnet/minecraft/world/inventory/AbstractContainerMenu;)V has 0 override(s) in child classes
[14:38:45] [main/DEBUG] (FabricLoader/Mixin) fabric-screen-handler-api-v1.mixins.json:ServerPlayerEntityMixin from mod fabric-screen-handler-api-v1->@Inject::fabric_storeOpenedScreenHandler(Lnet/minecraft/world/MenuProvider;Lorg/spongepowered/asm/mixin/injection/callback/CallbackInfoReturnable;Lnet/minecraft/world/inventory/AbstractContainerMenu;)V won't be passed a CallbackInfoReturnable as a result
[14:38:45] [main/DEBUG] (FabricLoader/Mixin) fabric-events-interaction-v0.mixins.json:ServerPlayerEntityMixin from mod fabric-events-interaction-v0->@Inject::onPlayerInteractEntity(Lnet/minecraft/world/entity/Entity;Lorg/spongepowered/asm/mixin/injection/callback/CallbackInfo;)V does use it's CallbackInfo
[14:38:45] [main/DEBUG] (FabricLoader/Mixin) Mixing MooshroomEntityMixin from fabric-entity-events-v1.mixins.json into net.minecraft.world.entity.animal.MushroomCow
[14:38:45] [main/DEBUG] (FabricLoader/Mixin) fabric-entity-events-v1.mixins.json:MooshroomEntityMixin from mod fabric-entity-events-v1: Class version 65 required is higher than the class version supported by the current version of Mixin (JAVA_17 supports class version 61)
[14:38:46] [main/DEBUG] (FabricLoader/Mixin) Mixing PigEntityMixin from fabric-entity-events-v1.mixins.json into net.minecraft.world.entity.animal.Pig
[14:38:46] [main/DEBUG] (FabricLoader/Mixin) fabric-entity-events-v1.mixins.json:PigEntityMixin from mod fabric-entity-events-v1: Class version 65 required is higher than the class version supported by the current version of Mixin (JAVA_17 supports class version 61)
[14:38:46] [main/DEBUG] (FabricLoader/Mixin) Mixing VillagerEntityMixin from fabric-entity-events-v1.mixins.json into net.minecraft.world.entity.npc.Villager
[14:38:46] [main/DEBUG] (FabricLoader/Mixin) fabric-entity-events-v1.mixins.json:VillagerEntityMixin from mod fabric-entity-events-v1: Class version 65 required is higher than the class version supported by the current version of Mixin (JAVA_17 supports class version 61)
[14:38:46] [main/DEBUG] (FabricLoader/Mixin) Mixing VillagerEntityAccessor from fabric-content-registries-v0.mixins.json into net.minecraft.world.entity.npc.Villager
[14:38:46] [main/DEBUG] (FabricLoader/Mixin) fabric-content-registries-v0.mixins.json:VillagerEntityAccessor from mod fabric-content-registries-v0: Class version 65 required is higher than the class version supported by the current version of Mixin (JAVA_17 supports class version 61)
[14:38:46] [main/DEBUG] (FabricLoader/Mixin) Renaming @Accessor method fabric_setItemFoodValues(Ljava/util/Map;)V to fabric_setItemFoodValues$fabric-content-registries-v0_$md$95bee0$0 in fabric-content-registries-v0.mixins.json:VillagerEntityAccessor from mod fabric-content-registries-v0
[14:38:46] [main/DEBUG] (FabricLoader/Mixin) Renaming @Accessor method fabric_setGatherableItems(Ljava/util/Set;)V to fabric_setGatherableItems$fabric-content-registries-v0_$md$95bee0$1 in fabric-content-registries-v0.mixins.json:VillagerEntityAccessor from mod fabric-content-registries-v0
[14:38:46] [main/DEBUG] (FabricLoader/Mixin) Renaming @Accessor method fabric_getGatherableItems()Ljava/util/Set; to fabric_getGatherableItems$fabric-content-registries-v0_$md$95bee0$2 in fabric-content-registries-v0.mixins.json:VillagerEntityAccessor from mod fabric-content-registries-v0
[14:38:46] [main/DEBUG] (FabricLoader/Mixin) Mixing ingredient.IngredientMixin from fabric-recipe-api-v1.mixins.json into net.minecraft.world.item.crafting.Ingredient
[14:38:46] [main/DEBUG] (FabricLoader/Mixin) fabric-recipe-api-v1.mixins.json:ingredient.IngredientMixin from mod fabric-recipe-api-v1: Class version 65 required is higher than the class version supported by the current version of Mixin (JAVA_17 supports class version 61)
[14:38:46] [main/DEBUG] (FabricLoader/Mixin) Renaming synthetic method lambda$injectCodec$3(Lnet/minecraft/world/item/crafting/Ingredient;)Lcom/mojang/datafixers/util/Either; to md95bee0$fabric-recipe-api-v1$lambda$injectCodec$3$0 in fabric-recipe-api-v1.mixins.json:ingredient.IngredientMixin from mod fabric-recipe-api-v1
[14:38:46] [main/DEBUG] (FabricLoader/Mixin) Renaming synthetic method lambda$injectCodec$2(Lcom/mojang/datafixers/util/Either;)Lnet/minecraft/world/item/crafting/Ingredient; to md95bee0$fabric-recipe-api-v1$lambda$injectCodec$2$1 in fabric-recipe-api-v1.mixins.json:ingredient.IngredientMixin from mod fabric-recipe-api-v1
[14:38:46] [main/DEBUG] (FabricLoader/Mixin) Renaming synthetic method lambda$injectCodec$1(Lnet/minecraft/world/item/crafting/Ingredient;)Lnet/minecraft/world/item/crafting/Ingredient; to md95bee0$fabric-recipe-api-v1$lambda$injectCodec$1$2 in fabric-recipe-api-v1.mixins.json:ingredient.IngredientMixin from mod fabric-recipe-api-v1
[14:38:46] [main/DEBUG] (FabricLoader/Mixin) Renaming synthetic method lambda$injectCodec$0(ZLnet/fabricmc/fabric/api/recipe/v1/ingredient/CustomIngredientSerializer;)Lcom/mojang/serialization/MapCodec; to md95bee0$fabric-recipe-api-v1$lambda$injectCodec$0$3 in fabric-recipe-api-v1.mixins.json:ingredient.IngredientMixin from mod fabric-recipe-api-v1
[14:38:46] [main/DEBUG] (FabricLoader/Mixin) fabric-recipe-api-v1.mixins.json:ingredient.IngredientMixin from mod fabric-recipe-api-v1->@Inject::injectCodec(ZLorg/spongepowered/asm/mixin/injection/callback/CallbackInfoReturnable;)V does use it's CallbackInfoReturnable
[14:38:46] [main/DEBUG] (FabricLoader/Mixin) Mixing EntitySelectorOptionsAccessor from fabric-command-api-v2.mixins.json into net.minecraft.commands.arguments.selector.options.EntitySelectorOptions
[14:38:46] [main/DEBUG] (FabricLoader/Mixin) fabric-command-api-v2.mixins.json:EntitySelectorOptionsAccessor from mod fabric-command-api-v2: Class version 65 required is higher than the class version supported by the current version of Mixin (JAVA_17 supports class version 61)
[14:38:46] [main/DEBUG] (FabricLoader/Mixin) Renaming @Invoker method callPutOption(Ljava/lang/String;Lnet/minecraft/commands/arguments/selector/options/EntitySelectorOptions$Modifier;Ljava/util/function/Predicate;Lnet/minecraft/network/chat/Component;)V to callPutOption$fabric-command-api-v2_$md$95bee0$0 in fabric-command-api-v2.mixins.json:EntitySelectorOptionsAccessor from mod fabric-command-api-v2
[14:38:46] [main/DEBUG] (FabricLoader/Mixin) Mixing EntitySelectorReaderMixin from fabric-command-api-v2.mixins.json into net.minecraft.commands.arguments.selector.EntitySelectorParser
[14:38:46] [main/DEBUG] (FabricLoader/Mixin) fabric-command-api-v2.mixins.json:EntitySelectorReaderMixin from mod fabric-command-api-v2: Class version 65 required is higher than the class version supported by the current version of Mixin (JAVA_17 supports class version 61)
[14:38:47] [main/DEBUG] (FabricLoader/Mixin) Mixing BlockEntityTypeBuilderMixin from fabric-object-builder-v1.mixins.json into net.minecraft.world.level.block.entity.BlockEntityType$Builder
[14:38:47] [main/DEBUG] (FabricLoader/Mixin) fabric-object-builder-v1.mixins.json:BlockEntityTypeBuilderMixin from mod fabric-object-builder-api-v1: Class version 65 required is higher than the class version supported by the current version of Mixin (JAVA_17 supports class version 61)
[14:38:47] [main/DEBUG] (FabricLoader/Mixin) Generating mapped inner class net/minecraft/world/level/block/entity/ChiseledBookShelfBlockEntity$Anonymous$0b82c40c23f645349c62981ddef631be (originally net/fabricmc/fabric/mixin/transfer/ChiseledBookshelfBlockEntityMixin$1)
[14:38:47] [main/DEBUG] (FabricLoader/Mixin) Mixing SimpleInventoryMixin from fabric-transfer-api-v1.mixins.json into net.minecraft.world.SimpleContainer
[14:38:47] [main/DEBUG] (FabricLoader/Mixin) fabric-transfer-api-v1.mixins.json:SimpleInventoryMixin from mod fabric-transfer-api-v1: Class version 65 required is higher than the class version supported by the current version of Mixin (JAVA_17 supports class version 61)
[14:38:47] [main/DEBUG] (FabricLoader/Mixin) Mixing RecipeMixin from fabric-item-api-v1.mixins.json into net.minecraft.world.item.crafting.Recipe
[14:38:47] [main/DEBUG] (FabricLoader/Mixin) fabric-item-api-v1.mixins.json:RecipeMixin from mod fabric-item-api-v1: Class version 65 required is higher than the class version supported by the current version of Mixin (JAVA_17 supports class version 61)
[14:38:47] [main/DEBUG] (FabricLoader/Mixin) fabric-item-api-v1.mixins.json:RecipeMixin from mod fabric-item-api-v1->@Inject::captureStack(Lnet/minecraft/world/item/crafting/RecipeInput;Lorg/spongepowered/asm/mixin/injection/callback/CallbackInfoReturnable;Lnet/minecraft/core/NonNullList;I)V doesn't use it's CallbackInfoReturnable
[14:38:47] [main/DEBUG] (FabricLoader/Mixin) fabric-item-api-v1.mixins.json:RecipeMixin from mod fabric-item-api-v1->@Inject::captureStack(Lnet/minecraft/world/item/crafting/RecipeInput;Lorg/spongepowered/asm/mixin/injection/callback/CallbackInfoReturnable;Lnet/minecraft/core/NonNullList;I)V has 0 override(s) in child classes
[14:38:47] [main/DEBUG] (FabricLoader/Mixin) fabric-item-api-v1.mixins.json:RecipeMixin from mod fabric-item-api-v1->@Inject::captureStack(Lnet/minecraft/world/item/crafting/RecipeInput;Lorg/spongepowered/asm/mixin/injection/callback/CallbackInfoReturnable;Lnet/minecraft/core/NonNullList;I)V won't be passed a CallbackInfoReturnable as a result
[14:38:47] [main/DEBUG] (FabricLoader/Mixin) Mixing ingredient.ShapelessRecipeMixin from fabric-recipe-api-v1.mixins.json into net.minecraft.world.item.crafting.ShapelessRecipe
[14:38:47] [main/DEBUG] (FabricLoader/Mixin) fabric-recipe-api-v1.mixins.json:ingredient.ShapelessRecipeMixin from mod fabric-recipe-api-v1: Class version 65 required is higher than the class version supported by the current version of Mixin (JAVA_17 supports class version 61)
[14:38:47] [main/DEBUG] (FabricLoader/Mixin) fabric-recipe-api-v1.mixins.json:ingredient.ShapelessRecipeMixin from mod fabric-recipe-api-v1->@Inject::cacheRequiresTesting(Ljava/lang/String;Lnet/minecraft/world/item/crafting/CraftingBookCategory;Lnet/minecraft/world/item/ItemStack;Lnet/minecraft/core/NonNullList;Lorg/spongepowered/asm/mixin/injection/callback/CallbackInfo;)V doesn't use it's CallbackInfo
[14:38:47] [main/DEBUG] (FabricLoader/Mixin) fabric-recipe-api-v1.mixins.json:ingredient.ShapelessRecipeMixin from mod fabric-recipe-api-v1->@Inject::cacheRequiresTesting(Ljava/lang/String;Lnet/minecraft/world/item/crafting/CraftingBookCategory;Lnet/minecraft/world/item/ItemStack;Lnet/minecraft/core/NonNullList;Lorg/spongepowered/asm/mixin/injection/callback/CallbackInfo;)V has 0 override(s) in child classes
[14:38:47] [main/DEBUG] (FabricLoader/Mixin) fabric-recipe-api-v1.mixins.json:ingredient.ShapelessRecipeMixin from mod fabric-recipe-api-v1->@Inject::cacheRequiresTesting(Ljava/lang/String;Lnet/minecraft/world/item/crafting/CraftingBookCategory;Lnet/minecraft/world/item/ItemStack;Lnet/minecraft/core/NonNullList;Lorg/spongepowered/asm/mixin/injection/callback/CallbackInfo;)V won't be passed a CallbackInfo as a result
[14:38:47] [main/DEBUG] (FabricLoader/Mixin) fabric-recipe-api-v1.mixins.json:ingredient.ShapelessRecipeMixin from mod fabric-recipe-api-v1->@Inject::customIngredientMatch(Lnet/minecraft/world/item/crafting/CraftingInput;Lnet/minecraft/world/level/Level;Lorg/spongepowered/asm/mixin/injection/callback/CallbackInfoReturnable;)V does use it's CallbackInfoReturnable
[14:38:47] [main/DEBUG] (FabricLoader/Mixin) Mixing EnchantRandomlyLootFunctionMixin from fabric-item-api-v1.mixins.json into net.minecraft.world.level.storage.loot.functions.EnchantRandomlyFunction
[14:38:47] [main/DEBUG] (FabricLoader/Mixin) fabric-item-api-v1.mixins.json:EnchantRandomlyLootFunctionMixin from mod fabric-item-api-v1: Class version 65 required is higher than the class version supported by the current version of Mixin (JAVA_17 supports class version 61)
[14:38:47] [main/DEBUG] (FabricLoader/Mixin) Mixing LootTableAccessor from fabric-loot-api-v2.mixins.json into net.minecraft.world.level.storage.loot.LootTable
[14:38:47] [main/DEBUG] (FabricLoader/Mixin) fabric-loot-api-v2.mixins.json:LootTableAccessor from mod fabric-loot-api-v2: Class version 65 required is higher than the class version supported by the current version of Mixin (JAVA_17 supports class version 61)
[14:38:47] [main/DEBUG] (FabricLoader/Mixin) Mixing LootPoolAccessor from fabric-loot-api-v2.mixins.json into net.minecraft.world.level.storage.loot.LootPool
[14:38:47] [main/DEBUG] (FabricLoader/Mixin) fabric-loot-api-v2.mixins.json:LootPoolAccessor from mod fabric-loot-api-v2: Class version 65 required is higher than the class version supported by the current version of Mixin (JAVA_17 supports class version 61)
[14:38:48] [main/DEBUG] (FabricLoader/Mixin) Mixing StructureTemplateManagerMixin from fabric-gametest-api-v1.mixins.json into net.minecraft.world.level.levelgen.structure.templatesystem.StructureTemplateManager
[14:38:48] [main/DEBUG] (FabricLoader/Mixin) fabric-gametest-api-v1.mixins.json:StructureTemplateManagerMixin from mod fabric-gametest-api-v1: Class version 65 required is higher than the class version supported by the current version of Mixin (JAVA_17 supports class version 61)
[14:38:49] [main/DEBUG] (FabricLoader/Mixin) fabric-gametest-api-v1.mixins.json:StructureTemplateManagerMixin from mod fabric-gametest-api-v1->@Inject::addFabricTemplateProvider(Lnet/minecraft/server/packs/resources/ResourceManager;Lnet/minecraft/world/level/storage/LevelStorageSource$LevelStorageAccess;Lcom/mojang/datafixers/DataFixer;Lnet/minecraft/core/HolderGetter;Lorg/spongepowered/asm/mixin/injection/callback/CallbackInfo;Lcom/google/common/collect/ImmutableList$Builder;)V doesn't use it's CallbackInfo
[14:38:49] [main/DEBUG] (FabricLoader/Mixin) fabric-gametest-api-v1.mixins.json:StructureTemplateManagerMixin from mod fabric-gametest-api-v1->@Inject::addFabricTemplateProvider(Lnet/minecraft/server/packs/resources/ResourceManager;Lnet/minecraft/world/level/storage/LevelStorageSource$LevelStorageAccess;Lcom/mojang/datafixers/DataFixer;Lnet/minecraft/core/HolderGetter;Lorg/spongepowered/asm/mixin/injection/callback/CallbackInfo;Lcom/google/common/collect/ImmutableList$Builder;)V has 0 override(s) in child classes
[14:38:49] [main/DEBUG] (FabricLoader/Mixin) fabric-gametest-api-v1.mixins.json:StructureTemplateManagerMixin from mod fabric-gametest-api-v1->@Inject::addFabricTemplateProvider(Lnet/minecraft/server/packs/resources/ResourceManager;Lnet/minecraft/world/level/storage/LevelStorageSource$LevelStorageAccess;Lcom/mojang/datafixers/DataFixer;Lnet/minecraft/core/HolderGetter;Lorg/spongepowered/asm/mixin/injection/callback/CallbackInfo;Lcom/google/common/collect/ImmutableList$Builder;)V won't be passed a CallbackInfo as a result
[14:38:49] [main/DEBUG] (FabricLoader/Mixin) Mixing BiomeSourceMixin from fabric-biome-api-v1.mixins.json into net.minecraft.world.level.biome.BiomeSource
[14:38:49] [main/DEBUG] (FabricLoader/Mixin) fabric-biome-api-v1.mixins.json:BiomeSourceMixin from mod fabric-biome-api-v1: Class version 65 required is higher than the class version supported by the current version of Mixin (JAVA_17 supports class version 61)
[14:38:49] [main/DEBUG] (FabricLoader/Mixin) Mixing MultiNoiseBiomeSourceMixin from fabric-biome-api-v1.mixins.json into net.minecraft.world.level.biome.MultiNoiseBiomeSource
[14:38:49] [main/DEBUG] (FabricLoader/Mixin) fabric-biome-api-v1.mixins.json:MultiNoiseBiomeSourceMixin from mod fabric-biome-api-v1: Class version 65 required is higher than the class version supported by the current version of Mixin (JAVA_17 supports class version 61)
[14:38:49] [main/DEBUG] (FabricLoader/Mixin) Mixing NetherBiomePresetMixin from fabric-biome-api-v1.mixins.json into net.minecraft.world.level.biome.MultiNoiseBiomeSourceParameterList$Preset$1
[14:38:49] [main/DEBUG] (FabricLoader/Mixin) fabric-biome-api-v1.mixins.json:NetherBiomePresetMixin from mod fabric-biome-api-v1: Class version 65 required is higher than the class version supported by the current version of Mixin (JAVA_17 supports class version 61)
[14:38:49] [main/DEBUG] (FabricLoader/Mixin) fabric-biome-api-v1.mixins.json:NetherBiomePresetMixin from mod fabric-biome-api-v1->@Inject::apply(Ljava/util/function/Function;Lorg/spongepowered/asm/mixin/injection/callback/CallbackInfoReturnable;)V does use it's CallbackInfoReturnable
[14:38:49] [main/DEBUG] (FabricLoader/Mixin) Mixing TheEndBiomeSourceMixin from fabric-biome-api-v1.mixins.json into net.minecraft.world.level.biome.TheEndBiomeSource
[14:38:49] [main/DEBUG] (FabricLoader/Mixin) fabric-biome-api-v1.mixins.json:TheEndBiomeSourceMixin from mod fabric-biome-api-v1: Class version 65 required is higher than the class version supported by the current version of Mixin (JAVA_17 supports class version 61)
[14:38:49] [main/DEBUG] (FabricLoader/Mixin) Renaming synthetic method lambda$init$1(Lnet/minecraft/core/HolderGetter;)Lnet/fabricmc/fabric/impl/biome/TheEndBiomeData$Overrides; to md95bee0$fabric-biome-api-v1$lambda$init$1$0 in fabric-biome-api-v1.mixins.json:TheEndBiomeSourceMixin from mod fabric-biome-api-v1
[14:38:49] [main/DEBUG] (FabricLoader/Mixin) Renaming synthetic method lambda$modifyCodec$0(Lcom/mojang/serialization/codecs/RecordCodecBuilder$Instance;)Lcom/mojang/datafixers/kinds/App; to md95bee0$fabric-biome-api-v1$lambda$modifyCodec$0$1 in fabric-biome-api-v1.mixins.json:TheEndBiomeSourceMixin from mod fabric-biome-api-v1
[14:38:49] [main/DEBUG] (FabricLoader/Mixin) fabric-biome-api-v1.mixins.json:TheEndBiomeSourceMixin from mod fabric-biome-api-v1->@Inject::modifyCodec(Lorg/spongepowered/asm/mixin/injection/callback/CallbackInfo;)V doesn't use it's CallbackInfo
[14:38:49] [main/DEBUG] (FabricLoader/Mixin) fabric-biome-api-v1.mixins.json:TheEndBiomeSourceMixin from mod fabric-biome-api-v1->@Inject::rememberLookup(Lnet/minecraft/core/HolderGetter;Lorg/spongepowered/asm/mixin/injection/callback/CallbackInfoReturnable;)V doesn't use it's CallbackInfoReturnable
[14:38:49] [main/DEBUG] (FabricLoader/Mixin) fabric-biome-api-v1.mixins.json:TheEndBiomeSourceMixin from mod fabric-biome-api-v1->@Inject::clearLookup(Lnet/minecraft/core/HolderGetter;Lorg/spongepowered/asm/mixin/injection/callback/CallbackInfoReturnable;)V doesn't use it's CallbackInfoReturnable
[14:38:49] [main/DEBUG] (FabricLoader/Mixin) fabric-biome-api-v1.mixins.json:TheEndBiomeSourceMixin from mod fabric-biome-api-v1->@Inject::init(Lnet/minecraft/core/Holder;Lnet/minecraft/core/Holder;Lnet/minecraft/core/Holder;Lnet/minecraft/core/Holder;Lnet/minecraft/core/Holder;Lorg/spongepowered/asm/mixin/injection/callback/CallbackInfo;)V doesn't use it's CallbackInfo
[14:38:49] [main/DEBUG] (FabricLoader/Mixin) fabric-biome-api-v1.mixins.json:TheEndBiomeSourceMixin from mod fabric-biome-api-v1->@Inject::init(Lnet/minecraft/core/Holder;Lnet/minecraft/core/Holder;Lnet/minecraft/core/Holder;Lnet/minecraft/core/Holder;Lnet/minecraft/core/Holder;Lorg/spongepowered/asm/mixin/injection/callback/CallbackInfo;)V has 0 override(s) in child classes
[14:38:49] [main/DEBUG] (FabricLoader/Mixin) fabric-biome-api-v1.mixins.json:TheEndBiomeSourceMixin from mod fabric-biome-api-v1->@Inject::init(Lnet/minecraft/core/Holder;Lnet/minecraft/core/Holder;Lnet/minecraft/core/Holder;Lnet/minecraft/core/Holder;Lnet/minecraft/core/Holder;Lorg/spongepowered/asm/mixin/injection/callback/CallbackInfo;)V won't be passed a CallbackInfo as a result
[14:38:49] [main/DEBUG] (FabricLoader/Mixin) fabric-biome-api-v1.mixins.json:TheEndBiomeSourceMixin from mod fabric-biome-api-v1->@Inject::getWeightedEndBiome(IIILnet/minecraft/world/level/biome/Climate$Sampler;Lorg/spongepowered/asm/mixin/injection/callback/CallbackInfoReturnable;)V does use it's CallbackInfoReturnable
[14:38:49] [main/DEBUG] (FabricLoader/Mixin) fabric-biome-api-v1.mixins.json:TheEndBiomeSourceMixin from mod fabric-biome-api-v1->@Inject::getWeightedEndBiome(IIILnet/minecraft/world/level/biome/Climate$Sampler;Lorg/spongepowered/asm/mixin/injection/callback/CallbackInfoReturnable;)V does use it's CallbackInfoReturnable
[14:38:49] [main/DEBUG] (FabricLoader/Mixin) fabric-biome-api-v1.mixins.json:TheEndBiomeSourceMixin from mod fabric-biome-api-v1->@Inject::getWeightedEndBiome(IIILnet/minecraft/world/level/biome/Climate$Sampler;Lorg/spongepowered/asm/mixin/injection/callback/CallbackInfoReturnable;)V does use it's CallbackInfoReturnable
[14:38:49] [main/DEBUG] (FabricLoader/Mixin) fabric-biome-api-v1.mixins.json:TheEndBiomeSourceMixin from mod fabric-biome-api-v1->@Inject::getWeightedEndBiome(IIILnet/minecraft/world/level/biome/Climate$Sampler;Lorg/spongepowered/asm/mixin/injection/callback/CallbackInfoReturnable;)V does use it's CallbackInfoReturnable
[14:38:49] [main/DEBUG] (FabricLoader/Mixin) fabric-biome-api-v1.mixins.json:TheEndBiomeSourceMixin from mod fabric-biome-api-v1->@Inject::getWeightedEndBiome(IIILnet/minecraft/world/level/biome/Climate$Sampler;Lorg/spongepowered/asm/mixin/injection/callback/CallbackInfoReturnable;)V does use it's CallbackInfoReturnable
[14:38:49] [main/DEBUG] (FabricLoader/Mixin) Mixing DebugChunkGeneratorAccessor from fabric-registry-sync-v0.mixins.json into net.minecraft.world.level.levelgen.DebugLevelSource
[14:38:49] [main/DEBUG] (FabricLoader/Mixin) fabric-registry-sync-v0.mixins.json:DebugChunkGeneratorAccessor from mod fabric-registry-sync-v0: Class version 65 required is higher than the class version supported by the current version of Mixin (JAVA_17 supports class version 61)
[14:38:49] [main/DEBUG] (FabricLoader/Mixin) Renaming @Accessor method setBLOCK_STATES(Ljava/util/List;)V to setBLOCK_STATES$fabric-registry-sync-v0_$md$95bee0$0 in fabric-registry-sync-v0.mixins.json:DebugChunkGeneratorAccessor from mod fabric-registry-sync-v0
[14:38:49] [main/DEBUG] (FabricLoader/Mixin) Renaming @Accessor method setX_SIDE_LENGTH(I)V to setX_SIDE_LENGTH$fabric-registry-sync-v0_$md$95bee0$1 in fabric-registry-sync-v0.mixins.json:DebugChunkGeneratorAccessor from mod fabric-registry-sync-v0
[14:38:49] [main/DEBUG] (FabricLoader/Mixin) Renaming @Accessor method setZ_SIDE_LENGTH(I)V to setZ_SIDE_LENGTH$fabric-registry-sync-v0_$md$95bee0$2 in fabric-registry-sync-v0.mixins.json:DebugChunkGeneratorAccessor from mod fabric-registry-sync-v0
[14:38:50] [main/DEBUG] (FabricLoader/Mixin) Mixing DefaultAttributeRegistryAccessor from fabric-object-builder-v1.mixins.json into net.minecraft.world.entity.ai.attributes.DefaultAttributes
[14:38:50] [main/DEBUG] (FabricLoader/Mixin) fabric-object-builder-v1.mixins.json:DefaultAttributeRegistryAccessor from mod fabric-object-builder-api-v1: Class version 65 required is higher than the class version supported by the current version of Mixin (JAVA_17 supports class version 61)
[14:38:50] [main/DEBUG] (FabricLoader/Mixin) Renaming @Accessor method getRegistry()Ljava/util/Map; to getRegistry$fabric-object-builder-api-v1_$md$95bee0$0 in fabric-object-builder-v1.mixins.json:DefaultAttributeRegistryAccessor from mod fabric-object-builder-api-v1
[14:38:50] [main/DEBUG] (FabricLoader/Mixin) Mixing DefaultAttributeRegistryMixin from fabric-object-builder-v1.mixins.json into net.minecraft.world.entity.ai.attributes.DefaultAttributes
[14:38:50] [main/DEBUG] (FabricLoader/Mixin) fabric-object-builder-v1.mixins.json:DefaultAttributeRegistryMixin from mod fabric-object-builder-api-v1: Class version 65 required is higher than the class version supported by the current version of Mixin (JAVA_17 supports class version 61)
[14:38:50] [main/DEBUG] (FabricLoader/Mixin) fabric-object-builder-v1.mixins.json:DefaultAttributeRegistryMixin from mod fabric-object-builder-api-v1->@Inject::injectAttributes(Lorg/spongepowered/asm/mixin/injection/callback/CallbackInfo;)V doesn't use it's CallbackInfo
[14:38:50] [Render thread/DEBUG] (FabricLoader/Mixin) Mixing MinecraftClientMixin from fabric-registry-sync-v0.client.mixins.json into net.minecraft.client.Minecraft
[14:38:50] [Render thread/DEBUG] (FabricLoader/Mixin) fabric-registry-sync-v0.client.mixins.json:MinecraftClientMixin from mod fabric-registry-sync-v0: Class version 65 required is higher than the class version supported by the current version of Mixin (JAVA_17 supports class version 61)
[14:38:50] [Render thread/DEBUG] (FabricLoader/Mixin) Mixing MinecraftClientMixin from fabric-lifecycle-events-v1.client.mixins.json into net.minecraft.client.Minecraft
[14:38:50] [Render thread/DEBUG] (FabricLoader/Mixin) fabric-lifecycle-events-v1.client.mixins.json:MinecraftClientMixin from mod fabric-lifecycle-events-v1: Class version 65 required is higher than the class version supported by the current version of Mixin (JAVA_17 supports class version 61)
[14:38:50] [Render thread/DEBUG] (FabricLoader/Mixin) Mixing MinecraftClientMixin from fabric-screen-api-v1.mixins.json into net.minecraft.client.Minecraft
[14:38:50] [Render thread/DEBUG] (FabricLoader/Mixin) fabric-screen-api-v1.mixins.json:MinecraftClientMixin from mod fabric-screen-api-v1: Class version 65 required is higher than the class version supported by the current version of Mixin (JAVA_17 supports class version 61)
[14:38:50] [Render thread/DEBUG] (FabricLoader/Mixin) Renaming @Unique field LOGGERLorg/slf4j/Logger; to fd95bee0$LOGGER$0 in fabric-screen-api-v1.mixins.json:MinecraftClientMixin from mod fabric-screen-api-v1
[14:38:50] [Render thread/DEBUG] (FabricLoader/Mixin) Mixing accessor.MinecraftClientAccessor from fabric-networking-api-v1.client.mixins.json into net.minecraft.client.Minecraft
[14:38:50] [Render thread/DEBUG] (FabricLoader/Mixin) fabric-networking-api-v1.client.mixins.json:accessor.MinecraftClientAccessor from mod fabric-networking-api-v1: Class version 65 required is higher than the class version supported by the current version of Mixin (JAVA_17 supports class version 61)
[14:38:50] [Render thread/DEBUG] (FabricLoader/Mixin) Mixing MinecraftClientMixin from fabric-events-interaction-v0.client.mixins.json into net.minecraft.client.Minecraft
[14:38:50] [Render thread/DEBUG] (FabricLoader/Mixin) fabric-events-interaction-v0.client.mixins.json:MinecraftClientMixin from mod fabric-events-interaction-v0: Class version 65 required is higher than the class version supported by the current version of Mixin (JAVA_17 supports class version 61)
[14:38:50] [Render thread/DEBUG] (FabricLoader/Mixin) Mixing MinecraftClientMixin from fabric-data-generation-api-v1.client.mixins.json into net.minecraft.client.Minecraft
[14:38:50] [Render thread/DEBUG] (FabricLoader/Mixin) fabric-data-generation-api-v1.client.mixins.json:MinecraftClientMixin from mod fabric-data-generation-api-v1: Class version 65 required is higher than the class version supported by the current version of Mixin (JAVA_17 supports class version 61)
[14:38:50] [Render thread/DEBUG] (FabricLoader/Mixin) fabric-registry-sync-v0.client.mixins.json:MinecraftClientMixin from mod fabric-registry-sync-v0->@Inject::disconnectAfter(Lnet/minecraft/client/gui/screens/Screen;ZLorg/spongepowered/asm/mixin/injection/callback/CallbackInfo;)V doesn't use it's CallbackInfo
[14:38:50] [Render thread/DEBUG] (FabricLoader/Mixin) fabric-registry-sync-v0.client.mixins.json:MinecraftClientMixin from mod fabric-registry-sync-v0->@Inject::disconnectAfter(Lnet/minecraft/client/gui/screens/Screen;ZLorg/spongepowered/asm/mixin/injection/callback/CallbackInfo;)V has 0 override(s) in child classes
[14:38:50] [Render thread/DEBUG] (FabricLoader/Mixin) fabric-registry-sync-v0.client.mixins.json:MinecraftClientMixin from mod fabric-registry-sync-v0->@Inject::disconnectAfter(Lnet/minecraft/client/gui/screens/Screen;ZLorg/spongepowered/asm/mixin/injection/callback/CallbackInfo;)V won't be passed a CallbackInfo as a result
[14:38:50] [Render thread/DEBUG] (FabricLoader/Mixin) fabric-registry-sync-v0.client.mixins.json:MinecraftClientMixin from mod fabric-registry-sync-v0->@Inject::afterModInit(Lorg/spongepowered/asm/mixin/injection/callback/CallbackInfo;)V doesn't use it's CallbackInfo
[14:38:50] [Render thread/DEBUG] (FabricLoader/Mixin) fabric-registry-sync-v0.client.mixins.json:MinecraftClientMixin from mod fabric-registry-sync-v0->@Inject::afterModInit(Lorg/spongepowered/asm/mixin/injection/callback/CallbackInfo;)V has 0 override(s) in child classes
[14:38:50] [Render thread/DEBUG] (FabricLoader/Mixin) fabric-registry-sync-v0.client.mixins.json:MinecraftClientMixin from mod fabric-registry-sync-v0->@Inject::afterModInit(Lorg/spongepowered/asm/mixin/injection/callback/CallbackInfo;)V won't be passed a CallbackInfo as a result
[14:38:50] [Render thread/DEBUG] (FabricLoader/Mixin) fabric-lifecycle-events-v1.client.mixins.json:MinecraftClientMixin from mod fabric-lifecycle-events-v1->@Inject::onStartTick(Lorg/spongepowered/asm/mixin/injection/callback/CallbackInfo;)V doesn't use it's CallbackInfo
[14:38:50] [Render thread/DEBUG] (FabricLoader/Mixin) fabric-lifecycle-events-v1.client.mixins.json:MinecraftClientMixin from mod fabric-lifecycle-events-v1->@Inject::onStartTick(Lorg/spongepowered/asm/mixin/injection/callback/CallbackInfo;)V has 0 override(s) in child classes
[14:38:50] [Render thread/DEBUG] (FabricLoader/Mixin) fabric-lifecycle-events-v1.client.mixins.json:MinecraftClientMixin from mod fabric-lifecycle-events-v1->@Inject::onStartTick(Lorg/spongepowered/asm/mixin/injection/callback/CallbackInfo;)V won't be passed a CallbackInfo as a result
[14:38:50] [Render thread/DEBUG] (FabricLoader/Mixin) fabric-lifecycle-events-v1.client.mixins.json:MinecraftClientMixin from mod fabric-lifecycle-events-v1->@Inject::onEndTick(Lorg/spongepowered/asm/mixin/injection/callback/CallbackInfo;)V doesn't use it's CallbackInfo
[14:38:50] [Render thread/DEBUG] (FabricLoader/Mixin) fabric-lifecycle-events-v1.client.mixins.json:MinecraftClientMixin from mod fabric-lifecycle-events-v1->@Inject::onEndTick(Lorg/spongepowered/asm/mixin/injection/callback/CallbackInfo;)V has 0 override(s) in child classes
[14:38:50] [Render thread/DEBUG] (FabricLoader/Mixin) fabric-lifecycle-events-v1.client.mixins.json:MinecraftClientMixin from mod fabric-lifecycle-events-v1->@Inject::onEndTick(Lorg/spongepowered/asm/mixin/injection/callback/CallbackInfo;)V won't be passed a CallbackInfo as a result
[14:38:50] [Render thread/DEBUG] (FabricLoader/Mixin) fabric-lifecycle-events-v1.client.mixins.json:MinecraftClientMixin from mod fabric-lifecycle-events-v1->@Inject::onStopping(Lorg/spongepowered/asm/mixin/injection/callback/CallbackInfo;)V doesn't use it's CallbackInfo
[14:38:50] [Render thread/DEBUG] (FabricLoader/Mixin) fabric-lifecycle-events-v1.client.mixins.json:MinecraftClientMixin from mod fabric-lifecycle-events-v1->@Inject::onStopping(Lorg/spongepowered/asm/mixin/injection/callback/CallbackInfo;)V has 0 override(s) in child classes
[14:38:50] [Render thread/DEBUG] (FabricLoader/Mixin) fabric-lifecycle-events-v1.client.mixins.json:MinecraftClientMixin from mod fabric-lifecycle-events-v1->@Inject::onStopping(Lorg/spongepowered/asm/mixin/injection/callback/CallbackInfo;)V won't be passed a CallbackInfo as a result
[14:38:50] [Render thread/DEBUG] (FabricLoader/Mixin) fabric-lifecycle-events-v1.client.mixins.json:MinecraftClientMixin from mod fabric-lifecycle-events-v1->@Inject::onStart(Lorg/spongepowered/asm/mixin/injection/callback/CallbackInfo;)V doesn't use it's CallbackInfo
[14:38:50] [Render thread/DEBUG] (FabricLoader/Mixin) fabric-lifecycle-events-v1.client.mixins.json:MinecraftClientMixin from mod fabric-lifecycle-events-v1->@Inject::onStart(Lorg/spongepowered/asm/mixin/injection/callback/CallbackInfo;)V has 0 override(s) in child classes
[14:38:50] [Render thread/DEBUG] (FabricLoader/Mixin) fabric-lifecycle-events-v1.client.mixins.json:MinecraftClientMixin from mod fabric-lifecycle-events-v1->@Inject::onStart(Lorg/spongepowered/asm/mixin/injection/callback/CallbackInfo;)V won't be passed a CallbackInfo as a result
[14:38:50] [Render thread/DEBUG] (FabricLoader/Mixin) fabric-screen-api-v1.mixins.json:MinecraftClientMixin from mod fabric-screen-api-v1->@Inject::checkThreadOnDev(Lnet/minecraft/client/gui/screens/Screen;Lorg/spongepowered/asm/mixin/injection/callback/CallbackInfo;)V doesn't use it's CallbackInfo
[14:38:50] [Render thread/DEBUG] (FabricLoader/Mixin) fabric-screen-api-v1.mixins.json:MinecraftClientMixin from mod fabric-screen-api-v1->@Inject::checkThreadOnDev(Lnet/minecraft/client/gui/screens/Screen;Lorg/spongepowered/asm/mixin/injection/callback/CallbackInfo;)V has 0 override(s) in child classes
[14:38:50] [Render thread/DEBUG] (FabricLoader/Mixin) fabric-screen-api-v1.mixins.json:MinecraftClientMixin from mod fabric-screen-api-v1->@Inject::checkThreadOnDev(Lnet/minecraft/client/gui/screens/Screen;Lorg/spongepowered/asm/mixin/injection/callback/CallbackInfo;)V won't be passed a CallbackInfo as a result
[14:38:50] [Render thread/DEBUG] (FabricLoader/Mixin) fabric-screen-api-v1.mixins.json:MinecraftClientMixin from mod fabric-screen-api-v1->@Inject::onScreenRemove(Lnet/minecraft/client/gui/screens/Screen;Lorg/spongepowered/asm/mixin/injection/callback/CallbackInfo;)V doesn't use it's CallbackInfo
[14:38:50] [Render thread/DEBUG] (FabricLoader/Mixin) fabric-screen-api-v1.mixins.json:MinecraftClientMixin from mod fabric-screen-api-v1->@Inject::onScreenRemove(Lnet/minecraft/client/gui/screens/Screen;Lorg/spongepowered/asm/mixin/injection/callback/CallbackInfo;)V has 0 override(s) in child classes
[14:38:50] [Render thread/DEBUG] (FabricLoader/Mixin) fabric-screen-api-v1.mixins.json:MinecraftClientMixin from mod fabric-screen-api-v1->@Inject::onScreenRemove(Lnet/minecraft/client/gui/screens/Screen;Lorg/spongepowered/asm/mixin/injection/callback/CallbackInfo;)V won't be passed a CallbackInfo as a result
[14:38:50] [Render thread/DEBUG] (FabricLoader/Mixin) fabric-screen-api-v1.mixins.json:MinecraftClientMixin from mod fabric-screen-api-v1->@Inject::onScreenRemoveBecauseStopping(Lorg/spongepowered/asm/mixin/injection/callback/CallbackInfo;)V doesn't use it's CallbackInfo
[14:38:50] [Render thread/DEBUG] (FabricLoader/Mixin) fabric-screen-api-v1.mixins.json:MinecraftClientMixin from mod fabric-screen-api-v1->@Inject::onScreenRemoveBecauseStopping(Lorg/spongepowered/asm/mixin/injection/callback/CallbackInfo;)V has 0 override(s) in child classes
[14:38:50] [Render thread/DEBUG] (FabricLoader/Mixin) fabric-screen-api-v1.mixins.json:MinecraftClientMixin from mod fabric-screen-api-v1->@Inject::onScreenRemoveBecauseStopping(Lorg/spongepowered/asm/mixin/injection/callback/CallbackInfo;)V won't be passed a CallbackInfo as a result
[14:38:50] [Render thread/DEBUG] (FabricLoader/Mixin) fabric-screen-api-v1.mixins.json:MinecraftClientMixin from mod fabric-screen-api-v1->@Inject::beforeScreenTick(Lorg/spongepowered/asm/mixin/injection/callback/CallbackInfo;)V doesn't use it's CallbackInfo
[14:38:50] [Render thread/DEBUG] (FabricLoader/Mixin) fabric-screen-api-v1.mixins.json:MinecraftClientMixin from mod fabric-screen-api-v1->@Inject::beforeScreenTick(Lorg/spongepowered/asm/mixin/injection/callback/CallbackInfo;)V has 0 override(s) in child classes
[14:38:50] [Render thread/DEBUG] (FabricLoader/Mixin) fabric-screen-api-v1.mixins.json:MinecraftClientMixin from mod fabric-screen-api-v1->@Inject::beforeScreenTick(Lorg/spongepowered/asm/mixin/injection/callback/CallbackInfo;)V won't be passed a CallbackInfo as a result
[14:38:50] [Render thread/DEBUG] (FabricLoader/Mixin) fabric-screen-api-v1.mixins.json:MinecraftClientMixin from mod fabric-screen-api-v1->@Inject::afterScreenTick(Lorg/spongepowered/asm/mixin/injection/callback/CallbackInfo;)V doesn't use it's CallbackInfo
[14:38:50] [Render thread/DEBUG] (FabricLoader/Mixin) fabric-screen-api-v1.mixins.json:MinecraftClientMixin from mod fabric-screen-api-v1->@Inject::afterScreenTick(Lorg/spongepowered/asm/mixin/injection/callback/CallbackInfo;)V has 0 override(s) in child classes
[14:38:50] [Render thread/DEBUG] (FabricLoader/Mixin) fabric-screen-api-v1.mixins.json:MinecraftClientMixin from mod fabric-screen-api-v1->@Inject::afterScreenTick(Lorg/spongepowered/asm/mixin/injection/callback/CallbackInfo;)V won't be passed a CallbackInfo as a result
[14:38:50] [Render thread/DEBUG] (FabricLoader/Mixin) fabric-screen-api-v1.mixins.json:MinecraftClientMixin from mod fabric-screen-api-v1->@Inject::beforeLoadingScreenTick(Lorg/spongepowered/asm/mixin/injection/callback/CallbackInfo;)V doesn't use it's CallbackInfo
[14:38:50] [Render thread/DEBUG] (FabricLoader/Mixin) fabric-screen-api-v1.mixins.json:MinecraftClientMixin from mod fabric-screen-api-v1->@Inject::beforeLoadingScreenTick(Lorg/spongepowered/asm/mixin/injection/callback/CallbackInfo;)V has 0 override(s) in child classes
[14:38:50] [Render thread/DEBUG] (FabricLoader/Mixin) fabric-screen-api-v1.mixins.json:MinecraftClientMixin from mod fabric-screen-api-v1->@Inject::beforeLoadingScreenTick(Lorg/spongepowered/asm/mixin/injection/callback/CallbackInfo;)V won't be passed a CallbackInfo as a result
[14:38:50] [Render thread/DEBUG] (FabricLoader/Mixin) fabric-screen-api-v1.mixins.json:MinecraftClientMixin from mod fabric-screen-api-v1->@Inject::afterLoadingScreenTick(Lorg/spongepowered/asm/mixin/injection/callback/CallbackInfo;)V doesn't use it's CallbackInfo
[14:38:50] [Render thread/DEBUG] (FabricLoader/Mixin) fabric-screen-api-v1.mixins.json:MinecraftClientMixin from mod fabric-screen-api-v1->@Inject::afterLoadingScreenTick(Lorg/spongepowered/asm/mixin/injection/callback/CallbackInfo;)V has 0 override(s) in child classes
[14:38:50] [Render thread/DEBUG] (FabricLoader/Mixin) fabric-screen-api-v1.mixins.json:MinecraftClientMixin from mod fabric-screen-api-v1->@Inject::afterLoadingScreenTick(Lorg/spongepowered/asm/mixin/injection/callback/CallbackInfo;)V won't be passed a CallbackInfo as a result
[14:38:50] [Render thread/DEBUG] (FabricLoader/Mixin) fabric-events-interaction-v0.client.mixins.json:MinecraftClientMixin from mod fabric-events-interaction-v0->@Inject::fabric_doItemPickWrapper(Lorg/spongepowered/asm/mixin/injection/callback/CallbackInfo;)V does use it's CallbackInfo
[14:38:50] [Render thread/DEBUG] (FabricLoader/Mixin) fabric-events-interaction-v0.client.mixins.json:MinecraftClientMixin from mod fabric-events-interaction-v0->@Inject::cancelItemPick(Lorg/spongepowered/asm/mixin/injection/callback/CallbackInfo;)V does use it's CallbackInfo
[14:38:50] [Render thread/DEBUG] (FabricLoader/Mixin) fabric-events-interaction-v0.client.mixins.json:MinecraftClientMixin from mod fabric-events-interaction-v0->@Inject::injectUseEntityCallback(Lorg/spongepowered/asm/mixin/injection/callback/CallbackInfo;[Lnet/minecraft/world/InteractionHand;IILnet/minecraft/world/InteractionHand;Lnet/minecraft/world/item/ItemStack;Lnet/minecraft/world/phys/EntityHitResult;Lnet/minecraft/world/entity/Entity;)V does use it's CallbackInfo
[14:38:50] [Render thread/DEBUG] (FabricLoader/Mixin) fabric-events-interaction-v0.client.mixins.json:MinecraftClientMixin from mod fabric-events-interaction-v0->@Inject::injectHandleInputEventsForPreAttackCallback(Lorg/spongepowered/asm/mixin/injection/callback/CallbackInfo;)V doesn't use it's CallbackInfo
[14:38:50] [Render thread/DEBUG] (FabricLoader/Mixin) fabric-events-interaction-v0.client.mixins.json:MinecraftClientMixin from mod fabric-events-interaction-v0->@Inject::injectHandleInputEventsForPreAttackCallback(Lorg/spongepowered/asm/mixin/injection/callback/CallbackInfo;)V has 0 override(s) in child classes
[14:38:50] [Render thread/DEBUG] (FabricLoader/Mixin) fabric-events-interaction-v0.client.mixins.json:MinecraftClientMixin from mod fabric-events-interaction-v0->@Inject::injectHandleInputEventsForPreAttackCallback(Lorg/spongepowered/asm/mixin/injection/callback/CallbackInfo;)V won't be passed a CallbackInfo as a result
[14:38:50] [Render thread/DEBUG] (FabricLoader/Mixin) fabric-events-interaction-v0.client.mixins.json:MinecraftClientMixin from mod fabric-events-interaction-v0->@Inject::injectDoAttackForCancelling(Lorg/spongepowered/asm/mixin/injection/callback/CallbackInfoReturnable;)V does use it's CallbackInfoReturnable
[14:38:50] [Render thread/DEBUG] (FabricLoader/Mixin) fabric-events-interaction-v0.client.mixins.json:MinecraftClientMixin from mod fabric-events-interaction-v0->@Inject::injectHandleBlockBreakingForCancelling(ZLorg/spongepowered/asm/mixin/injection/callback/CallbackInfo;)V does use it's CallbackInfo
[14:38:50] [Render thread/DEBUG] (FabricLoader/Mixin) fabric-data-generation-api-v1.client.mixins.json:MinecraftClientMixin from mod fabric-data-generation-api-v1->@Inject::main(Lorg/spongepowered/asm/mixin/injection/callback/CallbackInfo;)V doesn't use it's CallbackInfo
[14:38:50] [Render thread/DEBUG] (FabricLoader/Mixin) fabric-data-generation-api-v1.client.mixins.json:MinecraftClientMixin from mod fabric-data-generation-api-v1->@Inject::main(Lorg/spongepowered/asm/mixin/injection/callback/CallbackInfo;)V has 0 override(s) in child classes
[14:38:50] [Render thread/DEBUG] (FabricLoader/Mixin) fabric-data-generation-api-v1.client.mixins.json:MinecraftClientMixin from mod fabric-data-generation-api-v1->@Inject::main(Lorg/spongepowered/asm/mixin/injection/callback/CallbackInfo;)V won't be passed a CallbackInfo as a result
[14:38:50] [Render thread/DEBUG] (FabricLoader/Mixin) Mixing ScreenAccessor from fabric-screen-api-v1.mixins.json into net.minecraft.client.gui.screens.Screen
[14:38:50] [Render thread/DEBUG] (FabricLoader/Mixin) fabric-screen-api-v1.mixins.json:ScreenAccessor from mod fabric-screen-api-v1: Class version 65 required is higher than the class version supported by the current version of Mixin (JAVA_17 supports class version 61)
[14:38:50] [Render thread/DEBUG] (FabricLoader/Mixin) Mixing ScreenMixin from fabric-screen-api-v1.mixins.json into net.minecraft.client.gui.screens.Screen
[14:38:50] [Render thread/DEBUG] (FabricLoader/Mixin) fabric-screen-api-v1.mixins.json:ScreenMixin from mod fabric-screen-api-v1: Class version 65 required is higher than the class version supported by the current version of Mixin (JAVA_17 supports class version 61)
[14:38:50] [Render thread/DEBUG] (FabricLoader/Mixin) fabric-screen-api-v1.mixins.json:ScreenMixin from mod fabric-screen-api-v1->@Inject::beforeInitScreen(Lnet/minecraft/client/Minecraft;IILorg/spongepowered/asm/mixin/injection/callback/CallbackInfo;)V doesn't use it's CallbackInfo
[14:38:50] [Render thread/DEBUG] (FabricLoader/Mixin) fabric-screen-api-v1.mixins.json:ScreenMixin from mod fabric-screen-api-v1->@Inject::beforeInitScreen(Lnet/minecraft/client/Minecraft;IILorg/spongepowered/asm/mixin/injection/callback/CallbackInfo;)V has 0 override(s) in child classes
[14:38:50] [Render thread/DEBUG] (FabricLoader/Mixin) fabric-screen-api-v1.mixins.json:ScreenMixin from mod fabric-screen-api-v1->@Inject::beforeInitScreen(Lnet/minecraft/client/Minecraft;IILorg/spongepowered/asm/mixin/injection/callback/CallbackInfo;)V won't be passed a CallbackInfo as a result
[14:38:50] [Render thread/DEBUG] (FabricLoader/Mixin) fabric-screen-api-v1.mixins.json:ScreenMixin from mod fabric-screen-api-v1->@Inject::afterInitScreen(Lnet/minecraft/client/Minecraft;IILorg/spongepowered/asm/mixin/injection/callback/CallbackInfo;)V doesn't use it's CallbackInfo
[14:38:50] [Render thread/DEBUG] (FabricLoader/Mixin) fabric-screen-api-v1.mixins.json:ScreenMixin from mod fabric-screen-api-v1->@Inject::afterInitScreen(Lnet/minecraft/client/Minecraft;IILorg/spongepowered/asm/mixin/injection/callback/CallbackInfo;)V has 0 override(s) in child classes
[14:38:50] [Render thread/DEBUG] (FabricLoader/Mixin) fabric-screen-api-v1.mixins.json:ScreenMixin from mod fabric-screen-api-v1->@Inject::afterInitScreen(Lnet/minecraft/client/Minecraft;IILorg/spongepowered/asm/mixin/injection/callback/CallbackInfo;)V won't be passed a CallbackInfo as a result
[14:38:50] [Render thread/DEBUG] (FabricLoader/Mixin) fabric-screen-api-v1.mixins.json:ScreenMixin from mod fabric-screen-api-v1->@Inject::beforeResizeScreen(Lnet/minecraft/client/Minecraft;IILorg/spongepowered/asm/mixin/injection/callback/CallbackInfo;)V doesn't use it's CallbackInfo
[14:38:50] [Render thread/DEBUG] (FabricLoader/Mixin) fabric-screen-api-v1.mixins.json:ScreenMixin from mod fabric-screen-api-v1->@Inject::beforeResizeScreen(Lnet/minecraft/client/Minecraft;IILorg/spongepowered/asm/mixin/injection/callback/CallbackInfo;)V has 0 override(s) in child classes
[14:38:50] [Render thread/DEBUG] (FabricLoader/Mixin) fabric-screen-api-v1.mixins.json:ScreenMixin from mod fabric-screen-api-v1->@Inject::beforeResizeScreen(Lnet/minecraft/client/Minecraft;IILorg/spongepowered/asm/mixin/injection/callback/CallbackInfo;)V won't be passed a CallbackInfo as a result
[14:38:50] [Render thread/DEBUG] (FabricLoader/Mixin) fabric-screen-api-v1.mixins.json:ScreenMixin from mod fabric-screen-api-v1->@Inject::afterResizeScreen(Lnet/minecraft/client/Minecraft;IILorg/spongepowered/asm/mixin/injection/callback/CallbackInfo;)V doesn't use it's CallbackInfo
[14:38:50] [Render thread/DEBUG] (FabricLoader/Mixin) fabric-screen-api-v1.mixins.json:ScreenMixin from mod fabric-screen-api-v1->@Inject::afterResizeScreen(Lnet/minecraft/client/Minecraft;IILorg/spongepowered/asm/mixin/injection/callback/CallbackInfo;)V has 0 override(s) in child classes
[14:38:50] [Render thread/DEBUG] (FabricLoader/Mixin) fabric-screen-api-v1.mixins.json:ScreenMixin from mod fabric-screen-api-v1->@Inject::afterResizeScreen(Lnet/minecraft/client/Minecraft;IILorg/spongepowered/asm/mixin/injection/callback/CallbackInfo;)V won't be passed a CallbackInfo as a result
[14:38:50] [Render thread/DEBUG] (FabricLoader/Mixin) Mixing elytra.ClientPlayerEntityMixin from fabric-entity-events-v1.client.mixins.json into net.minecraft.client.player.LocalPlayer
[14:38:50] [Render thread/DEBUG] (FabricLoader/Mixin) fabric-entity-events-v1.client.mixins.json:elytra.ClientPlayerEntityMixin from mod fabric-entity-events-v1: Class version 65 required is higher than the class version supported by the current version of Mixin (JAVA_17 supports class version 61)
[14:38:50] [Render thread/DEBUG] (FabricLoader/Mixin) fabric-entity-events-v1.client.mixins.json:elytra.ClientPlayerEntityMixin from mod fabric-entity-events-v1->@Inject::injectElytraStart(Lorg/spongepowered/asm/mixin/injection/callback/CallbackInfo;)V doesn't use it's CallbackInfo
[14:38:50] [Render thread/DEBUG] (FabricLoader/Mixin) fabric-entity-events-v1.client.mixins.json:elytra.ClientPlayerEntityMixin from mod fabric-entity-events-v1->@Inject::injectElytraStart(Lorg/spongepowered/asm/mixin/injection/callback/CallbackInfo;)V has 0 override(s) in child classes
[14:38:50] [Render thread/DEBUG] (FabricLoader/Mixin) fabric-entity-events-v1.client.mixins.json:elytra.ClientPlayerEntityMixin from mod fabric-entity-events-v1->@Inject::injectElytraStart(Lorg/spongepowered/asm/mixin/injection/callback/CallbackInfo;)V won't be passed a CallbackInfo as a result
[14:38:50] [Render thread/DEBUG] (FabricLoader/Mixin) Mixing ClientWorldMixin from fabric-rendering-v1.mixins.json into net.minecraft.client.multiplayer.ClientLevel
[14:38:50] [Render thread/DEBUG] (FabricLoader/Mixin) fabric-rendering-v1.mixins.json:ClientWorldMixin from mod fabric-rendering-v1: Class version 65 required is higher than the class version supported by the current version of Mixin (JAVA_17 supports class version 61)
[14:38:50] [Render thread/DEBUG] (FabricLoader/Mixin) Renaming synthetic method lambda$new$1(Lnet/minecraft/world/level/ColorResolver;)Lnet/minecraft/client/color/block/BlockTintCache; to md95bee0$fabric-rendering-v1$lambda$new$1$0 in fabric-rendering-v1.mixins.json:ClientWorldMixin from mod fabric-rendering-v1
[14:38:50] [Render thread/DEBUG] (FabricLoader/Mixin) Renaming synthetic method lambda$new$0(Lnet/minecraft/world/level/ColorResolver;Lnet/minecraft/core/BlockPos;)I to md95bee0$fabric-rendering-v1$lambda$new$0$1 in fabric-rendering-v1.mixins.json:ClientWorldMixin from mod fabric-rendering-v1
[14:38:50] [Render thread/DEBUG] (FabricLoader/Mixin) Mixing ClientWorldMixin from fabric-lifecycle-events-v1.client.mixins.json into net.minecraft.client.multiplayer.ClientLevel
[14:38:50] [Render thread/DEBUG] (FabricLoader/Mixin) fabric-lifecycle-events-v1.client.mixins.json:ClientWorldMixin from mod fabric-lifecycle-events-v1: Class version 65 required is higher than the class version supported by the current version of Mixin (JAVA_17 supports class version 61)
[14:38:50] [Render thread/DEBUG] (FabricLoader/Mixin) fabric-rendering-v1.mixins.json:ClientWorldMixin from mod fabric-rendering-v1->@Inject::onResetChunkColor(Lnet/minecraft/world/level/ChunkPos;Lorg/spongepowered/asm/mixin/injection/callback/CallbackInfo;)V doesn't use it's CallbackInfo
[14:38:50] [Render thread/DEBUG] (FabricLoader/Mixin) fabric-rendering-v1.mixins.json:ClientWorldMixin from mod fabric-rendering-v1->@Inject::onResetChunkColor(Lnet/minecraft/world/level/ChunkPos;Lorg/spongepowered/asm/mixin/injection/callback/CallbackInfo;)V has 0 override(s) in child classes
[14:38:50] [Render thread/DEBUG] (FabricLoader/Mixin) fabric-rendering-v1.mixins.json:ClientWorldMixin from mod fabric-rendering-v1->@Inject::onResetChunkColor(Lnet/minecraft/world/level/ChunkPos;Lorg/spongepowered/asm/mixin/injection/callback/CallbackInfo;)V won't be passed a CallbackInfo as a result
[14:38:50] [Render thread/DEBUG] (FabricLoader/Mixin) fabric-rendering-v1.mixins.json:ClientWorldMixin from mod fabric-rendering-v1->@Inject::onReloadColor(Lorg/spongepowered/asm/mixin/injection/callback/CallbackInfo;)V doesn't use it's CallbackInfo
[14:38:50] [Render thread/DEBUG] (FabricLoader/Mixin) fabric-rendering-v1.mixins.json:ClientWorldMixin from mod fabric-rendering-v1->@Inject::onReloadColor(Lorg/spongepowered/asm/mixin/injection/callback/CallbackInfo;)V has 0 override(s) in child classes
[14:38:50] [Render thread/DEBUG] (FabricLoader/Mixin) fabric-rendering-v1.mixins.json:ClientWorldMixin from mod fabric-rendering-v1->@Inject::onReloadColor(Lorg/spongepowered/asm/mixin/injection/callback/CallbackInfo;)V won't be passed a CallbackInfo as a result
[14:38:50] [Render thread/DEBUG] (FabricLoader/Mixin) fabric-lifecycle-events-v1.client.mixins.json:ClientWorldMixin from mod fabric-lifecycle-events-v1->@Inject::tickWorldAfterBlockEntities(Lorg/spongepowered/asm/mixin/injection/callback/CallbackInfo;)V doesn't use it's CallbackInfo
[14:38:50] [Render thread/DEBUG] (FabricLoader/Mixin) fabric-lifecycle-events-v1.client.mixins.json:ClientWorldMixin from mod fabric-lifecycle-events-v1->@Inject::tickWorldAfterBlockEntities(Lorg/spongepowered/asm/mixin/injection/callback/CallbackInfo;)V has 0 override(s) in child classes
[14:38:50] [Render thread/DEBUG] (FabricLoader/Mixin) fabric-lifecycle-events-v1.client.mixins.json:ClientWorldMixin from mod fabric-lifecycle-events-v1->@Inject::tickWorldAfterBlockEntities(Lorg/spongepowered/asm/mixin/injection/callback/CallbackInfo;)V won't be passed a CallbackInfo as a result
[14:38:50] [Render thread/DEBUG] (FabricLoader/Mixin) fabric-lifecycle-events-v1.client.mixins.json:ClientWorldMixin from mod fabric-lifecycle-events-v1->@Inject::startWorldTick(Lorg/spongepowered/asm/mixin/injection/callback/CallbackInfo;)V doesn't use it's CallbackInfo
[14:38:50] [Render thread/DEBUG] (FabricLoader/Mixin) fabric-lifecycle-events-v1.client.mixins.json:ClientWorldMixin from mod fabric-lifecycle-events-v1->@Inject::startWorldTick(Lorg/spongepowered/asm/mixin/injection/callback/CallbackInfo;)V has 0 override(s) in child classes
[14:38:50] [Render thread/DEBUG] (FabricLoader/Mixin) fabric-lifecycle-events-v1.client.mixins.json:ClientWorldMixin from mod fabric-lifecycle-events-v1->@Inject::startWorldTick(Lorg/spongepowered/asm/mixin/injection/callback/CallbackInfo;)V won't be passed a CallbackInfo as a result
[14:38:50] [Render thread/DEBUG] (FabricLoader/Mixin) Mixing SinglePreparationResourceReloaderMixin from fabric-resource-conditions-api-v1.mixins.json into net.minecraft.server.packs.resources.SimplePreparableReloadListener
[14:38:50] [Render thread/DEBUG] (FabricLoader/Mixin) fabric-resource-conditions-api-v1.mixins.json:SinglePreparationResourceReloaderMixin from mod fabric-resource-conditions-api-v1: Class version 65 required is higher than the class version supported by the current version of Mixin (JAVA_17 supports class version 61)
[14:38:50] [Render thread/DEBUG] (FabricLoader/Mixin) fabric-resource-conditions-api-v1.mixins.json:SinglePreparationResourceReloaderMixin from mod fabric-resource-conditions-api-v1->@Inject::applyResourceConditions(Lnet/minecraft/server/packs/resources/ResourceManager;Lnet/minecraft/util/profiling/ProfilerFiller;Ljava/lang/Object;Lorg/spongepowered/asm/mixin/injection/callback/CallbackInfo;)V doesn't use it's CallbackInfo
[14:38:50] [Render thread/DEBUG] (FabricLoader/Mixin) fabric-resource-conditions-api-v1.mixins.json:SinglePreparationResourceReloaderMixin from mod fabric-resource-conditions-api-v1->@Inject::applyResourceConditions(Lnet/minecraft/server/packs/resources/ResourceManager;Lnet/minecraft/util/profiling/ProfilerFiller;Ljava/lang/Object;Lorg/spongepowered/asm/mixin/injection/callback/CallbackInfo;)V has 0 override(s) in child classes
[14:38:50] [Render thread/DEBUG] (FabricLoader/Mixin) fabric-resource-conditions-api-v1.mixins.json:SinglePreparationResourceReloaderMixin from mod fabric-resource-conditions-api-v1->@Inject::applyResourceConditions(Lnet/minecraft/server/packs/resources/ResourceManager;Lnet/minecraft/util/profiling/ProfilerFiller;Ljava/lang/Object;Lorg/spongepowered/asm/mixin/injection/callback/CallbackInfo;)V won't be passed a CallbackInfo as a result
[14:38:50] [Render thread/DEBUG] (FabricLoader/Mixin) Mixing VanillaResourcePackProviderMixin from fabric-resource-loader-v0.client.mixins.json into net.minecraft.server.packs.repository.BuiltInPackSource
[14:38:50] [Render thread/DEBUG] (FabricLoader/Mixin) fabric-resource-loader-v0.client.mixins.json:VanillaResourcePackProviderMixin from mod fabric-resource-loader-v0: Class version 65 required is higher than the class version supported by the current version of Mixin (JAVA_17 supports class version 61)
[14:38:50] [Render thread/DEBUG] (FabricLoader/Mixin) fabric-resource-loader-v0.client.mixins.json:VanillaResourcePackProviderMixin from mod fabric-resource-loader-v0->@Inject::addBuiltinResourcePacks(Ljava/util/function/Consumer;Lorg/spongepowered/asm/mixin/injection/callback/CallbackInfo;)V doesn't use it's CallbackInfo
[14:38:50] [Render thread/DEBUG] (FabricLoader/Mixin) fabric-resource-loader-v0.client.mixins.json:VanillaResourcePackProviderMixin from mod fabric-resource-loader-v0->@Inject::addBuiltinResourcePacks(Ljava/util/function/Consumer;Lorg/spongepowered/asm/mixin/injection/callback/CallbackInfo;)V has 0 override(s) in child classes
[14:38:50] [Render thread/DEBUG] (FabricLoader/Mixin) fabric-resource-loader-v0.client.mixins.json:VanillaResourcePackProviderMixin from mod fabric-resource-loader-v0->@Inject::addBuiltinResourcePacks(Ljava/util/function/Consumer;Lorg/spongepowered/asm/mixin/injection/callback/CallbackInfo;)V won't be passed a CallbackInfo as a result
[14:38:51] [Render thread/DEBUG] (FabricLoader/Mixin) Mixing ResourcePackManagerMixin from fabric-resource-loader-v0.mixins.json into net.minecraft.server.packs.repository.PackRepository
[14:38:51] [Render thread/DEBUG] (FabricLoader/Mixin) fabric-resource-loader-v0.mixins.json:ResourcePackManagerMixin from mod fabric-resource-loader-v0: Class version 65 required is higher than the class version supported by the current version of Mixin (JAVA_17 supports class version 61)
[14:38:51] [Render thread/DEBUG] (FabricLoader/Mixin) Renaming synthetic method lambda$handleAutoDisable$0(Ljava/util/Set;Lnet/minecraft/server/packs/repository/Pack;)Z to md95bee0$fabric-resource-loader-v0$lambda$handleAutoDisable$0$0 in fabric-resource-loader-v0.mixins.json:ResourcePackManagerMixin from mod fabric-resource-loader-v0
[14:38:51] [Render thread/DEBUG] (FabricLoader/Mixin) fabric-resource-loader-v0.mixins.json:ResourcePackManagerMixin from mod fabric-resource-loader-v0->@Inject::construct([Lnet/minecraft/server/packs/repository/RepositorySource;Lorg/spongepowered/asm/mixin/injection/callback/CallbackInfo;)V doesn't use it's CallbackInfo
[14:38:51] [Render thread/DEBUG] (FabricLoader/Mixin) fabric-resource-loader-v0.mixins.json:ResourcePackManagerMixin from mod fabric-resource-loader-v0->@Inject::construct([Lnet/minecraft/server/packs/repository/RepositorySource;Lorg/spongepowered/asm/mixin/injection/callback/CallbackInfo;)V has 0 override(s) in child classes
[14:38:51] [Render thread/DEBUG] (FabricLoader/Mixin) fabric-resource-loader-v0.mixins.json:ResourcePackManagerMixin from mod fabric-resource-loader-v0->@Inject::construct([Lnet/minecraft/server/packs/repository/RepositorySource;Lorg/spongepowered/asm/mixin/injection/callback/CallbackInfo;)V won't be passed a CallbackInfo as a result
[14:38:51] [Render thread/DEBUG] (FabricLoader/Mixin) fabric-resource-loader-v0.mixins.json:ResourcePackManagerMixin from mod fabric-resource-loader-v0->@Inject::handleAutoEnableDisable(Ljava/util/Collection;Lorg/spongepowered/asm/mixin/injection/callback/CallbackInfoReturnable;)V doesn't use it's CallbackInfoReturnable
[14:38:51] [Render thread/DEBUG] (FabricLoader/Mixin) fabric-resource-loader-v0.mixins.json:ResourcePackManagerMixin from mod fabric-resource-loader-v0->@Inject::handleAutoEnableDisable(Ljava/util/Collection;Lorg/spongepowered/asm/mixin/injection/callback/CallbackInfoReturnable;)V has 0 override(s) in child classes
[14:38:51] [Render thread/DEBUG] (FabricLoader/Mixin) fabric-resource-loader-v0.mixins.json:ResourcePackManagerMixin from mod fabric-resource-loader-v0->@Inject::handleAutoEnableDisable(Ljava/util/Collection;Lorg/spongepowered/asm/mixin/injection/callback/CallbackInfoReturnable;)V won't be passed a CallbackInfoReturnable as a result
[14:38:51] [Render thread/DEBUG] (FabricLoader/Mixin) fabric-resource-loader-v0.mixins.json:ResourcePackManagerMixin from mod fabric-resource-loader-v0->@Inject::handleAutoEnable(Ljava/lang/String;Lorg/spongepowered/asm/mixin/injection/callback/CallbackInfoReturnable;)V doesn't use it's CallbackInfoReturnable
[14:38:51] [Render thread/DEBUG] (FabricLoader/Mixin) fabric-resource-loader-v0.mixins.json:ResourcePackManagerMixin from mod fabric-resource-loader-v0->@Inject::handleAutoEnable(Ljava/lang/String;Lorg/spongepowered/asm/mixin/injection/callback/CallbackInfoReturnable;)V has 0 override(s) in child classes
[14:38:51] [Render thread/DEBUG] (FabricLoader/Mixin) fabric-resource-loader-v0.mixins.json:ResourcePackManagerMixin from mod fabric-resource-loader-v0->@Inject::handleAutoEnable(Ljava/lang/String;Lorg/spongepowered/asm/mixin/injection/callback/CallbackInfoReturnable;)V won't be passed a CallbackInfoReturnable as a result
[14:38:51] [Render thread/DEBUG] (FabricLoader/Mixin) fabric-resource-loader-v0.mixins.json:ResourcePackManagerMixin from mod fabric-resource-loader-v0->@Inject::handleAutoDisable(Ljava/lang/String;Lorg/spongepowered/asm/mixin/injection/callback/CallbackInfoReturnable;)V doesn't use it's CallbackInfoReturnable
[14:38:51] [Render thread/DEBUG] (FabricLoader/Mixin) fabric-resource-loader-v0.mixins.json:ResourcePackManagerMixin from mod fabric-resource-loader-v0->@Inject::handleAutoDisable(Ljava/lang/String;Lorg/spongepowered/asm/mixin/injection/callback/CallbackInfoReturnable;)V has 0 override(s) in child classes
[14:38:51] [Render thread/DEBUG] (FabricLoader/Mixin) fabric-resource-loader-v0.mixins.json:ResourcePackManagerMixin from mod fabric-resource-loader-v0->@Inject::handleAutoDisable(Ljava/lang/String;Lorg/spongepowered/asm/mixin/injection/callback/CallbackInfoReturnable;)V won't be passed a CallbackInfoReturnable as a result
[14:38:51] [Render thread/INFO] (com.mojang.authlib.yggdrasil.YggdrasilAuthenticationService) Environment: Environment[sessionHost=https://sessionserver.mojang.com, servicesHost=https://api.minecraftservices.com, name=PROD]
[14:38:51] [Render thread/INFO] (net.minecraft.client.Minecraft) Setting user: Player242
[14:38:51] [Render thread/DEBUG] (FabricLoader/Mixin) Mixing KeyBindingAccessor from fabric-key-binding-api-v1.mixins.json into net.minecraft.client.KeyMapping
[14:38:51] [Render thread/DEBUG] (FabricLoader/Mixin) fabric-key-binding-api-v1.mixins.json:KeyBindingAccessor from mod fabric-key-binding-api-v1: Class version 65 required is higher than the class version supported by the current version of Mixin (JAVA_17 supports class version 61)
[14:38:51] [Render thread/DEBUG] (FabricLoader/Mixin) Renaming @Accessor method fabric_getCategoryMap()Ljava/util/Map; to fabric_getCategoryMap$fabric-key-binding-api-v1_$md$95bee0$0 in fabric-key-binding-api-v1.mixins.json:KeyBindingAccessor from mod fabric-key-binding-api-v1
[14:38:51] [Render thread/DEBUG] (FabricLoader/Mixin) Mixing KeyBindingAccessor from fabric-events-interaction-v0.client.mixins.json into net.minecraft.client.KeyMapping
[14:38:51] [Render thread/DEBUG] (FabricLoader/Mixin) fabric-events-interaction-v0.client.mixins.json:KeyBindingAccessor from mod fabric-events-interaction-v0: Class version 65 required is higher than the class version supported by the current version of Mixin (JAVA_17 supports class version 61)
[14:38:51] [Render thread/DEBUG] (FabricLoader/Entrypoint) Iterating over entrypoint 'main'
[14:38:51] [Yggdrasil Key Fetcher/DEBUG] (com.mojang.authlib.minecraft.client.MinecraftClient) Connecting to https://api.minecraftservices.com/publickeys
[14:38:51] [Download-1/DEBUG] (com.mojang.authlib.minecraft.client.MinecraftClient) Connecting to https://sessionserver.mojang.com/session/minecraft/profile/062aacfa27f83a1695b1e980c0c72c9e?unsigned=false
[14:38:51] [Render thread/DEBUG] (FabricLoader/Mixin) Mixing ServerConfigurationNetworkHandlerMixin from fabric-networking-api-v1.mixins.json into net.minecraft.server.network.ServerConfigurationPacketListenerImpl
[14:38:51] [Render thread/DEBUG] (FabricLoader/Mixin) fabric-networking-api-v1.mixins.json:ServerConfigurationNetworkHandlerMixin from mod fabric-networking-api-v1: Class version 65 required is higher than the class version supported by the current version of Mixin (JAVA_17 supports class version 61)
[14:38:51] [Render thread/DEBUG] (FabricLoader/Mixin) Mixing ServerConfigurationNetworkHandlerMixin from fabric-resource-loader-v0.mixins.json into net.minecraft.server.network.ServerConfigurationPacketListenerImpl
[14:38:51] [Render thread/DEBUG] (FabricLoader/Mixin) fabric-resource-loader-v0.mixins.json:ServerConfigurationNetworkHandlerMixin from mod fabric-resource-loader-v0: Class version 65 required is higher than the class version supported by the current version of Mixin (JAVA_17 supports class version 61)
[14:38:51] [Render thread/DEBUG] (FabricLoader/Mixin) fabric-networking-api-v1.mixins.json:ServerConfigurationNetworkHandlerMixin from mod fabric-networking-api-v1->@Inject::initAddon(Lorg/spongepowered/asm/mixin/injection/callback/CallbackInfo;)V doesn't use it's CallbackInfo
[14:38:51] [Render thread/DEBUG] (FabricLoader/Mixin) fabric-networking-api-v1.mixins.json:ServerConfigurationNetworkHandlerMixin from mod fabric-networking-api-v1->@Inject::initAddon(Lorg/spongepowered/asm/mixin/injection/callback/CallbackInfo;)V has 0 override(s) in child classes
[14:38:51] [Render thread/DEBUG] (FabricLoader/Mixin) fabric-networking-api-v1.mixins.json:ServerConfigurationNetworkHandlerMixin from mod fabric-networking-api-v1->@Inject::initAddon(Lorg/spongepowered/asm/mixin/injection/callback/CallbackInfo;)V won't be passed a CallbackInfo as a result
[14:38:51] [Render thread/DEBUG] (FabricLoader/Mixin) fabric-networking-api-v1.mixins.json:ServerConfigurationNetworkHandlerMixin from mod fabric-networking-api-v1->@Inject::onClientReady(Lorg/spongepowered/asm/mixin/injection/callback/CallbackInfo;)V does use it's CallbackInfo
[14:38:51] [Render thread/DEBUG] (FabricLoader/Mixin) Mixing ServerCommonNetworkHandlerMixin from fabric-networking-api-v1.mixins.json into net.minecraft.server.network.ServerCommonPacketListenerImpl
[14:38:51] [Render thread/DEBUG] (FabricLoader/Mixin) fabric-networking-api-v1.mixins.json:ServerCommonNetworkHandlerMixin from mod fabric-networking-api-v1: Class version 65 required is higher than the class version supported by the current version of Mixin (JAVA_17 supports class version 61)
[14:38:51] [Render thread/DEBUG] (FabricLoader/Mixin) Mixing accessor.ServerCommonNetworkHandlerAccessor from fabric-networking-api-v1.mixins.json into net.minecraft.server.network.ServerCommonPacketListenerImpl
[14:38:51] [Render thread/DEBUG] (FabricLoader/Mixin) fabric-networking-api-v1.mixins.json:accessor.ServerCommonNetworkHandlerAccessor from mod fabric-networking-api-v1: Class version 65 required is higher than the class version supported by the current version of Mixin (JAVA_17 supports class version 61)
[14:38:51] [Render thread/DEBUG] (FabricLoader/Mixin) fabric-networking-api-v1.mixins.json:ServerCommonNetworkHandlerMixin from mod fabric-networking-api-v1->@Inject::handleCustomPayloadReceivedAsync(Lnet/minecraft/network/protocol/common/ServerboundCustomPayloadPacket;Lorg/spongepowered/asm/mixin/injection/callback/CallbackInfo;)V does use it's CallbackInfo
[14:38:51] [Render thread/DEBUG] (FabricLoader/Mixin) fabric-networking-api-v1.mixins.json:ServerCommonNetworkHandlerMixin from mod fabric-networking-api-v1->@Inject::onPlayPong(Lnet/minecraft/network/protocol/common/ServerboundPongPacket;Lorg/spongepowered/asm/mixin/injection/callback/CallbackInfo;)V doesn't use it's CallbackInfo
[14:38:51] [Render thread/DEBUG] (FabricLoader/Mixin) fabric-networking-api-v1.mixins.json:ServerCommonNetworkHandlerMixin from mod fabric-networking-api-v1->@Inject::onPlayPong(Lnet/minecraft/network/protocol/common/ServerboundPongPacket;Lorg/spongepowered/asm/mixin/injection/callback/CallbackInfo;)V has 0 override(s) in child classes
[14:38:51] [Render thread/DEBUG] (FabricLoader/Mixin) fabric-networking-api-v1.mixins.json:ServerCommonNetworkHandlerMixin from mod fabric-networking-api-v1->@Inject::onPlayPong(Lnet/minecraft/network/protocol/common/ServerboundPongPacket;Lorg/spongepowered/asm/mixin/injection/callback/CallbackInfo;)V won't be passed a CallbackInfo as a result
[14:38:51] [Render thread/DEBUG] (FabricLoader/Mixin) Mixing MinecraftServerMixin from fabric-gametest-api-v1.mixins.json into net.minecraft.server.MinecraftServer
[14:38:51] [Render thread/DEBUG] (FabricLoader/Mixin) fabric-gametest-api-v1.mixins.json:MinecraftServerMixin from mod fabric-gametest-api-v1: Class version 65 required is higher than the class version supported by the current version of Mixin (JAVA_17 supports class version 61)
[14:38:51] [Render thread/DEBUG] (FabricLoader/Mixin) Mixing MinecraftServerMixin from fabric-lifecycle-events-v1.mixins.json into net.minecraft.server.MinecraftServer
[14:38:51] [Render thread/DEBUG] (FabricLoader/Mixin) fabric-lifecycle-events-v1.mixins.json:MinecraftServerMixin from mod fabric-lifecycle-events-v1: Class version 65 required is higher than the class version supported by the current version of Mixin (JAVA_17 supports class version 61)
[14:38:51] [Render thread/DEBUG] (FabricLoader/Mixin) Renaming synthetic method lambda$endResourceReload$0(Ljava/lang/Void;Ljava/lang/Throwable;)Ljava/lang/Void; to md95bee0$fabric-lifecycle-events-v1$lambda$endResourceReload$0$0 in fabric-lifecycle-events-v1.mixins.json:MinecraftServerMixin from mod fabric-lifecycle-events-v1
[14:38:51] [Render thread/DEBUG] (FabricLoader/Mixin) Mixing MinecraftServerMixin from fabric-resource-loader-v0.mixins.json into net.minecraft.server.MinecraftServer
[14:38:51] [Render thread/DEBUG] (FabricLoader/Mixin) fabric-resource-loader-v0.mixins.json:MinecraftServerMixin from mod fabric-resource-loader-v0: Class version 65 required is higher than the class version supported by the current version of Mixin (JAVA_17 supports class version 61)
[14:38:51] [Render thread/DEBUG] (FabricLoader/Mixin) Renaming synthetic method lambda$init$0(Lnet/minecraft/server/packs/PackResources;)Ljava/util/stream/Stream; to md95bee0$fabric-resource-loader-v0$lambda$init$0$1 in fabric-resource-loader-v0.mixins.json:MinecraftServerMixin from mod fabric-resource-loader-v0
[14:38:51] [Render thread/DEBUG] (FabricLoader/Mixin) Mixing MinecraftServerMixin from fabric-message-api-v1.mixins.json into net.minecraft.server.MinecraftServer
[14:38:51] [Render thread/DEBUG] (FabricLoader/Mixin) fabric-message-api-v1.mixins.json:MinecraftServerMixin from mod fabric-message-api-v1: Class version 65 required is higher than the class version supported by the current version of Mixin (JAVA_17 supports class version 61)
[14:38:51] [Render thread/DEBUG] (FabricLoader/Mixin) Renaming synthetic method lambda$onGetChatDecorator$0(Lnet/minecraft/server/level/ServerPlayer;Lnet/minecraft/network/chat/Component;)Lnet/minecraft/network/chat/Component; to md95bee0$fabric-message-api-v1$lambda$onGetChatDecorator$0$2 in fabric-message-api-v1.mixins.json:MinecraftServerMixin from mod fabric-message-api-v1
[14:38:51] [Render thread/DEBUG] (FabricLoader/Mixin) Mixing modification.MinecraftServerMixin from fabric-biome-api-v1.mixins.json into net.minecraft.server.MinecraftServer
[14:38:51] [Render thread/DEBUG] (FabricLoader/Mixin) fabric-biome-api-v1.mixins.json:modification.MinecraftServerMixin from mod fabric-biome-api-v1: Class version 65 required is higher than the class version supported by the current version of Mixin (JAVA_17 supports class version 61)
[14:38:51] [Render thread/DEBUG] (FabricLoader/Mixin) fabric-gametest-api-v1.mixins.json:MinecraftServerMixin from mod fabric-gametest-api-v1->@Inject::tickWorlds(Ljava/util/function/BooleanSupplier;Lorg/spongepowered/asm/mixin/injection/callback/CallbackInfo;)V doesn't use it's CallbackInfo
[14:38:51] [Render thread/DEBUG] (FabricLoader/Mixin) fabric-gametest-api-v1.mixins.json:MinecraftServerMixin from mod fabric-gametest-api-v1->@Inject::tickWorlds(Ljava/util/function/BooleanSupplier;Lorg/spongepowered/asm/mixin/injection/callback/CallbackInfo;)V has 0 override(s) in child classes
[14:38:51] [Render thread/DEBUG] (FabricLoader/Mixin) fabric-gametest-api-v1.mixins.json:MinecraftServerMixin from mod fabric-gametest-api-v1->@Inject::tickWorlds(Ljava/util/function/BooleanSupplier;Lorg/spongepowered/asm/mixin/injection/callback/CallbackInfo;)V won't be passed a CallbackInfo as a result
[14:38:51] [Render thread/DEBUG] (FabricLoader/Mixin) fabric-lifecycle-events-v1.mixins.json:MinecraftServerMixin from mod fabric-lifecycle-events-v1->@Inject::beforeSetupServer(Lorg/spongepowered/asm/mixin/injection/callback/CallbackInfo;)V doesn't use it's CallbackInfo
[14:38:51] [Render thread/DEBUG] (FabricLoader/Mixin) fabric-lifecycle-events-v1.mixins.json:MinecraftServerMixin from mod fabric-lifecycle-events-v1->@Inject::beforeSetupServer(Lorg/spongepowered/asm/mixin/injection/callback/CallbackInfo;)V has 0 override(s) in child classes
[14:38:51] [Render thread/DEBUG] (FabricLoader/Mixin) fabric-lifecycle-events-v1.mixins.json:MinecraftServerMixin from mod fabric-lifecycle-events-v1->@Inject::beforeSetupServer(Lorg/spongepowered/asm/mixin/injection/callback/CallbackInfo;)V won't be passed a CallbackInfo as a result
[14:38:51] [Render thread/DEBUG] (FabricLoader/Mixin) fabric-lifecycle-events-v1.mixins.json:MinecraftServerMixin from mod fabric-lifecycle-events-v1->@Inject::afterSetupServer(Lorg/spongepowered/asm/mixin/injection/callback/CallbackInfo;)V doesn't use it's CallbackInfo
[14:38:51] [Render thread/DEBUG] (FabricLoader/Mixin) fabric-lifecycle-events-v1.mixins.json:MinecraftServerMixin from mod fabric-lifecycle-events-v1->@Inject::afterSetupServer(Lorg/spongepowered/asm/mixin/injection/callback/CallbackInfo;)V has 0 override(s) in child classes
[14:38:51] [Render thread/DEBUG] (FabricLoader/Mixin) fabric-lifecycle-events-v1.mixins.json:MinecraftServerMixin from mod fabric-lifecycle-events-v1->@Inject::afterSetupServer(Lorg/spongepowered/asm/mixin/injection/callback/CallbackInfo;)V won't be passed a CallbackInfo as a result
[14:38:51] [Render thread/DEBUG] (FabricLoader/Mixin) fabric-lifecycle-events-v1.mixins.json:MinecraftServerMixin from mod fabric-lifecycle-events-v1->@Inject::beforeShutdownServer(Lorg/spongepowered/asm/mixin/injection/callback/CallbackInfo;)V doesn't use it's CallbackInfo
[14:38:51] [Render thread/DEBUG] (FabricLoader/Mixin) fabric-lifecycle-events-v1.mixins.json:MinecraftServerMixin from mod fabric-lifecycle-events-v1->@Inject::beforeShutdownServer(Lorg/spongepowered/asm/mixin/injection/callback/CallbackInfo;)V has 0 override(s) in child classes
[14:38:51] [Render thread/DEBUG] (FabricLoader/Mixin) fabric-lifecycle-events-v1.mixins.json:MinecraftServerMixin from mod fabric-lifecycle-events-v1->@Inject::beforeShutdownServer(Lorg/spongepowered/asm/mixin/injection/callback/CallbackInfo;)V won't be passed a CallbackInfo as a result
[14:38:51] [Render thread/DEBUG] (FabricLoader/Mixin) fabric-lifecycle-events-v1.mixins.json:MinecraftServerMixin from mod fabric-lifecycle-events-v1->@Inject::afterShutdownServer(Lorg/spongepowered/asm/mixin/injection/callback/CallbackInfo;)V doesn't use it's CallbackInfo
[14:38:51] [Render thread/DEBUG] (FabricLoader/Mixin) fabric-lifecycle-events-v1.mixins.json:MinecraftServerMixin from mod fabric-lifecycle-events-v1->@Inject::afterShutdownServer(Lorg/spongepowered/asm/mixin/injection/callback/CallbackInfo;)V has 0 override(s) in child classes
[14:38:51] [Render thread/DEBUG] (FabricLoader/Mixin) fabric-lifecycle-events-v1.mixins.json:MinecraftServerMixin from mod fabric-lifecycle-events-v1->@Inject::afterShutdownServer(Lorg/spongepowered/asm/mixin/injection/callback/CallbackInfo;)V won't be passed a CallbackInfo as a result
[14:38:51] [Render thread/DEBUG] (FabricLoader/Mixin) fabric-lifecycle-events-v1.mixins.json:MinecraftServerMixin from mod fabric-lifecycle-events-v1->@Inject::onStartTick(Ljava/util/function/BooleanSupplier;Lorg/spongepowered/asm/mixin/injection/callback/CallbackInfo;)V doesn't use it's CallbackInfo
[14:38:51] [Render thread/DEBUG] (FabricLoader/Mixin) fabric-lifecycle-events-v1.mixins.json:MinecraftServerMixin from mod fabric-lifecycle-events-v1->@Inject::onStartTick(Ljava/util/function/BooleanSupplier;Lorg/spongepowered/asm/mixin/injection/callback/CallbackInfo;)V has 0 override(s) in child classes
[14:38:51] [Render thread/DEBUG] (FabricLoader/Mixin) fabric-lifecycle-events-v1.mixins.json:MinecraftServerMixin from mod fabric-lifecycle-events-v1->@Inject::onStartTick(Ljava/util/function/BooleanSupplier;Lorg/spongepowered/asm/mixin/injection/callback/CallbackInfo;)V won't be passed a CallbackInfo as a result
[14:38:51] [Render thread/DEBUG] (FabricLoader/Mixin) fabric-lifecycle-events-v1.mixins.json:MinecraftServerMixin from mod fabric-lifecycle-events-v1->@Inject::onEndTick(Ljava/util/function/BooleanSupplier;Lorg/spongepowered/asm/mixin/injection/callback/CallbackInfo;)V doesn't use it's CallbackInfo
[14:38:51] [Render thread/DEBUG] (FabricLoader/Mixin) fabric-lifecycle-events-v1.mixins.json:MinecraftServerMixin from mod fabric-lifecycle-events-v1->@Inject::onEndTick(Ljava/util/function/BooleanSupplier;Lorg/spongepowered/asm/mixin/injection/callback/CallbackInfo;)V has 0 override(s) in child classes
[14:38:51] [Render thread/DEBUG] (FabricLoader/Mixin) fabric-lifecycle-events-v1.mixins.json:MinecraftServerMixin from mod fabric-lifecycle-events-v1->@Inject::onEndTick(Ljava/util/function/BooleanSupplier;Lorg/spongepowered/asm/mixin/injection/callback/CallbackInfo;)V won't be passed a CallbackInfo as a result
[14:38:51] [Render thread/DEBUG] (FabricLoader/Mixin) fabric-lifecycle-events-v1.mixins.json:MinecraftServerMixin from mod fabric-lifecycle-events-v1->@Inject::onUnloadWorldAtShutdown(Lorg/spongepowered/asm/mixin/injection/callback/CallbackInfo;Ljava/util/Iterator;Lnet/minecraft/server/level/ServerLevel;)V doesn't use it's CallbackInfo
[14:38:51] [Render thread/DEBUG] (FabricLoader/Mixin) fabric-lifecycle-events-v1.mixins.json:MinecraftServerMixin from mod fabric-lifecycle-events-v1->@Inject::onUnloadWorldAtShutdown(Lorg/spongepowered/asm/mixin/injection/callback/CallbackInfo;Ljava/util/Iterator;Lnet/minecraft/server/level/ServerLevel;)V has 0 override(s) in child classes
[14:38:51] [Render thread/DEBUG] (FabricLoader/Mixin) fabric-lifecycle-events-v1.mixins.json:MinecraftServerMixin from mod fabric-lifecycle-events-v1->@Inject::onUnloadWorldAtShutdown(Lorg/spongepowered/asm/mixin/injection/callback/CallbackInfo;Ljava/util/Iterator;Lnet/minecraft/server/level/ServerLevel;)V won't be passed a CallbackInfo as a result
[14:38:51] [Render thread/DEBUG] (FabricLoader/Mixin) fabric-lifecycle-events-v1.mixins.json:MinecraftServerMixin from mod fabric-lifecycle-events-v1->@Inject::startResourceReload(Ljava/util/Collection;Lorg/spongepowered/asm/mixin/injection/callback/CallbackInfoReturnable;)V doesn't use it's CallbackInfoReturnable
[14:38:51] [Render thread/DEBUG] (FabricLoader/Mixin) fabric-lifecycle-events-v1.mixins.json:MinecraftServerMixin from mod fabric-lifecycle-events-v1->@Inject::startResourceReload(Ljava/util/Collection;Lorg/spongepowered/asm/mixin/injection/callback/CallbackInfoReturnable;)V has 0 override(s) in child classes
[14:38:51] [Render thread/DEBUG] (FabricLoader/Mixin) fabric-lifecycle-events-v1.mixins.json:MinecraftServerMixin from mod fabric-lifecycle-events-v1->@Inject::startResourceReload(Ljava/util/Collection;Lorg/spongepowered/asm/mixin/injection/callback/CallbackInfoReturnable;)V won't be passed a CallbackInfoReturnable as a result
[14:38:51] [Render thread/DEBUG] (FabricLoader/Mixin) fabric-lifecycle-events-v1.mixins.json:MinecraftServerMixin from mod fabric-lifecycle-events-v1->@Inject::endResourceReload(Ljava/util/Collection;Lorg/spongepowered/asm/mixin/injection/callback/CallbackInfoReturnable;)V does use it's CallbackInfoReturnable
[14:38:51] [Render thread/DEBUG] (FabricLoader/Mixin) fabric-lifecycle-events-v1.mixins.json:MinecraftServerMixin from mod fabric-lifecycle-events-v1->@Inject::startSave(ZZZLorg/spongepowered/asm/mixin/injection/callback/CallbackInfoReturnable;)V doesn't use it's CallbackInfoReturnable
[14:38:51] [Render thread/DEBUG] (FabricLoader/Mixin) fabric-lifecycle-events-v1.mixins.json:MinecraftServerMixin from mod fabric-lifecycle-events-v1->@Inject::startSave(ZZZLorg/spongepowered/asm/mixin/injection/callback/CallbackInfoReturnable;)V has 0 override(s) in child classes
[14:38:51] [Render thread/DEBUG] (FabricLoader/Mixin) fabric-lifecycle-events-v1.mixins.json:MinecraftServerMixin from mod fabric-lifecycle-events-v1->@Inject::startSave(ZZZLorg/spongepowered/asm/mixin/injection/callback/CallbackInfoReturnable;)V won't be passed a CallbackInfoReturnable as a result
[14:38:51] [Render thread/DEBUG] (FabricLoader/Mixin) fabric-lifecycle-events-v1.mixins.json:MinecraftServerMixin from mod fabric-lifecycle-events-v1->@Inject::endSave(ZZZLorg/spongepowered/asm/mixin/injection/callback/CallbackInfoReturnable;)V doesn't use it's CallbackInfoReturnable
[14:38:51] [Render thread/DEBUG] (FabricLoader/Mixin) fabric-lifecycle-events-v1.mixins.json:MinecraftServerMixin from mod fabric-lifecycle-events-v1->@Inject::endSave(ZZZLorg/spongepowered/asm/mixin/injection/callback/CallbackInfoReturnable;)V has 0 override(s) in child classes
[14:38:51] [Render thread/DEBUG] (FabricLoader/Mixin) fabric-lifecycle-events-v1.mixins.json:MinecraftServerMixin from mod fabric-lifecycle-events-v1->@Inject::endSave(ZZZLorg/spongepowered/asm/mixin/injection/callback/CallbackInfoReturnable;)V won't be passed a CallbackInfoReturnable as a result
[14:38:51] [Render thread/DEBUG] (FabricLoader/Mixin) fabric-resource-loader-v0.mixins.json:MinecraftServerMixin from mod fabric-resource-loader-v0->@Inject::init(Ljava/lang/Thread;Lnet/minecraft/world/level/storage/LevelStorageSource$LevelStorageAccess;Lnet/minecraft/server/packs/repository/PackRepository;Lnet/minecraft/server/WorldStem;Ljava/net/Proxy;Lcom/mojang/datafixers/DataFixer;Lnet/minecraft/server/Services;Lnet/minecraft/server/level/progress/ChunkProgressListenerFactory;Lorg/spongepowered/asm/mixin/injection/callback/CallbackInfo;)V doesn't use it's CallbackInfo
[14:38:51] [Render thread/DEBUG] (FabricLoader/Mixin) fabric-resource-loader-v0.mixins.json:MinecraftServerMixin from mod fabric-resource-loader-v0->@Inject::init(Ljava/lang/Thread;Lnet/minecraft/world/level/storage/LevelStorageSource$LevelStorageAccess;Lnet/minecraft/server/packs/repository/PackRepository;Lnet/minecraft/server/WorldStem;Ljava/net/Proxy;Lcom/mojang/datafixers/DataFixer;Lnet/minecraft/server/Services;Lnet/minecraft/server/level/progress/ChunkProgressListenerFactory;Lorg/spongepowered/asm/mixin/injection/callback/CallbackInfo;)V has 0 override(s) in child classes
[14:38:51] [Render thread/DEBUG] (FabricLoader/Mixin) fabric-resource-loader-v0.mixins.json:MinecraftServerMixin from mod fabric-resource-loader-v0->@Inject::init(Ljava/lang/Thread;Lnet/minecraft/world/level/storage/LevelStorageSource$LevelStorageAccess;Lnet/minecraft/server/packs/repository/PackRepository;Lnet/minecraft/server/WorldStem;Ljava/net/Proxy;Lcom/mojang/datafixers/DataFixer;Lnet/minecraft/server/Services;Lnet/minecraft/server/level/progress/ChunkProgressListenerFactory;Lorg/spongepowered/asm/mixin/injection/callback/CallbackInfo;)V won't be passed a CallbackInfo as a result
[14:38:51] [Render thread/DEBUG] (FabricLoader/Mixin) fabric-message-api-v1.mixins.json:MinecraftServerMixin from mod fabric-message-api-v1->@Inject::onGetChatDecorator(Lorg/spongepowered/asm/mixin/injection/callback/CallbackInfoReturnable;)V does use it's CallbackInfoReturnable
[14:38:51] [Render thread/DEBUG] (FabricLoader/Mixin) fabric-biome-api-v1.mixins.json:modification.MinecraftServerMixin from mod fabric-biome-api-v1->@Inject::finalizeWorldGen(Lorg/spongepowered/asm/mixin/injection/callback/CallbackInfo;)V doesn't use it's CallbackInfo
[14:38:51] [Render thread/DEBUG] (FabricLoader/Mixin) fabric-biome-api-v1.mixins.json:modification.MinecraftServerMixin from mod fabric-biome-api-v1->@Inject::finalizeWorldGen(Lorg/spongepowered/asm/mixin/injection/callback/CallbackInfo;)V has 0 override(s) in child classes
[14:38:51] [Render thread/DEBUG] (FabricLoader/Mixin) fabric-biome-api-v1.mixins.json:modification.MinecraftServerMixin from mod fabric-biome-api-v1->@Inject::finalizeWorldGen(Lorg/spongepowered/asm/mixin/injection/callback/CallbackInfo;)V won't be passed a CallbackInfo as a result
[14:38:52] [Download-1/DEBUG] (com.mojang.authlib.yggdrasil.YggdrasilMinecraftSessionService) Couldn't fetch profile properties for 062aacfa-27f8-3a16-95b1-e980c0c72c9e as the profile does not exist
[14:38:52] [Render thread/DEBUG] (FabricLoader/Entrypoint) Iterating over entrypoint 'client'
[14:38:52] [Render thread/DEBUG] (FabricLoader/Mixin) Mixing ClientConnectionMixin from fabric-networking-api-v1.mixins.json into net.minecraft.network.Connection
[14:38:52] [Render thread/DEBUG] (FabricLoader/Mixin) fabric-networking-api-v1.mixins.json:ClientConnectionMixin from mod fabric-networking-api-v1: Class version 65 required is higher than the class version supported by the current version of Mixin (JAVA_17 supports class version 61)
[14:38:52] [Render thread/DEBUG] (FabricLoader/Mixin) Renaming synthetic method lambda$fabric_getPendingChannelsNames$0(Lnet/minecraft/network/ConnectionProtocol;)Ljava/util/Collection; to md95bee0$fabric-networking-api-v1$lambda$fabric_getPendingChannelsNames$0$0 in fabric-networking-api-v1.mixins.json:ClientConnectionMixin from mod fabric-networking-api-v1
[14:38:52] [Render thread/DEBUG] (FabricLoader/Mixin) fabric-networking-api-v1.mixins.json:ClientConnectionMixin from mod fabric-networking-api-v1->@Inject::initAddedFields(Lnet/minecraft/network/protocol/PacketFlow;Lorg/spongepowered/asm/mixin/injection/callback/CallbackInfo;)V doesn't use it's CallbackInfo
[14:38:52] [Render thread/DEBUG] (FabricLoader/Mixin) fabric-networking-api-v1.mixins.json:ClientConnectionMixin from mod fabric-networking-api-v1->@Inject::initAddedFields(Lnet/minecraft/network/protocol/PacketFlow;Lorg/spongepowered/asm/mixin/injection/callback/CallbackInfo;)V has 0 override(s) in child classes
[14:38:52] [Render thread/DEBUG] (FabricLoader/Mixin) fabric-networking-api-v1.mixins.json:ClientConnectionMixin from mod fabric-networking-api-v1->@Inject::initAddedFields(Lnet/minecraft/network/protocol/PacketFlow;Lorg/spongepowered/asm/mixin/injection/callback/CallbackInfo;)V won't be passed a CallbackInfo as a result
[14:38:52] [Render thread/DEBUG] (FabricLoader/Mixin) fabric-networking-api-v1.mixins.json:ClientConnectionMixin from mod fabric-networking-api-v1->@Inject::checkPacket(Lnet/minecraft/network/protocol/Packet;Lnet/minecraft/network/PacketSendListener;ZLorg/spongepowered/asm/mixin/injection/callback/CallbackInfo;)V doesn't use it's CallbackInfo
[14:38:52] [Render thread/DEBUG] (FabricLoader/Mixin) fabric-networking-api-v1.mixins.json:ClientConnectionMixin from mod fabric-networking-api-v1->@Inject::checkPacket(Lnet/minecraft/network/protocol/Packet;Lnet/minecraft/network/PacketSendListener;ZLorg/spongepowered/asm/mixin/injection/callback/CallbackInfo;)V has 0 override(s) in child classes
[14:38:52] [Render thread/DEBUG] (FabricLoader/Mixin) fabric-networking-api-v1.mixins.json:ClientConnectionMixin from mod fabric-networking-api-v1->@Inject::checkPacket(Lnet/minecraft/network/protocol/Packet;Lnet/minecraft/network/PacketSendListener;ZLorg/spongepowered/asm/mixin/injection/callback/CallbackInfo;)V won't be passed a CallbackInfo as a result
[14:38:52] [Render thread/DEBUG] (FabricLoader/Mixin) fabric-networking-api-v1.mixins.json:ClientConnectionMixin from mod fabric-networking-api-v1->@Inject::checkPacket(Lnet/minecraft/network/protocol/Packet;Lnet/minecraft/network/PacketSendListener;ZLorg/spongepowered/asm/mixin/injection/callback/CallbackInfo;)V doesn't use it's CallbackInfo
[14:38:52] [Render thread/DEBUG] (FabricLoader/Mixin) fabric-networking-api-v1.mixins.json:ClientConnectionMixin from mod fabric-networking-api-v1->@Inject::checkPacket(Lnet/minecraft/network/protocol/Packet;Lnet/minecraft/network/PacketSendListener;ZLorg/spongepowered/asm/mixin/injection/callback/CallbackInfo;)V has 0 override(s) in child classes
[14:38:52] [Render thread/DEBUG] (FabricLoader/Mixin) fabric-networking-api-v1.mixins.json:ClientConnectionMixin from mod fabric-networking-api-v1->@Inject::checkPacket(Lnet/minecraft/network/protocol/Packet;Lnet/minecraft/network/PacketSendListener;ZLorg/spongepowered/asm/mixin/injection/callback/CallbackInfo;)V won't be passed a CallbackInfo as a result
[14:38:52] [Render thread/DEBUG] (FabricLoader/Mixin) fabric-networking-api-v1.mixins.json:ClientConnectionMixin from mod fabric-networking-api-v1->@Inject::unwatchAddon(Lnet/minecraft/network/ProtocolInfo;Lnet/minecraft/network/PacketListener;Lorg/spongepowered/asm/mixin/injection/callback/CallbackInfo;)V doesn't use it's CallbackInfo
[14:38:52] [Render thread/DEBUG] (FabricLoader/Mixin) fabric-networking-api-v1.mixins.json:ClientConnectionMixin from mod fabric-networking-api-v1->@Inject::unwatchAddon(Lnet/minecraft/network/ProtocolInfo;Lnet/minecraft/network/PacketListener;Lorg/spongepowered/asm/mixin/injection/callback/CallbackInfo;)V has 0 override(s) in child classes
[14:38:52] [Render thread/DEBUG] (FabricLoader/Mixin) fabric-networking-api-v1.mixins.json:ClientConnectionMixin from mod fabric-networking-api-v1->@Inject::unwatchAddon(Lnet/minecraft/network/ProtocolInfo;Lnet/minecraft/network/PacketListener;Lorg/spongepowered/asm/mixin/injection/callback/CallbackInfo;)V won't be passed a CallbackInfo as a result
[14:38:52] [Render thread/DEBUG] (FabricLoader/Mixin) fabric-networking-api-v1.mixins.json:ClientConnectionMixin from mod fabric-networking-api-v1->@Inject::disconnectAddon(Lio/netty/channel/ChannelHandlerContext;Lorg/spongepowered/asm/mixin/injection/callback/CallbackInfo;)V doesn't use it's CallbackInfo
[14:38:52] [Render thread/DEBUG] (FabricLoader/Mixin) fabric-networking-api-v1.mixins.json:ClientConnectionMixin from mod fabric-networking-api-v1->@Inject::disconnectAddon(Lio/netty/channel/ChannelHandlerContext;Lorg/spongepowered/asm/mixin/injection/callback/CallbackInfo;)V has 0 override(s) in child classes
[14:38:52] [Render thread/DEBUG] (FabricLoader/Mixin) fabric-networking-api-v1.mixins.json:ClientConnectionMixin from mod fabric-networking-api-v1->@Inject::disconnectAddon(Lio/netty/channel/ChannelHandlerContext;Lorg/spongepowered/asm/mixin/injection/callback/CallbackInfo;)V won't be passed a CallbackInfo as a result
[14:38:52] [Render thread/DEBUG] (FabricLoader/Mixin) fabric-networking-api-v1.mixins.json:ClientConnectionMixin from mod fabric-networking-api-v1->@Inject::disconnectAddon(Lorg/spongepowered/asm/mixin/injection/callback/CallbackInfo;)V doesn't use it's CallbackInfo
[14:38:52] [Render thread/DEBUG] (FabricLoader/Mixin) fabric-networking-api-v1.mixins.json:ClientConnectionMixin from mod fabric-networking-api-v1->@Inject::disconnectAddon(Lorg/spongepowered/asm/mixin/injection/callback/CallbackInfo;)V has 0 override(s) in child classes
[14:38:52] [Render thread/DEBUG] (FabricLoader/Mixin) fabric-networking-api-v1.mixins.json:ClientConnectionMixin from mod fabric-networking-api-v1->@Inject::disconnectAddon(Lorg/spongepowered/asm/mixin/injection/callback/CallbackInfo;)V won't be passed a CallbackInfo as a result
[14:38:52] [Render thread/DEBUG] (FabricLoader/Mixin) Mixing ClientPlayNetworkHandlerMixin from fabric-message-api-v1.client.mixins.json into net.minecraft.client.multiplayer.ClientPacketListener
[14:38:52] [Render thread/DEBUG] (FabricLoader/Mixin) fabric-message-api-v1.client.mixins.json:ClientPlayNetworkHandlerMixin from mod fabric-message-api-v1: Class version 65 required is higher than the class version supported by the current version of Mixin (JAVA_17 supports class version 61)
[14:38:52] [Render thread/DEBUG] (FabricLoader/Mixin) Mixing ClientPlayNetworkHandlerMixin from fabric-networking-api-v1.client.mixins.json into net.minecraft.client.multiplayer.ClientPacketListener
[14:38:52] [Render thread/DEBUG] (FabricLoader/Mixin) fabric-networking-api-v1.client.mixins.json:ClientPlayNetworkHandlerMixin from mod fabric-networking-api-v1: Class version 65 required is higher than the class version supported by the current version of Mixin (JAVA_17 supports class version 61)
[14:38:52] [Render thread/DEBUG] (FabricLoader/Mixin) Mixing ClientPlayNetworkHandlerMixin from fabric-command-api-v2.client.mixins.json into net.minecraft.client.multiplayer.ClientPacketListener
[14:38:52] [Render thread/DEBUG] (FabricLoader/Mixin) fabric-command-api-v2.client.mixins.json:ClientPlayNetworkHandlerMixin from mod fabric-command-api-v2: Class version 65 required is higher than the class version supported by the current version of Mixin (JAVA_17 supports class version 61)
[14:38:52] [Render thread/DEBUG] (FabricLoader/Mixin) Mixing ClientPlayNetworkHandlerMixin from fabric-data-attachment-api-v1.client.mixins.json into net.minecraft.client.multiplayer.ClientPacketListener
[14:38:52] [Render thread/DEBUG] (FabricLoader/Mixin) fabric-data-attachment-api-v1.client.mixins.json:ClientPlayNetworkHandlerMixin from mod fabric-data-attachment-api-v1: Class version 65 required is higher than the class version supported by the current version of Mixin (JAVA_17 supports class version 61)
[14:38:52] [Render thread/DEBUG] (FabricLoader/Mixin) Mixing ClientPlayNetworkHandlerMixin from fabric-lifecycle-events-v1.client.mixins.json into net.minecraft.client.multiplayer.ClientPacketListener
[14:38:52] [Render thread/DEBUG] (FabricLoader/Mixin) fabric-lifecycle-events-v1.client.mixins.json:ClientPlayNetworkHandlerMixin from mod fabric-lifecycle-events-v1: Class version 65 required is higher than the class version supported by the current version of Mixin (JAVA_17 supports class version 61)
[14:38:52] [Render thread/DEBUG] (FabricLoader/Mixin) fabric-message-api-v1.client.mixins.json:ClientPlayNetworkHandlerMixin from mod fabric-message-api-v1->@Inject::fabric_allowSendChatMessage(Ljava/lang/String;Lorg/spongepowered/asm/mixin/injection/callback/CallbackInfo;)V does use it's CallbackInfo
[14:38:52] [Render thread/DEBUG] (FabricLoader/Mixin) fabric-message-api-v1.client.mixins.json:ClientPlayNetworkHandlerMixin from mod fabric-message-api-v1->@Inject::fabric_allowSendCommandMessage(Ljava/lang/String;Lorg/spongepowered/asm/mixin/injection/callback/CallbackInfo;)V does use it's CallbackInfo
[14:38:52] [Render thread/DEBUG] (FabricLoader/Mixin) fabric-networking-api-v1.client.mixins.json:ClientPlayNetworkHandlerMixin from mod fabric-networking-api-v1->@Inject::initAddon(Lorg/spongepowered/asm/mixin/injection/callback/CallbackInfo;)V doesn't use it's CallbackInfo
[14:38:52] [Render thread/DEBUG] (FabricLoader/Mixin) fabric-networking-api-v1.client.mixins.json:ClientPlayNetworkHandlerMixin from mod fabric-networking-api-v1->@Inject::initAddon(Lorg/spongepowered/asm/mixin/injection/callback/CallbackInfo;)V has 0 override(s) in child classes
[14:38:52] [Render thread/DEBUG] (FabricLoader/Mixin) fabric-networking-api-v1.client.mixins.json:ClientPlayNetworkHandlerMixin from mod fabric-networking-api-v1->@Inject::initAddon(Lorg/spongepowered/asm/mixin/injection/callback/CallbackInfo;)V won't be passed a CallbackInfo as a result
[14:38:52] [Render thread/DEBUG] (FabricLoader/Mixin) fabric-networking-api-v1.client.mixins.json:ClientPlayNetworkHandlerMixin from mod fabric-networking-api-v1->@Inject::handleServerPlayReady(Lnet/minecraft/network/protocol/game/ClientboundLoginPacket;Lorg/spongepowered/asm/mixin/injection/callback/CallbackInfo;)V doesn't use it's CallbackInfo
[14:38:52] [Render thread/DEBUG] (FabricLoader/Mixin) fabric-networking-api-v1.client.mixins.json:ClientPlayNetworkHandlerMixin from mod fabric-networking-api-v1->@Inject::handleServerPlayReady(Lnet/minecraft/network/protocol/game/ClientboundLoginPacket;Lorg/spongepowered/asm/mixin/injection/callback/CallbackInfo;)V has 0 override(s) in child classes
[14:38:52] [Render thread/DEBUG] (FabricLoader/Mixin) fabric-networking-api-v1.client.mixins.json:ClientPlayNetworkHandlerMixin from mod fabric-networking-api-v1->@Inject::handleServerPlayReady(Lnet/minecraft/network/protocol/game/ClientboundLoginPacket;Lorg/spongepowered/asm/mixin/injection/callback/CallbackInfo;)V won't be passed a CallbackInfo as a result
[14:38:52] [Render thread/DEBUG] (FabricLoader/Mixin) fabric-command-api-v2.client.mixins.json:ClientPlayNetworkHandlerMixin from mod fabric-command-api-v2->@Inject::onGameJoin(Lnet/minecraft/network/protocol/game/ClientboundLoginPacket;Lorg/spongepowered/asm/mixin/injection/callback/CallbackInfo;)V doesn't use it's CallbackInfo
[14:38:52] [Render thread/DEBUG] (FabricLoader/Mixin) fabric-command-api-v2.client.mixins.json:ClientPlayNetworkHandlerMixin from mod fabric-command-api-v2->@Inject::onGameJoin(Lnet/minecraft/network/protocol/game/ClientboundLoginPacket;Lorg/spongepowered/asm/mixin/injection/callback/CallbackInfo;)V has 0 override(s) in child classes
[14:38:52] [Render thread/DEBUG] (FabricLoader/Mixin) fabric-command-api-v2.client.mixins.json:ClientPlayNetworkHandlerMixin from mod fabric-command-api-v2->@Inject::onGameJoin(Lnet/minecraft/network/protocol/game/ClientboundLoginPacket;Lorg/spongepowered/asm/mixin/injection/callback/CallbackInfo;)V won't be passed a CallbackInfo as a result
[14:38:52] [Render thread/DEBUG] (FabricLoader/Mixin) fabric-command-api-v2.client.mixins.json:ClientPlayNetworkHandlerMixin from mod fabric-command-api-v2->@Inject::onOnCommandTree(Lnet/minecraft/network/protocol/game/ClientboundCommandsPacket;Lorg/spongepowered/asm/mixin/injection/callback/CallbackInfo;)V doesn't use it's CallbackInfo
[14:38:52] [Render thread/DEBUG] (FabricLoader/Mixin) fabric-command-api-v2.client.mixins.json:ClientPlayNetworkHandlerMixin from mod fabric-command-api-v2->@Inject::onOnCommandTree(Lnet/minecraft/network/protocol/game/ClientboundCommandsPacket;Lorg/spongepowered/asm/mixin/injection/callback/CallbackInfo;)V has 0 override(s) in child classes
[14:38:52] [Render thread/DEBUG] (FabricLoader/Mixin) fabric-command-api-v2.client.mixins.json:ClientPlayNetworkHandlerMixin from mod fabric-command-api-v2->@Inject::onOnCommandTree(Lnet/minecraft/network/protocol/game/ClientboundCommandsPacket;Lorg/spongepowered/asm/mixin/injection/callback/CallbackInfo;)V won't be passed a CallbackInfo as a result
[14:38:52] [Render thread/DEBUG] (FabricLoader/Mixin) fabric-command-api-v2.client.mixins.json:ClientPlayNetworkHandlerMixin from mod fabric-command-api-v2->@Inject::onSendCommand(Ljava/lang/String;Lorg/spongepowered/asm/mixin/injection/callback/CallbackInfoReturnable;)V does use it's CallbackInfoReturnable
[14:38:52] [Render thread/DEBUG] (FabricLoader/Mixin) fabric-command-api-v2.client.mixins.json:ClientPlayNetworkHandlerMixin from mod fabric-command-api-v2->@Inject::onSendCommand(Ljava/lang/String;Lorg/spongepowered/asm/mixin/injection/callback/CallbackInfo;)V does use it's CallbackInfo
[14:38:52] [Render thread/DEBUG] (FabricLoader/Mixin) fabric-lifecycle-events-v1.client.mixins.json:ClientPlayNetworkHandlerMixin from mod fabric-lifecycle-events-v1->@Inject::onPlayerRespawn(Lnet/minecraft/network/protocol/game/ClientboundRespawnPacket;Lorg/spongepowered/asm/mixin/injection/callback/CallbackInfo;)V doesn't use it's CallbackInfo
[14:38:52] [Render thread/DEBUG] (FabricLoader/Mixin) fabric-lifecycle-events-v1.client.mixins.json:ClientPlayNetworkHandlerMixin from mod fabric-lifecycle-events-v1->@Inject::onPlayerRespawn(Lnet/minecraft/network/protocol/game/ClientboundRespawnPacket;Lorg/spongepowered/asm/mixin/injection/callback/CallbackInfo;)V has 0 override(s) in child classes
[14:38:52] [Render thread/DEBUG] (FabricLoader/Mixin) fabric-lifecycle-events-v1.client.mixins.json:ClientPlayNetworkHandlerMixin from mod fabric-lifecycle-events-v1->@Inject::onPlayerRespawn(Lnet/minecraft/network/protocol/game/ClientboundRespawnPacket;Lorg/spongepowered/asm/mixin/injection/callback/CallbackInfo;)V won't be passed a CallbackInfo as a result
[14:38:52] [Render thread/DEBUG] (FabricLoader/Mixin) fabric-lifecycle-events-v1.client.mixins.json:ClientPlayNetworkHandlerMixin from mod fabric-lifecycle-events-v1->@Inject::onGameJoin(Lnet/minecraft/network/protocol/game/ClientboundLoginPacket;Lorg/spongepowered/asm/mixin/injection/callback/CallbackInfo;)V doesn't use it's CallbackInfo
[14:38:52] [Render thread/DEBUG] (FabricLoader/Mixin) fabric-lifecycle-events-v1.client.mixins.json:ClientPlayNetworkHandlerMixin from mod fabric-lifecycle-events-v1->@Inject::onGameJoin(Lnet/minecraft/network/protocol/game/ClientboundLoginPacket;Lorg/spongepowered/asm/mixin/injection/callback/CallbackInfo;)V has 0 override(s) in child classes
[14:38:52] [Render thread/DEBUG] (FabricLoader/Mixin) fabric-lifecycle-events-v1.client.mixins.json:ClientPlayNetworkHandlerMixin from mod fabric-lifecycle-events-v1->@Inject::onGameJoin(Lnet/minecraft/network/protocol/game/ClientboundLoginPacket;Lorg/spongepowered/asm/mixin/injection/callback/CallbackInfo;)V won't be passed a CallbackInfo as a result
[14:38:52] [Render thread/DEBUG] (FabricLoader/Mixin) fabric-lifecycle-events-v1.client.mixins.json:ClientPlayNetworkHandlerMixin from mod fabric-lifecycle-events-v1->@Inject::onClearWorld(Lorg/spongepowered/asm/mixin/injection/callback/CallbackInfo;)V doesn't use it's CallbackInfo
[14:38:52] [Render thread/DEBUG] (FabricLoader/Mixin) fabric-lifecycle-events-v1.client.mixins.json:ClientPlayNetworkHandlerMixin from mod fabric-lifecycle-events-v1->@Inject::onClearWorld(Lorg/spongepowered/asm/mixin/injection/callback/CallbackInfo;)V has 0 override(s) in child classes
[14:38:52] [Render thread/DEBUG] (FabricLoader/Mixin) fabric-lifecycle-events-v1.client.mixins.json:ClientPlayNetworkHandlerMixin from mod fabric-lifecycle-events-v1->@Inject::onClearWorld(Lorg/spongepowered/asm/mixin/injection/callback/CallbackInfo;)V won't be passed a CallbackInfo as a result
[14:38:52] [Render thread/DEBUG] (FabricLoader/Mixin) Mixing accessor.ClientCommonNetworkHandlerAccessor from fabric-networking-api-v1.client.mixins.json into net.minecraft.client.multiplayer.ClientCommonPacketListenerImpl
[14:38:52] [Render thread/DEBUG] (FabricLoader/Mixin) fabric-networking-api-v1.client.mixins.json:accessor.ClientCommonNetworkHandlerAccessor from mod fabric-networking-api-v1: Class version 65 required is higher than the class version supported by the current version of Mixin (JAVA_17 supports class version 61)
[14:38:52] [Render thread/DEBUG] (FabricLoader/Mixin) Mixing ClientCommonNetworkHandlerMixin from fabric-networking-api-v1.client.mixins.json into net.minecraft.client.multiplayer.ClientCommonPacketListenerImpl
[14:38:52] [Render thread/DEBUG] (FabricLoader/Mixin) fabric-networking-api-v1.client.mixins.json:ClientCommonNetworkHandlerMixin from mod fabric-networking-api-v1: Class version 65 required is higher than the class version supported by the current version of Mixin (JAVA_17 supports class version 61)
[14:38:52] [Render thread/DEBUG] (FabricLoader/Mixin) fabric-networking-api-v1.client.mixins.json:ClientCommonNetworkHandlerMixin from mod fabric-networking-api-v1->@Inject::onCustomPayload(Lnet/minecraft/network/protocol/common/ClientboundCustomPayloadPacket;Lorg/spongepowered/asm/mixin/injection/callback/CallbackInfo;)V does use it's CallbackInfo
[14:38:52] [Render thread/DEBUG] (FabricLoader/Mixin) Mixing ClientConfigurationNetworkHandlerMixin from fabric-networking-api-v1.client.mixins.json into net.minecraft.client.multiplayer.ClientConfigurationPacketListenerImpl
[14:38:52] [Render thread/DEBUG] (FabricLoader/Mixin) fabric-networking-api-v1.client.mixins.json:ClientConfigurationNetworkHandlerMixin from mod fabric-networking-api-v1: Class version 65 required is higher than the class version supported by the current version of Mixin (JAVA_17 supports class version 61)
[14:38:52] [Render thread/DEBUG] (FabricLoader/Mixin) Mixing accessor.ClientConfigurationNetworkHandlerAccessor from fabric-networking-api-v1.client.mixins.json into net.minecraft.client.multiplayer.ClientConfigurationPacketListenerImpl
[14:38:52] [Render thread/DEBUG] (FabricLoader/Mixin) fabric-networking-api-v1.client.mixins.json:accessor.ClientConfigurationNetworkHandlerAccessor from mod fabric-networking-api-v1: Class version 65 required is higher than the class version supported by the current version of Mixin (JAVA_17 supports class version 61)
[14:38:52] [Render thread/DEBUG] (FabricLoader/Mixin) fabric-networking-api-v1.client.mixins.json:ClientConfigurationNetworkHandlerMixin from mod fabric-networking-api-v1->@Inject::initAddon(Lorg/spongepowered/asm/mixin/injection/callback/CallbackInfo;)V doesn't use it's CallbackInfo
[14:38:52] [Render thread/DEBUG] (FabricLoader/Mixin) fabric-networking-api-v1.client.mixins.json:ClientConfigurationNetworkHandlerMixin from mod fabric-networking-api-v1->@Inject::initAddon(Lorg/spongepowered/asm/mixin/injection/callback/CallbackInfo;)V has 0 override(s) in child classes
[14:38:52] [Render thread/DEBUG] (FabricLoader/Mixin) fabric-networking-api-v1.client.mixins.json:ClientConfigurationNetworkHandlerMixin from mod fabric-networking-api-v1->@Inject::initAddon(Lorg/spongepowered/asm/mixin/injection/callback/CallbackInfo;)V won't be passed a CallbackInfo as a result
[14:38:52] [Render thread/DEBUG] (FabricLoader/Mixin) fabric-networking-api-v1.client.mixins.json:ClientConfigurationNetworkHandlerMixin from mod fabric-networking-api-v1->@Inject::handleComplete(Lnet/minecraft/network/protocol/configuration/ClientboundFinishConfigurationPacket;Lorg/spongepowered/asm/mixin/injection/callback/CallbackInfo;)V doesn't use it's CallbackInfo
[14:38:52] [Render thread/DEBUG] (FabricLoader/Mixin) fabric-networking-api-v1.client.mixins.json:ClientConfigurationNetworkHandlerMixin from mod fabric-networking-api-v1->@Inject::handleComplete(Lnet/minecraft/network/protocol/configuration/ClientboundFinishConfigurationPacket;Lorg/spongepowered/asm/mixin/injection/callback/CallbackInfo;)V has 0 override(s) in child classes
[14:38:52] [Render thread/DEBUG] (FabricLoader/Mixin) fabric-networking-api-v1.client.mixins.json:ClientConfigurationNetworkHandlerMixin from mod fabric-networking-api-v1->@Inject::handleComplete(Lnet/minecraft/network/protocol/configuration/ClientboundFinishConfigurationPacket;Lorg/spongepowered/asm/mixin/injection/callback/CallbackInfo;)V won't be passed a CallbackInfo as a result
[14:38:52] [Render thread/DEBUG] (FabricLoader/Mixin) Mixing accessor.ClientLoginNetworkHandlerAccessor from fabric-networking-api-v1.client.mixins.json into net.minecraft.client.multiplayer.ClientHandshakePacketListenerImpl
[14:38:52] [Render thread/DEBUG] (FabricLoader/Mixin) fabric-networking-api-v1.client.mixins.json:accessor.ClientLoginNetworkHandlerAccessor from mod fabric-networking-api-v1: Class version 65 required is higher than the class version supported by the current version of Mixin (JAVA_17 supports class version 61)
[14:38:52] [Render thread/DEBUG] (FabricLoader/Mixin) Mixing ClientLoginNetworkHandlerMixin from fabric-networking-api-v1.client.mixins.json into net.minecraft.client.multiplayer.ClientHandshakePacketListenerImpl
[14:38:52] [Render thread/DEBUG] (FabricLoader/Mixin) fabric-networking-api-v1.client.mixins.json:ClientLoginNetworkHandlerMixin from mod fabric-networking-api-v1: Class version 65 required is higher than the class version supported by the current version of Mixin (JAVA_17 supports class version 61)
[14:38:52] [Render thread/DEBUG] (FabricLoader/Mixin) fabric-networking-api-v1.client.mixins.json:ClientLoginNetworkHandlerMixin from mod fabric-networking-api-v1->@Inject::initAddon(Lorg/spongepowered/asm/mixin/injection/callback/CallbackInfo;)V doesn't use it's CallbackInfo
[14:38:52] [Render thread/DEBUG] (FabricLoader/Mixin) fabric-networking-api-v1.client.mixins.json:ClientLoginNetworkHandlerMixin from mod fabric-networking-api-v1->@Inject::initAddon(Lorg/spongepowered/asm/mixin/injection/callback/CallbackInfo;)V has 0 override(s) in child classes
[14:38:52] [Render thread/DEBUG] (FabricLoader/Mixin) fabric-networking-api-v1.client.mixins.json:ClientLoginNetworkHandlerMixin from mod fabric-networking-api-v1->@Inject::initAddon(Lorg/spongepowered/asm/mixin/injection/callback/CallbackInfo;)V won't be passed a CallbackInfo as a result
[14:38:52] [Render thread/DEBUG] (FabricLoader/Mixin) fabric-networking-api-v1.client.mixins.json:ClientLoginNetworkHandlerMixin from mod fabric-networking-api-v1->@Inject::handleQueryRequest(Lnet/minecraft/network/protocol/login/ClientboundCustomQueryPacket;Lorg/spongepowered/asm/mixin/injection/callback/CallbackInfo;)V does use it's CallbackInfo
[14:38:52] [Render thread/INFO] (net.fabricmc.fabric.impl.client.indigo.Indigo) [Indigo] Registering Indigo renderer!
[14:38:52] [Render thread/DEBUG] (FabricLoader/Mixin) Mixing shader.GameRendererMixin from fabric-rendering-v1.mixins.json into net.minecraft.client.renderer.GameRenderer
[14:38:52] [Render thread/DEBUG] (FabricLoader/Mixin) fabric-rendering-v1.mixins.json:shader.GameRendererMixin from mod fabric-rendering-v1: Class version 65 required is higher than the class version supported by the current version of Mixin (JAVA_17 supports class version 61)
[14:38:52] [Render thread/DEBUG] (FabricLoader/Mixin) Renaming synthetic method lambda$registerShaders$0(Lnet/minecraft/server/packs/resources/ResourceProvider;Ljava/util/List;Lnet/minecraft/resources/ResourceLocation;Lcom/mojang/blaze3d/vertex/VertexFormat;Ljava/util/function/Consumer;)V to md95bee0$fabric-rendering-v1$lambda$registerShaders$0$0 in fabric-rendering-v1.mixins.json:shader.GameRendererMixin from mod fabric-rendering-v1
[14:38:52] [Render thread/DEBUG] (FabricLoader/Mixin) Mixing GameRendererMixin from fabric-screen-api-v1.mixins.json into net.minecraft.client.renderer.GameRenderer
[14:38:52] [Render thread/DEBUG] (FabricLoader/Mixin) fabric-screen-api-v1.mixins.json:GameRendererMixin from mod fabric-screen-api-v1: Class version 65 required is higher than the class version supported by the current version of Mixin (JAVA_17 supports class version 61)
[14:38:52] [Render thread/DEBUG] (FabricLoader/Mixin) fabric-rendering-v1.mixins.json:shader.GameRendererMixin from mod fabric-rendering-v1->@Inject::registerShaders(Lnet/minecraft/server/packs/resources/ResourceProvider;Lorg/spongepowered/asm/mixin/injection/callback/CallbackInfo;Ljava/util/List;Ljava/util/List;)V doesn't use it's CallbackInfo
[14:38:52] [Render thread/DEBUG] (FabricLoader/Mixin) fabric-rendering-v1.mixins.json:shader.GameRendererMixin from mod fabric-rendering-v1->@Inject::registerShaders(Lnet/minecraft/server/packs/resources/ResourceProvider;Lorg/spongepowered/asm/mixin/injection/callback/CallbackInfo;Ljava/util/List;Ljava/util/List;)V has 0 override(s) in child classes
[14:38:52] [Render thread/DEBUG] (FabricLoader/Mixin) fabric-rendering-v1.mixins.json:shader.GameRendererMixin from mod fabric-rendering-v1->@Inject::registerShaders(Lnet/minecraft/server/packs/resources/ResourceProvider;Lorg/spongepowered/asm/mixin/injection/callback/CallbackInfo;Ljava/util/List;Ljava/util/List;)V won't be passed a CallbackInfo as a result
[14:38:52] [Render thread/DEBUG] (FabricLoader/Mixin) fabric-rendering-v1.mixins.json:shader.GameRendererMixin from mod fabric-rendering-v1->@Inject::registerShaders(Lnet/minecraft/server/packs/resources/ResourceProvider;Lorg/spongepowered/asm/mixin/injection/callback/CallbackInfo;Ljava/util/List;Ljava/util/List;)V doesn't use it's CallbackInfo
[14:38:52] [Render thread/DEBUG] (FabricLoader/Mixin) fabric-rendering-v1.mixins.json:shader.GameRendererMixin from mod fabric-rendering-v1->@Inject::registerShaders(Lnet/minecraft/server/packs/resources/ResourceProvider;Lorg/spongepowered/asm/mixin/injection/callback/CallbackInfo;Ljava/util/List;Ljava/util/List;)V has 0 override(s) in child classes
[14:38:52] [Render thread/DEBUG] (FabricLoader/Mixin) fabric-rendering-v1.mixins.json:shader.GameRendererMixin from mod fabric-rendering-v1->@Inject::registerShaders(Lnet/minecraft/server/packs/resources/ResourceProvider;Lorg/spongepowered/asm/mixin/injection/callback/CallbackInfo;Ljava/util/List;Ljava/util/List;)V won't be passed a CallbackInfo as a result
[14:38:52] [Render thread/DEBUG] (FabricLoader/Mixin) fabric-rendering-v1.mixins.json:shader.GameRendererMixin from mod fabric-rendering-v1->@Inject::registerShaders(Lnet/minecraft/server/packs/resources/ResourceProvider;Lorg/spongepowered/asm/mixin/injection/callback/CallbackInfo;Ljava/util/List;Ljava/util/List;)V doesn't use it's CallbackInfo
[14:38:52] [Render thread/DEBUG] (FabricLoader/Mixin) fabric-rendering-v1.mixins.json:shader.GameRendererMixin from mod fabric-rendering-v1->@Inject::registerShaders(Lnet/minecraft/server/packs/resources/ResourceProvider;Lorg/spongepowered/asm/mixin/injection/callback/CallbackInfo;Ljava/util/List;Ljava/util/List;)V has 0 override(s) in child classes
[14:38:52] [Render thread/DEBUG] (FabricLoader/Mixin) fabric-rendering-v1.mixins.json:shader.GameRendererMixin from mod fabric-rendering-v1->@Inject::registerShaders(Lnet/minecraft/server/packs/resources/ResourceProvider;Lorg/spongepowered/asm/mixin/injection/callback/CallbackInfo;Ljava/util/List;Ljava/util/List;)V won't be passed a CallbackInfo as a result
[14:38:52] [Render thread/DEBUG] (FabricLoader/Mixin) fabric-rendering-v1.mixins.json:shader.GameRendererMixin from mod fabric-rendering-v1->@Inject::registerShaders(Lnet/minecraft/server/packs/resources/ResourceProvider;Lorg/spongepowered/asm/mixin/injection/callback/CallbackInfo;Ljava/util/List;Ljava/util/List;)V doesn't use it's CallbackInfo
[14:38:52] [Render thread/DEBUG] (FabricLoader/Mixin) fabric-rendering-v1.mixins.json:shader.GameRendererMixin from mod fabric-rendering-v1->@Inject::registerShaders(Lnet/minecraft/server/packs/resources/ResourceProvider;Lorg/spongepowered/asm/mixin/injection/callback/CallbackInfo;Ljava/util/List;Ljava/util/List;)V has 0 override(s) in child classes
[14:38:52] [Render thread/DEBUG] (FabricLoader/Mixin) fabric-rendering-v1.mixins.json:shader.GameRendererMixin from mod fabric-rendering-v1->@Inject::registerShaders(Lnet/minecraft/server/packs/resources/ResourceProvider;Lorg/spongepowered/asm/mixin/injection/callback/CallbackInfo;Ljava/util/List;Ljava/util/List;)V won't be passed a CallbackInfo as a result
[14:38:52] [Render thread/DEBUG] (FabricLoader/Mixin) fabric-rendering-v1.mixins.json:shader.GameRendererMixin from mod fabric-rendering-v1->@Inject::registerShaders(Lnet/minecraft/server/packs/resources/ResourceProvider;Lorg/spongepowered/asm/mixin/injection/callback/CallbackInfo;Ljava/util/List;Ljava/util/List;)V doesn't use it's CallbackInfo
[14:38:52] [Render thread/DEBUG] (FabricLoader/Mixin) fabric-rendering-v1.mixins.json:shader.GameRendererMixin from mod fabric-rendering-v1->@Inject::registerShaders(Lnet/minecraft/server/packs/resources/ResourceProvider;Lorg/spongepowered/asm/mixin/injection/callback/CallbackInfo;Ljava/util/List;Ljava/util/List;)V has 0 override(s) in child classes
[14:38:52] [Render thread/DEBUG] (FabricLoader/Mixin) fabric-rendering-v1.mixins.json:shader.GameRendererMixin from mod fabric-rendering-v1->@Inject::registerShaders(Lnet/minecraft/server/packs/resources/ResourceProvider;Lorg/spongepowered/asm/mixin/injection/callback/CallbackInfo;Ljava/util/List;Ljava/util/List;)V won't be passed a CallbackInfo as a result
[14:38:52] [Render thread/DEBUG] (FabricLoader/Mixin) fabric-rendering-v1.mixins.json:shader.GameRendererMixin from mod fabric-rendering-v1->@Inject::registerShaders(Lnet/minecraft/server/packs/resources/ResourceProvider;Lorg/spongepowered/asm/mixin/injection/callback/CallbackInfo;Ljava/util/List;Ljava/util/List;)V doesn't use it's CallbackInfo
[14:38:52] [Render thread/DEBUG] (FabricLoader/Mixin) fabric-rendering-v1.mixins.json:shader.GameRendererMixin from mod fabric-rendering-v1->@Inject::registerShaders(Lnet/minecraft/server/packs/resources/ResourceProvider;Lorg/spongepowered/asm/mixin/injection/callback/CallbackInfo;Ljava/util/List;Ljava/util/List;)V has 0 override(s) in child classes
[14:38:52] [Render thread/DEBUG] (FabricLoader/Mixin) fabric-rendering-v1.mixins.json:shader.GameRendererMixin from mod fabric-rendering-v1->@Inject::registerShaders(Lnet/minecraft/server/packs/resources/ResourceProvider;Lorg/spongepowered/asm/mixin/injection/callback/CallbackInfo;Ljava/util/List;Ljava/util/List;)V won't be passed a CallbackInfo as a result
[14:38:52] [Render thread/DEBUG] (FabricLoader/Mixin) fabric-rendering-v1.mixins.json:shader.GameRendererMixin from mod fabric-rendering-v1->@Inject::registerShaders(Lnet/minecraft/server/packs/resources/ResourceProvider;Lorg/spongepowered/asm/mixin/injection/callback/CallbackInfo;Ljava/util/List;Ljava/util/List;)V doesn't use it's CallbackInfo
[14:38:52] [Render thread/DEBUG] (FabricLoader/Mixin) fabric-rendering-v1.mixins.json:shader.GameRendererMixin from mod fabric-rendering-v1->@Inject::registerShaders(Lnet/minecraft/server/packs/resources/ResourceProvider;Lorg/spongepowered/asm/mixin/injection/callback/CallbackInfo;Ljava/util/List;Ljava/util/List;)V has 0 override(s) in child classes
[14:38:52] [Render thread/DEBUG] (FabricLoader/Mixin) fabric-rendering-v1.mixins.json:shader.GameRendererMixin from mod fabric-rendering-v1->@Inject::registerShaders(Lnet/minecraft/server/packs/resources/ResourceProvider;Lorg/spongepowered/asm/mixin/injection/callback/CallbackInfo;Ljava/util/List;Ljava/util/List;)V won't be passed a CallbackInfo as a result
[14:38:52] [Render thread/DEBUG] (FabricLoader/Mixin) fabric-rendering-v1.mixins.json:shader.GameRendererMixin from mod fabric-rendering-v1->@Inject::registerShaders(Lnet/minecraft/server/packs/resources/ResourceProvider;Lorg/spongepowered/asm/mixin/injection/callback/CallbackInfo;Ljava/util/List;Ljava/util/List;)V doesn't use it's CallbackInfo
[14:38:52] [Render thread/DEBUG] (FabricLoader/Mixin) fabric-rendering-v1.mixins.json:shader.GameRendererMixin from mod fabric-rendering-v1->@Inject::registerShaders(Lnet/minecraft/server/packs/resources/ResourceProvider;Lorg/spongepowered/asm/mixin/injection/callback/CallbackInfo;Ljava/util/List;Ljava/util/List;)V has 0 override(s) in child classes
[14:38:52] [Render thread/DEBUG] (FabricLoader/Mixin) fabric-rendering-v1.mixins.json:shader.GameRendererMixin from mod fabric-rendering-v1->@Inject::registerShaders(Lnet/minecraft/server/packs/resources/ResourceProvider;Lorg/spongepowered/asm/mixin/injection/callback/CallbackInfo;Ljava/util/List;Ljava/util/List;)V won't be passed a CallbackInfo as a result
[14:38:52] [Render thread/DEBUG] (FabricLoader/Mixin) fabric-rendering-v1.mixins.json:shader.GameRendererMixin from mod fabric-rendering-v1->@Inject::registerShaders(Lnet/minecraft/server/packs/resources/ResourceProvider;Lorg/spongepowered/asm/mixin/injection/callback/CallbackInfo;Ljava/util/List;Ljava/util/List;)V doesn't use it's CallbackInfo
[14:38:52] [Render thread/DEBUG] (FabricLoader/Mixin) fabric-rendering-v1.mixins.json:shader.GameRendererMixin from mod fabric-rendering-v1->@Inject::registerShaders(Lnet/minecraft/server/packs/resources/ResourceProvider;Lorg/spongepowered/asm/mixin/injection/callback/CallbackInfo;Ljava/util/List;Ljava/util/List;)V has 0 override(s) in child classes
[14:38:52] [Render thread/DEBUG] (FabricLoader/Mixin) fabric-rendering-v1.mixins.json:shader.GameRendererMixin from mod fabric-rendering-v1->@Inject::registerShaders(Lnet/minecraft/server/packs/resources/ResourceProvider;Lorg/spongepowered/asm/mixin/injection/callback/CallbackInfo;Ljava/util/List;Ljava/util/List;)V won't be passed a CallbackInfo as a result
[14:38:52] [Render thread/DEBUG] (FabricLoader/Mixin) fabric-rendering-v1.mixins.json:shader.GameRendererMixin from mod fabric-rendering-v1->@Inject::registerShaders(Lnet/minecraft/server/packs/resources/ResourceProvider;Lorg/spongepowered/asm/mixin/injection/callback/CallbackInfo;Ljava/util/List;Ljava/util/List;)V doesn't use it's CallbackInfo
[14:38:52] [Render thread/DEBUG] (FabricLoader/Mixin) fabric-rendering-v1.mixins.json:shader.GameRendererMixin from mod fabric-rendering-v1->@Inject::registerShaders(Lnet/minecraft/server/packs/resources/ResourceProvider;Lorg/spongepowered/asm/mixin/injection/callback/CallbackInfo;Ljava/util/List;Ljava/util/List;)V has 0 override(s) in child classes
[14:38:52] [Render thread/DEBUG] (FabricLoader/Mixin) fabric-rendering-v1.mixins.json:shader.GameRendererMixin from mod fabric-rendering-v1->@Inject::registerShaders(Lnet/minecraft/server/packs/resources/ResourceProvider;Lorg/spongepowered/asm/mixin/injection/callback/CallbackInfo;Ljava/util/List;Ljava/util/List;)V won't be passed a CallbackInfo as a result
[14:38:52] [Render thread/DEBUG] (FabricLoader/Mixin) fabric-rendering-v1.mixins.json:shader.GameRendererMixin from mod fabric-rendering-v1->@Inject::registerShaders(Lnet/minecraft/server/packs/resources/ResourceProvider;Lorg/spongepowered/asm/mixin/injection/callback/CallbackInfo;Ljava/util/List;Ljava/util/List;)V doesn't use it's CallbackInfo
[14:38:52] [Render thread/DEBUG] (FabricLoader/Mixin) fabric-rendering-v1.mixins.json:shader.GameRendererMixin from mod fabric-rendering-v1->@Inject::registerShaders(Lnet/minecraft/server/packs/resources/ResourceProvider;Lorg/spongepowered/asm/mixin/injection/callback/CallbackInfo;Ljava/util/List;Ljava/util/List;)V has 0 override(s) in child classes
[14:38:52] [Render thread/DEBUG] (FabricLoader/Mixin) fabric-rendering-v1.mixins.json:shader.GameRendererMixin from mod fabric-rendering-v1->@Inject::registerShaders(Lnet/minecraft/server/packs/resources/ResourceProvider;Lorg/spongepowered/asm/mixin/injection/callback/CallbackInfo;Ljava/util/List;Ljava/util/List;)V won't be passed a CallbackInfo as a result
[14:38:52] [Render thread/DEBUG] (FabricLoader/Mixin) fabric-rendering-v1.mixins.json:shader.GameRendererMixin from mod fabric-rendering-v1->@Inject::registerShaders(Lnet/minecraft/server/packs/resources/ResourceProvider;Lorg/spongepowered/asm/mixin/injection/callback/CallbackInfo;Ljava/util/List;Ljava/util/List;)V doesn't use it's CallbackInfo
[14:38:52] [Render thread/DEBUG] (FabricLoader/Mixin) fabric-rendering-v1.mixins.json:shader.GameRendererMixin from mod fabric-rendering-v1->@Inject::registerShaders(Lnet/minecraft/server/packs/resources/ResourceProvider;Lorg/spongepowered/asm/mixin/injection/callback/CallbackInfo;Ljava/util/List;Ljava/util/List;)V has 0 override(s) in child classes
[14:38:52] [Render thread/DEBUG] (FabricLoader/Mixin) fabric-rendering-v1.mixins.json:shader.GameRendererMixin from mod fabric-rendering-v1->@Inject::registerShaders(Lnet/minecraft/server/packs/resources/ResourceProvider;Lorg/spongepowered/asm/mixin/injection/callback/CallbackInfo;Ljava/util/List;Ljava/util/List;)V won't be passed a CallbackInfo as a result
[14:38:52] [Render thread/DEBUG] (FabricLoader/Mixin) fabric-rendering-v1.mixins.json:shader.GameRendererMixin from mod fabric-rendering-v1->@Inject::registerShaders(Lnet/minecraft/server/packs/resources/ResourceProvider;Lorg/spongepowered/asm/mixin/injection/callback/CallbackInfo;Ljava/util/List;Ljava/util/List;)V doesn't use it's CallbackInfo
[14:38:52] [Render thread/DEBUG] (FabricLoader/Mixin) fabric-rendering-v1.mixins.json:shader.GameRendererMixin from mod fabric-rendering-v1->@Inject::registerShaders(Lnet/minecraft/server/packs/resources/ResourceProvider;Lorg/spongepowered/asm/mixin/injection/callback/CallbackInfo;Ljava/util/List;Ljava/util/List;)V has 0 override(s) in child classes
[14:38:52] [Render thread/DEBUG] (FabricLoader/Mixin) fabric-rendering-v1.mixins.json:shader.GameRendererMixin from mod fabric-rendering-v1->@Inject::registerShaders(Lnet/minecraft/server/packs/resources/ResourceProvider;Lorg/spongepowered/asm/mixin/injection/callback/CallbackInfo;Ljava/util/List;Ljava/util/List;)V won't be passed a CallbackInfo as a result
[14:38:52] [Render thread/DEBUG] (FabricLoader/Mixin) fabric-rendering-v1.mixins.json:shader.GameRendererMixin from mod fabric-rendering-v1->@Inject::registerShaders(Lnet/minecraft/server/packs/resources/ResourceProvider;Lorg/spongepowered/asm/mixin/injection/callback/CallbackInfo;Ljava/util/List;Ljava/util/List;)V doesn't use it's CallbackInfo
[14:38:52] [Render thread/DEBUG] (FabricLoader/Mixin) fabric-rendering-v1.mixins.json:shader.GameRendererMixin from mod fabric-rendering-v1->@Inject::registerShaders(Lnet/minecraft/server/packs/resources/ResourceProvider;Lorg/spongepowered/asm/mixin/injection/callback/CallbackInfo;Ljava/util/List;Ljava/util/List;)V has 0 override(s) in child classes
[14:38:52] [Render thread/DEBUG] (FabricLoader/Mixin) fabric-rendering-v1.mixins.json:shader.GameRendererMixin from mod fabric-rendering-v1->@Inject::registerShaders(Lnet/minecraft/server/packs/resources/ResourceProvider;Lorg/spongepowered/asm/mixin/injection/callback/CallbackInfo;Ljava/util/List;Ljava/util/List;)V won't be passed a CallbackInfo as a result
[14:38:52] [Render thread/DEBUG] (FabricLoader/Mixin) fabric-rendering-v1.mixins.json:shader.GameRendererMixin from mod fabric-rendering-v1->@Inject::registerShaders(Lnet/minecraft/server/packs/resources/ResourceProvider;Lorg/spongepowered/asm/mixin/injection/callback/CallbackInfo;Ljava/util/List;Ljava/util/List;)V doesn't use it's CallbackInfo
[14:38:52] [Render thread/DEBUG] (FabricLoader/Mixin) fabric-rendering-v1.mixins.json:shader.GameRendererMixin from mod fabric-rendering-v1->@Inject::registerShaders(Lnet/minecraft/server/packs/resources/ResourceProvider;Lorg/spongepowered/asm/mixin/injection/callback/CallbackInfo;Ljava/util/List;Ljava/util/List;)V has 0 override(s) in child classes
[14:38:52] [Render thread/DEBUG] (FabricLoader/Mixin) fabric-rendering-v1.mixins.json:shader.GameRendererMixin from mod fabric-rendering-v1->@Inject::registerShaders(Lnet/minecraft/server/packs/resources/ResourceProvider;Lorg/spongepowered/asm/mixin/injection/callback/CallbackInfo;Ljava/util/List;Ljava/util/List;)V won't be passed a CallbackInfo as a result
[14:38:52] [Render thread/DEBUG] (FabricLoader/Mixin) fabric-rendering-v1.mixins.json:shader.GameRendererMixin from mod fabric-rendering-v1->@Inject::registerShaders(Lnet/minecraft/server/packs/resources/ResourceProvider;Lorg/spongepowered/asm/mixin/injection/callback/CallbackInfo;Ljava/util/List;Ljava/util/List;)V doesn't use it's CallbackInfo
[14:38:52] [Render thread/DEBUG] (FabricLoader/Mixin) fabric-rendering-v1.mixins.json:shader.GameRendererMixin from mod fabric-rendering-v1->@Inject::registerShaders(Lnet/minecraft/server/packs/resources/ResourceProvider;Lorg/spongepowered/asm/mixin/injection/callback/CallbackInfo;Ljava/util/List;Ljava/util/List;)V has 0 override(s) in child classes
[14:38:52] [Render thread/DEBUG] (FabricLoader/Mixin) fabric-rendering-v1.mixins.json:shader.GameRendererMixin from mod fabric-rendering-v1->@Inject::registerShaders(Lnet/minecraft/server/packs/resources/ResourceProvider;Lorg/spongepowered/asm/mixin/injection/callback/CallbackInfo;Ljava/util/List;Ljava/util/List;)V won't be passed a CallbackInfo as a result
[14:38:52] [Render thread/DEBUG] (FabricLoader/Mixin) fabric-rendering-v1.mixins.json:shader.GameRendererMixin from mod fabric-rendering-v1->@Inject::registerShaders(Lnet/minecraft/server/packs/resources/ResourceProvider;Lorg/spongepowered/asm/mixin/injection/callback/CallbackInfo;Ljava/util/List;Ljava/util/List;)V doesn't use it's CallbackInfo
[14:38:52] [Render thread/DEBUG] (FabricLoader/Mixin) fabric-rendering-v1.mixins.json:shader.GameRendererMixin from mod fabric-rendering-v1->@Inject::registerShaders(Lnet/minecraft/server/packs/resources/ResourceProvider;Lorg/spongepowered/asm/mixin/injection/callback/CallbackInfo;Ljava/util/List;Ljava/util/List;)V has 0 override(s) in child classes
[14:38:52] [Render thread/DEBUG] (FabricLoader/Mixin) fabric-rendering-v1.mixins.json:shader.GameRendererMixin from mod fabric-rendering-v1->@Inject::registerShaders(Lnet/minecraft/server/packs/resources/ResourceProvider;Lorg/spongepowered/asm/mixin/injection/callback/CallbackInfo;Ljava/util/List;Ljava/util/List;)V won't be passed a CallbackInfo as a result
[14:38:52] [Render thread/DEBUG] (FabricLoader/Mixin) fabric-rendering-v1.mixins.json:shader.GameRendererMixin from mod fabric-rendering-v1->@Inject::registerShaders(Lnet/minecraft/server/packs/resources/ResourceProvider;Lorg/spongepowered/asm/mixin/injection/callback/CallbackInfo;Ljava/util/List;Ljava/util/List;)V doesn't use it's CallbackInfo
[14:38:52] [Render thread/DEBUG] (FabricLoader/Mixin) fabric-rendering-v1.mixins.json:shader.GameRendererMixin from mod fabric-rendering-v1->@Inject::registerShaders(Lnet/minecraft/server/packs/resources/ResourceProvider;Lorg/spongepowered/asm/mixin/injection/callback/CallbackInfo;Ljava/util/List;Ljava/util/List;)V has 0 override(s) in child classes
[14:38:52] [Render thread/DEBUG] (FabricLoader/Mixin) fabric-rendering-v1.mixins.json:shader.GameRendererMixin from mod fabric-rendering-v1->@Inject::registerShaders(Lnet/minecraft/server/packs/resources/ResourceProvider;Lorg/spongepowered/asm/mixin/injection/callback/CallbackInfo;Ljava/util/List;Ljava/util/List;)V won't be passed a CallbackInfo as a result
[14:38:52] [Render thread/DEBUG] (FabricLoader/Mixin) fabric-rendering-v1.mixins.json:shader.GameRendererMixin from mod fabric-rendering-v1->@Inject::registerShaders(Lnet/minecraft/server/packs/resources/ResourceProvider;Lorg/spongepowered/asm/mixin/injection/callback/CallbackInfo;Ljava/util/List;Ljava/util/List;)V doesn't use it's CallbackInfo
[14:38:52] [Render thread/DEBUG] (FabricLoader/Mixin) fabric-rendering-v1.mixins.json:shader.GameRendererMixin from mod fabric-rendering-v1->@Inject::registerShaders(Lnet/minecraft/server/packs/resources/ResourceProvider;Lorg/spongepowered/asm/mixin/injection/callback/CallbackInfo;Ljava/util/List;Ljava/util/List;)V has 0 override(s) in child classes
[14:38:52] [Render thread/DEBUG] (FabricLoader/Mixin) fabric-rendering-v1.mixins.json:shader.GameRendererMixin from mod fabric-rendering-v1->@Inject::registerShaders(Lnet/minecraft/server/packs/resources/ResourceProvider;Lorg/spongepowered/asm/mixin/injection/callback/CallbackInfo;Ljava/util/List;Ljava/util/List;)V won't be passed a CallbackInfo as a result
[14:38:52] [Render thread/DEBUG] (FabricLoader/Mixin) fabric-rendering-v1.mixins.json:shader.GameRendererMixin from mod fabric-rendering-v1->@Inject::registerShaders(Lnet/minecraft/server/packs/resources/ResourceProvider;Lorg/spongepowered/asm/mixin/injection/callback/CallbackInfo;Ljava/util/List;Ljava/util/List;)V doesn't use it's CallbackInfo
[14:38:52] [Render thread/DEBUG] (FabricLoader/Mixin) fabric-rendering-v1.mixins.json:shader.GameRendererMixin from mod fabric-rendering-v1->@Inject::registerShaders(Lnet/minecraft/server/packs/resources/ResourceProvider;Lorg/spongepowered/asm/mixin/injection/callback/CallbackInfo;Ljava/util/List;Ljava/util/List;)V has 0 override(s) in child classes
[14:38:52] [Render thread/DEBUG] (FabricLoader/Mixin) fabric-rendering-v1.mixins.json:shader.GameRendererMixin from mod fabric-rendering-v1->@Inject::registerShaders(Lnet/minecraft/server/packs/resources/ResourceProvider;Lorg/spongepowered/asm/mixin/injection/callback/CallbackInfo;Ljava/util/List;Ljava/util/List;)V won't be passed a CallbackInfo as a result
[14:38:52] [Render thread/DEBUG] (FabricLoader/Mixin) fabric-rendering-v1.mixins.json:shader.GameRendererMixin from mod fabric-rendering-v1->@Inject::registerShaders(Lnet/minecraft/server/packs/resources/ResourceProvider;Lorg/spongepowered/asm/mixin/injection/callback/CallbackInfo;Ljava/util/List;Ljava/util/List;)V doesn't use it's CallbackInfo
[14:38:52] [Render thread/DEBUG] (FabricLoader/Mixin) fabric-rendering-v1.mixins.json:shader.GameRendererMixin from mod fabric-rendering-v1->@Inject::registerShaders(Lnet/minecraft/server/packs/resources/ResourceProvider;Lorg/spongepowered/asm/mixin/injection/callback/CallbackInfo;Ljava/util/List;Ljava/util/List;)V has 0 override(s) in child classes
[14:38:52] [Render thread/DEBUG] (FabricLoader/Mixin) fabric-rendering-v1.mixins.json:shader.GameRendererMixin from mod fabric-rendering-v1->@Inject::registerShaders(Lnet/minecraft/server/packs/resources/ResourceProvider;Lorg/spongepowered/asm/mixin/injection/callback/CallbackInfo;Ljava/util/List;Ljava/util/List;)V won't be passed a CallbackInfo as a result
[14:38:52] [Render thread/DEBUG] (FabricLoader/Mixin) fabric-rendering-v1.mixins.json:shader.GameRendererMixin from mod fabric-rendering-v1->@Inject::registerShaders(Lnet/minecraft/server/packs/resources/ResourceProvider;Lorg/spongepowered/asm/mixin/injection/callback/CallbackInfo;Ljava/util/List;Ljava/util/List;)V doesn't use it's CallbackInfo
[14:38:52] [Render thread/DEBUG] (FabricLoader/Mixin) fabric-rendering-v1.mixins.json:shader.GameRendererMixin from mod fabric-rendering-v1->@Inject::registerShaders(Lnet/minecraft/server/packs/resources/ResourceProvider;Lorg/spongepowered/asm/mixin/injection/callback/CallbackInfo;Ljava/util/List;Ljava/util/List;)V has 0 override(s) in child classes
[14:38:52] [Render thread/DEBUG] (FabricLoader/Mixin) fabric-rendering-v1.mixins.json:shader.GameRendererMixin from mod fabric-rendering-v1->@Inject::registerShaders(Lnet/minecraft/server/packs/resources/ResourceProvider;Lorg/spongepowered/asm/mixin/injection/callback/CallbackInfo;Ljava/util/List;Ljava/util/List;)V won't be passed a CallbackInfo as a result
[14:38:52] [Render thread/DEBUG] (FabricLoader/Mixin) fabric-rendering-v1.mixins.json:shader.GameRendererMixin from mod fabric-rendering-v1->@Inject::registerShaders(Lnet/minecraft/server/packs/resources/ResourceProvider;Lorg/spongepowered/asm/mixin/injection/callback/CallbackInfo;Ljava/util/List;Ljava/util/List;)V doesn't use it's CallbackInfo
[14:38:52] [Render thread/DEBUG] (FabricLoader/Mixin) fabric-rendering-v1.mixins.json:shader.GameRendererMixin from mod fabric-rendering-v1->@Inject::registerShaders(Lnet/minecraft/server/packs/resources/ResourceProvider;Lorg/spongepowered/asm/mixin/injection/callback/CallbackInfo;Ljava/util/List;Ljava/util/List;)V has 0 override(s) in child classes
[14:38:52] [Render thread/DEBUG] (FabricLoader/Mixin) fabric-rendering-v1.mixins.json:shader.GameRendererMixin from mod fabric-rendering-v1->@Inject::registerShaders(Lnet/minecraft/server/packs/resources/ResourceProvider;Lorg/spongepowered/asm/mixin/injection/callback/CallbackInfo;Ljava/util/List;Ljava/util/List;)V won't be passed a CallbackInfo as a result
[14:38:52] [Render thread/DEBUG] (FabricLoader/Mixin) fabric-rendering-v1.mixins.json:shader.GameRendererMixin from mod fabric-rendering-v1->@Inject::registerShaders(Lnet/minecraft/server/packs/resources/ResourceProvider;Lorg/spongepowered/asm/mixin/injection/callback/CallbackInfo;Ljava/util/List;Ljava/util/List;)V doesn't use it's CallbackInfo
[14:38:52] [Render thread/DEBUG] (FabricLoader/Mixin) fabric-rendering-v1.mixins.json:shader.GameRendererMixin from mod fabric-rendering-v1->@Inject::registerShaders(Lnet/minecraft/server/packs/resources/ResourceProvider;Lorg/spongepowered/asm/mixin/injection/callback/CallbackInfo;Ljava/util/List;Ljava/util/List;)V has 0 override(s) in child classes
[14:38:52] [Render thread/DEBUG] (FabricLoader/Mixin) fabric-rendering-v1.mixins.json:shader.GameRendererMixin from mod fabric-rendering-v1->@Inject::registerShaders(Lnet/minecraft/server/packs/resources/ResourceProvider;Lorg/spongepowered/asm/mixin/injection/callback/CallbackInfo;Ljava/util/List;Ljava/util/List;)V won't be passed a CallbackInfo as a result
[14:38:52] [Render thread/DEBUG] (FabricLoader/Mixin) fabric-rendering-v1.mixins.json:shader.GameRendererMixin from mod fabric-rendering-v1->@Inject::registerShaders(Lnet/minecraft/server/packs/resources/ResourceProvider;Lorg/spongepowered/asm/mixin/injection/callback/CallbackInfo;Ljava/util/List;Ljava/util/List;)V doesn't use it's CallbackInfo
[14:38:52] [Render thread/DEBUG] (FabricLoader/Mixin) fabric-rendering-v1.mixins.json:shader.GameRendererMixin from mod fabric-rendering-v1->@Inject::registerShaders(Lnet/minecraft/server/packs/resources/ResourceProvider;Lorg/spongepowered/asm/mixin/injection/callback/CallbackInfo;Ljava/util/List;Ljava/util/List;)V has 0 override(s) in child classes
[14:38:52] [Render thread/DEBUG] (FabricLoader/Mixin) fabric-rendering-v1.mixins.json:shader.GameRendererMixin from mod fabric-rendering-v1->@Inject::registerShaders(Lnet/minecraft/server/packs/resources/ResourceProvider;Lorg/spongepowered/asm/mixin/injection/callback/CallbackInfo;Ljava/util/List;Ljava/util/List;)V won't be passed a CallbackInfo as a result
[14:38:52] [Render thread/DEBUG] (FabricLoader/Mixin) fabric-rendering-v1.mixins.json:shader.GameRendererMixin from mod fabric-rendering-v1->@Inject::registerShaders(Lnet/minecraft/server/packs/resources/ResourceProvider;Lorg/spongepowered/asm/mixin/injection/callback/CallbackInfo;Ljava/util/List;Ljava/util/List;)V doesn't use it's CallbackInfo
[14:38:52] [Render thread/DEBUG] (FabricLoader/Mixin) fabric-rendering-v1.mixins.json:shader.GameRendererMixin from mod fabric-rendering-v1->@Inject::registerShaders(Lnet/minecraft/server/packs/resources/ResourceProvider;Lorg/spongepowered/asm/mixin/injection/callback/CallbackInfo;Ljava/util/List;Ljava/util/List;)V has 0 override(s) in child classes
[14:38:52] [Render thread/DEBUG] (FabricLoader/Mixin) fabric-rendering-v1.mixins.json:shader.GameRendererMixin from mod fabric-rendering-v1->@Inject::registerShaders(Lnet/minecraft/server/packs/resources/ResourceProvider;Lorg/spongepowered/asm/mixin/injection/callback/CallbackInfo;Ljava/util/List;Ljava/util/List;)V won't be passed a CallbackInfo as a result
[14:38:52] [Render thread/DEBUG] (FabricLoader/Mixin) fabric-rendering-v1.mixins.json:shader.GameRendererMixin from mod fabric-rendering-v1->@Inject::registerShaders(Lnet/minecraft/server/packs/resources/ResourceProvider;Lorg/spongepowered/asm/mixin/injection/callback/CallbackInfo;Ljava/util/List;Ljava/util/List;)V doesn't use it's CallbackInfo
[14:38:52] [Render thread/DEBUG] (FabricLoader/Mixin) fabric-rendering-v1.mixins.json:shader.GameRendererMixin from mod fabric-rendering-v1->@Inject::registerShaders(Lnet/minecraft/server/packs/resources/ResourceProvider;Lorg/spongepowered/asm/mixin/injection/callback/CallbackInfo;Ljava/util/List;Ljava/util/List;)V has 0 override(s) in child classes
[14:38:52] [Render thread/DEBUG] (FabricLoader/Mixin) fabric-rendering-v1.mixins.json:shader.GameRendererMixin from mod fabric-rendering-v1->@Inject::registerShaders(Lnet/minecraft/server/packs/resources/ResourceProvider;Lorg/spongepowered/asm/mixin/injection/callback/CallbackInfo;Ljava/util/List;Ljava/util/List;)V won't be passed a CallbackInfo as a result
[14:38:52] [Render thread/DEBUG] (FabricLoader/Mixin) fabric-rendering-v1.mixins.json:shader.GameRendererMixin from mod fabric-rendering-v1->@Inject::registerShaders(Lnet/minecraft/server/packs/resources/ResourceProvider;Lorg/spongepowered/asm/mixin/injection/callback/CallbackInfo;Ljava/util/List;Ljava/util/List;)V doesn't use it's CallbackInfo
[14:38:52] [Render thread/DEBUG] (FabricLoader/Mixin) fabric-rendering-v1.mixins.json:shader.GameRendererMixin from mod fabric-rendering-v1->@Inject::registerShaders(Lnet/minecraft/server/packs/resources/ResourceProvider;Lorg/spongepowered/asm/mixin/injection/callback/CallbackInfo;Ljava/util/List;Ljava/util/List;)V has 0 override(s) in child classes
[14:38:52] [Render thread/DEBUG] (FabricLoader/Mixin) fabric-rendering-v1.mixins.json:shader.GameRendererMixin from mod fabric-rendering-v1->@Inject::registerShaders(Lnet/minecraft/server/packs/resources/ResourceProvider;Lorg/spongepowered/asm/mixin/injection/callback/CallbackInfo;Ljava/util/List;Ljava/util/List;)V won't be passed a CallbackInfo as a result
[14:38:52] [Render thread/DEBUG] (FabricLoader/Mixin) fabric-rendering-v1.mixins.json:shader.GameRendererMixin from mod fabric-rendering-v1->@Inject::registerShaders(Lnet/minecraft/server/packs/resources/ResourceProvider;Lorg/spongepowered/asm/mixin/injection/callback/CallbackInfo;Ljava/util/List;Ljava/util/List;)V doesn't use it's CallbackInfo
[14:38:52] [Render thread/DEBUG] (FabricLoader/Mixin) fabric-rendering-v1.mixins.json:shader.GameRendererMixin from mod fabric-rendering-v1->@Inject::registerShaders(Lnet/minecraft/server/packs/resources/ResourceProvider;Lorg/spongepowered/asm/mixin/injection/callback/CallbackInfo;Ljava/util/List;Ljava/util/List;)V has 0 override(s) in child classes
[14:38:52] [Render thread/DEBUG] (FabricLoader/Mixin) fabric-rendering-v1.mixins.json:shader.GameRendererMixin from mod fabric-rendering-v1->@Inject::registerShaders(Lnet/minecraft/server/packs/resources/ResourceProvider;Lorg/spongepowered/asm/mixin/injection/callback/CallbackInfo;Ljava/util/List;Ljava/util/List;)V won't be passed a CallbackInfo as a result
[14:38:52] [Render thread/DEBUG] (FabricLoader/Mixin) fabric-rendering-v1.mixins.json:shader.GameRendererMixin from mod fabric-rendering-v1->@Inject::registerShaders(Lnet/minecraft/server/packs/resources/ResourceProvider;Lorg/spongepowered/asm/mixin/injection/callback/CallbackInfo;Ljava/util/List;Ljava/util/List;)V doesn't use it's CallbackInfo
[14:38:52] [Render thread/DEBUG] (FabricLoader/Mixin) fabric-rendering-v1.mixins.json:shader.GameRendererMixin from mod fabric-rendering-v1->@Inject::registerShaders(Lnet/minecraft/server/packs/resources/ResourceProvider;Lorg/spongepowered/asm/mixin/injection/callback/CallbackInfo;Ljava/util/List;Ljava/util/List;)V has 0 override(s) in child classes
[14:38:52] [Render thread/DEBUG] (FabricLoader/Mixin) fabric-rendering-v1.mixins.json:shader.GameRendererMixin from mod fabric-rendering-v1->@Inject::registerShaders(Lnet/minecraft/server/packs/resources/ResourceProvider;Lorg/spongepowered/asm/mixin/injection/callback/CallbackInfo;Ljava/util/List;Ljava/util/List;)V won't be passed a CallbackInfo as a result
[14:38:52] [Render thread/DEBUG] (FabricLoader/Mixin) fabric-rendering-v1.mixins.json:shader.GameRendererMixin from mod fabric-rendering-v1->@Inject::registerShaders(Lnet/minecraft/server/packs/resources/ResourceProvider;Lorg/spongepowered/asm/mixin/injection/callback/CallbackInfo;Ljava/util/List;Ljava/util/List;)V doesn't use it's CallbackInfo
[14:38:52] [Render thread/DEBUG] (FabricLoader/Mixin) fabric-rendering-v1.mixins.json:shader.GameRendererMixin from mod fabric-rendering-v1->@Inject::registerShaders(Lnet/minecraft/server/packs/resources/ResourceProvider;Lorg/spongepowered/asm/mixin/injection/callback/CallbackInfo;Ljava/util/List;Ljava/util/List;)V has 0 override(s) in child classes
[14:38:52] [Render thread/DEBUG] (FabricLoader/Mixin) fabric-rendering-v1.mixins.json:shader.GameRendererMixin from mod fabric-rendering-v1->@Inject::registerShaders(Lnet/minecraft/server/packs/resources/ResourceProvider;Lorg/spongepowered/asm/mixin/injection/callback/CallbackInfo;Ljava/util/List;Ljava/util/List;)V won't be passed a CallbackInfo as a result
[14:38:52] [Render thread/DEBUG] (FabricLoader/Mixin) fabric-rendering-v1.mixins.json:shader.GameRendererMixin from mod fabric-rendering-v1->@Inject::registerShaders(Lnet/minecraft/server/packs/resources/ResourceProvider;Lorg/spongepowered/asm/mixin/injection/callback/CallbackInfo;Ljava/util/List;Ljava/util/List;)V doesn't use it's CallbackInfo
[14:38:52] [Render thread/DEBUG] (FabricLoader/Mixin) fabric-rendering-v1.mixins.json:shader.GameRendererMixin from mod fabric-rendering-v1->@Inject::registerShaders(Lnet/minecraft/server/packs/resources/ResourceProvider;Lorg/spongepowered/asm/mixin/injection/callback/CallbackInfo;Ljava/util/List;Ljava/util/List;)V has 0 override(s) in child classes
[14:38:52] [Render thread/DEBUG] (FabricLoader/Mixin) fabric-rendering-v1.mixins.json:shader.GameRendererMixin from mod fabric-rendering-v1->@Inject::registerShaders(Lnet/minecraft/server/packs/resources/ResourceProvider;Lorg/spongepowered/asm/mixin/injection/callback/CallbackInfo;Ljava/util/List;Ljava/util/List;)V won't be passed a CallbackInfo as a result
[14:38:52] [Render thread/DEBUG] (FabricLoader/Mixin) fabric-rendering-v1.mixins.json:shader.GameRendererMixin from mod fabric-rendering-v1->@Inject::registerShaders(Lnet/minecraft/server/packs/resources/ResourceProvider;Lorg/spongepowered/asm/mixin/injection/callback/CallbackInfo;Ljava/util/List;Ljava/util/List;)V doesn't use it's CallbackInfo
[14:38:52] [Render thread/DEBUG] (FabricLoader/Mixin) fabric-rendering-v1.mixins.json:shader.GameRendererMixin from mod fabric-rendering-v1->@Inject::registerShaders(Lnet/minecraft/server/packs/resources/ResourceProvider;Lorg/spongepowered/asm/mixin/injection/callback/CallbackInfo;Ljava/util/List;Ljava/util/List;)V has 0 override(s) in child classes
[14:38:52] [Render thread/DEBUG] (FabricLoader/Mixin) fabric-rendering-v1.mixins.json:shader.GameRendererMixin from mod fabric-rendering-v1->@Inject::registerShaders(Lnet/minecraft/server/packs/resources/ResourceProvider;Lorg/spongepowered/asm/mixin/injection/callback/CallbackInfo;Ljava/util/List;Ljava/util/List;)V won't be passed a CallbackInfo as a result
[14:38:52] [Render thread/DEBUG] (FabricLoader/Mixin) fabric-rendering-v1.mixins.json:shader.GameRendererMixin from mod fabric-rendering-v1->@Inject::registerShaders(Lnet/minecraft/server/packs/resources/ResourceProvider;Lorg/spongepowered/asm/mixin/injection/callback/CallbackInfo;Ljava/util/List;Ljava/util/List;)V doesn't use it's CallbackInfo
[14:38:52] [Render thread/DEBUG] (FabricLoader/Mixin) fabric-rendering-v1.mixins.json:shader.GameRendererMixin from mod fabric-rendering-v1->@Inject::registerShaders(Lnet/minecraft/server/packs/resources/ResourceProvider;Lorg/spongepowered/asm/mixin/injection/callback/CallbackInfo;Ljava/util/List;Ljava/util/List;)V has 0 override(s) in child classes
[14:38:52] [Render thread/DEBUG] (FabricLoader/Mixin) fabric-rendering-v1.mixins.json:shader.GameRendererMixin from mod fabric-rendering-v1->@Inject::registerShaders(Lnet/minecraft/server/packs/resources/ResourceProvider;Lorg/spongepowered/asm/mixin/injection/callback/CallbackInfo;Ljava/util/List;Ljava/util/List;)V won't be passed a CallbackInfo as a result
[14:38:52] [Render thread/DEBUG] (FabricLoader/Mixin) fabric-rendering-v1.mixins.json:shader.GameRendererMixin from mod fabric-rendering-v1->@Inject::registerShaders(Lnet/minecraft/server/packs/resources/ResourceProvider;Lorg/spongepowered/asm/mixin/injection/callback/CallbackInfo;Ljava/util/List;Ljava/util/List;)V doesn't use it's CallbackInfo
[14:38:52] [Render thread/DEBUG] (FabricLoader/Mixin) fabric-rendering-v1.mixins.json:shader.GameRendererMixin from mod fabric-rendering-v1->@Inject::registerShaders(Lnet/minecraft/server/packs/resources/ResourceProvider;Lorg/spongepowered/asm/mixin/injection/callback/CallbackInfo;Ljava/util/List;Ljava/util/List;)V has 0 override(s) in child classes
[14:38:52] [Render thread/DEBUG] (FabricLoader/Mixin) fabric-rendering-v1.mixins.json:shader.GameRendererMixin from mod fabric-rendering-v1->@Inject::registerShaders(Lnet/minecraft/server/packs/resources/ResourceProvider;Lorg/spongepowered/asm/mixin/injection/callback/CallbackInfo;Ljava/util/List;Ljava/util/List;)V won't be passed a CallbackInfo as a result
[14:38:52] [Render thread/DEBUG] (FabricLoader/Mixin) fabric-rendering-v1.mixins.json:shader.GameRendererMixin from mod fabric-rendering-v1->@Inject::registerShaders(Lnet/minecraft/server/packs/resources/ResourceProvider;Lorg/spongepowered/asm/mixin/injection/callback/CallbackInfo;Ljava/util/List;Ljava/util/List;)V doesn't use it's CallbackInfo
[14:38:52] [Render thread/DEBUG] (FabricLoader/Mixin) fabric-rendering-v1.mixins.json:shader.GameRendererMixin from mod fabric-rendering-v1->@Inject::registerShaders(Lnet/minecraft/server/packs/resources/ResourceProvider;Lorg/spongepowered/asm/mixin/injection/callback/CallbackInfo;Ljava/util/List;Ljava/util/List;)V has 0 override(s) in child classes
[14:38:52] [Render thread/DEBUG] (FabricLoader/Mixin) fabric-rendering-v1.mixins.json:shader.GameRendererMixin from mod fabric-rendering-v1->@Inject::registerShaders(Lnet/minecraft/server/packs/resources/ResourceProvider;Lorg/spongepowered/asm/mixin/injection/callback/CallbackInfo;Ljava/util/List;Ljava/util/List;)V won't be passed a CallbackInfo as a result
[14:38:52] [Render thread/DEBUG] (FabricLoader/Mixin) fabric-rendering-v1.mixins.json:shader.GameRendererMixin from mod fabric-rendering-v1->@Inject::registerShaders(Lnet/minecraft/server/packs/resources/ResourceProvider;Lorg/spongepowered/asm/mixin/injection/callback/CallbackInfo;Ljava/util/List;Ljava/util/List;)V doesn't use it's CallbackInfo
[14:38:52] [Render thread/DEBUG] (FabricLoader/Mixin) fabric-rendering-v1.mixins.json:shader.GameRendererMixin from mod fabric-rendering-v1->@Inject::registerShaders(Lnet/minecraft/server/packs/resources/ResourceProvider;Lorg/spongepowered/asm/mixin/injection/callback/CallbackInfo;Ljava/util/List;Ljava/util/List;)V has 0 override(s) in child classes
[14:38:52] [Render thread/DEBUG] (FabricLoader/Mixin) fabric-rendering-v1.mixins.json:shader.GameRendererMixin from mod fabric-rendering-v1->@Inject::registerShaders(Lnet/minecraft/server/packs/resources/ResourceProvider;Lorg/spongepowered/asm/mixin/injection/callback/CallbackInfo;Ljava/util/List;Ljava/util/List;)V won't be passed a CallbackInfo as a result
[14:38:52] [Render thread/DEBUG] (FabricLoader/Mixin) fabric-rendering-v1.mixins.json:shader.GameRendererMixin from mod fabric-rendering-v1->@Inject::registerShaders(Lnet/minecraft/server/packs/resources/ResourceProvider;Lorg/spongepowered/asm/mixin/injection/callback/CallbackInfo;Ljava/util/List;Ljava/util/List;)V doesn't use it's CallbackInfo
[14:38:52] [Render thread/DEBUG] (FabricLoader/Mixin) fabric-rendering-v1.mixins.json:shader.GameRendererMixin from mod fabric-rendering-v1->@Inject::registerShaders(Lnet/minecraft/server/packs/resources/ResourceProvider;Lorg/spongepowered/asm/mixin/injection/callback/CallbackInfo;Ljava/util/List;Ljava/util/List;)V has 0 override(s) in child classes
[14:38:52] [Render thread/DEBUG] (FabricLoader/Mixin) fabric-rendering-v1.mixins.json:shader.GameRendererMixin from mod fabric-rendering-v1->@Inject::registerShaders(Lnet/minecraft/server/packs/resources/ResourceProvider;Lorg/spongepowered/asm/mixin/injection/callback/CallbackInfo;Ljava/util/List;Ljava/util/List;)V won't be passed a CallbackInfo as a result
[14:38:52] [Render thread/DEBUG] (FabricLoader/Mixin) fabric-rendering-v1.mixins.json:shader.GameRendererMixin from mod fabric-rendering-v1->@Inject::registerShaders(Lnet/minecraft/server/packs/resources/ResourceProvider;Lorg/spongepowered/asm/mixin/injection/callback/CallbackInfo;Ljava/util/List;Ljava/util/List;)V doesn't use it's CallbackInfo
[14:38:52] [Render thread/DEBUG] (FabricLoader/Mixin) fabric-rendering-v1.mixins.json:shader.GameRendererMixin from mod fabric-rendering-v1->@Inject::registerShaders(Lnet/minecraft/server/packs/resources/ResourceProvider;Lorg/spongepowered/asm/mixin/injection/callback/CallbackInfo;Ljava/util/List;Ljava/util/List;)V has 0 override(s) in child classes
[14:38:52] [Render thread/DEBUG] (FabricLoader/Mixin) fabric-rendering-v1.mixins.json:shader.GameRendererMixin from mod fabric-rendering-v1->@Inject::registerShaders(Lnet/minecraft/server/packs/resources/ResourceProvider;Lorg/spongepowered/asm/mixin/injection/callback/CallbackInfo;Ljava/util/List;Ljava/util/List;)V won't be passed a CallbackInfo as a result
[14:38:52] [Render thread/DEBUG] (FabricLoader/Mixin) fabric-rendering-v1.mixins.json:shader.GameRendererMixin from mod fabric-rendering-v1->@Inject::registerShaders(Lnet/minecraft/server/packs/resources/ResourceProvider;Lorg/spongepowered/asm/mixin/injection/callback/CallbackInfo;Ljava/util/List;Ljava/util/List;)V doesn't use it's CallbackInfo
[14:38:52] [Render thread/DEBUG] (FabricLoader/Mixin) fabric-rendering-v1.mixins.json:shader.GameRendererMixin from mod fabric-rendering-v1->@Inject::registerShaders(Lnet/minecraft/server/packs/resources/ResourceProvider;Lorg/spongepowered/asm/mixin/injection/callback/CallbackInfo;Ljava/util/List;Ljava/util/List;)V has 0 override(s) in child classes
[14:38:52] [Render thread/DEBUG] (FabricLoader/Mixin) fabric-rendering-v1.mixins.json:shader.GameRendererMixin from mod fabric-rendering-v1->@Inject::registerShaders(Lnet/minecraft/server/packs/resources/ResourceProvider;Lorg/spongepowered/asm/mixin/injection/callback/CallbackInfo;Ljava/util/List;Ljava/util/List;)V won't be passed a CallbackInfo as a result
[14:38:52] [Render thread/DEBUG] (FabricLoader/Mixin) fabric-rendering-v1.mixins.json:shader.GameRendererMixin from mod fabric-rendering-v1->@Inject::registerShaders(Lnet/minecraft/server/packs/resources/ResourceProvider;Lorg/spongepowered/asm/mixin/injection/callback/CallbackInfo;Ljava/util/List;Ljava/util/List;)V doesn't use it's CallbackInfo
[14:38:52] [Render thread/DEBUG] (FabricLoader/Mixin) fabric-rendering-v1.mixins.json:shader.GameRendererMixin from mod fabric-rendering-v1->@Inject::registerShaders(Lnet/minecraft/server/packs/resources/ResourceProvider;Lorg/spongepowered/asm/mixin/injection/callback/CallbackInfo;Ljava/util/List;Ljava/util/List;)V has 0 override(s) in child classes
[14:38:52] [Render thread/DEBUG] (FabricLoader/Mixin) fabric-rendering-v1.mixins.json:shader.GameRendererMixin from mod fabric-rendering-v1->@Inject::registerShaders(Lnet/minecraft/server/packs/resources/ResourceProvider;Lorg/spongepowered/asm/mixin/injection/callback/CallbackInfo;Ljava/util/List;Ljava/util/List;)V won't be passed a CallbackInfo as a result
[14:38:52] [Render thread/DEBUG] (FabricLoader/Mixin) fabric-rendering-v1.mixins.json:shader.GameRendererMixin from mod fabric-rendering-v1->@Inject::registerShaders(Lnet/minecraft/server/packs/resources/ResourceProvider;Lorg/spongepowered/asm/mixin/injection/callback/CallbackInfo;Ljava/util/List;Ljava/util/List;)V doesn't use it's CallbackInfo
[14:38:52] [Render thread/DEBUG] (FabricLoader/Mixin) fabric-rendering-v1.mixins.json:shader.GameRendererMixin from mod fabric-rendering-v1->@Inject::registerShaders(Lnet/minecraft/server/packs/resources/ResourceProvider;Lorg/spongepowered/asm/mixin/injection/callback/CallbackInfo;Ljava/util/List;Ljava/util/List;)V has 0 override(s) in child classes
[14:38:52] [Render thread/DEBUG] (FabricLoader/Mixin) fabric-rendering-v1.mixins.json:shader.GameRendererMixin from mod fabric-rendering-v1->@Inject::registerShaders(Lnet/minecraft/server/packs/resources/ResourceProvider;Lorg/spongepowered/asm/mixin/injection/callback/CallbackInfo;Ljava/util/List;Ljava/util/List;)V won't be passed a CallbackInfo as a result
[14:38:52] [Render thread/DEBUG] (FabricLoader/Mixin) fabric-rendering-v1.mixins.json:shader.GameRendererMixin from mod fabric-rendering-v1->@Inject::registerShaders(Lnet/minecraft/server/packs/resources/ResourceProvider;Lorg/spongepowered/asm/mixin/injection/callback/CallbackInfo;Ljava/util/List;Ljava/util/List;)V doesn't use it's CallbackInfo
[14:38:52] [Render thread/DEBUG] (FabricLoader/Mixin) fabric-rendering-v1.mixins.json:shader.GameRendererMixin from mod fabric-rendering-v1->@Inject::registerShaders(Lnet/minecraft/server/packs/resources/ResourceProvider;Lorg/spongepowered/asm/mixin/injection/callback/CallbackInfo;Ljava/util/List;Ljava/util/List;)V has 0 override(s) in child classes
[14:38:52] [Render thread/DEBUG] (FabricLoader/Mixin) fabric-rendering-v1.mixins.json:shader.GameRendererMixin from mod fabric-rendering-v1->@Inject::registerShaders(Lnet/minecraft/server/packs/resources/ResourceProvider;Lorg/spongepowered/asm/mixin/injection/callback/CallbackInfo;Ljava/util/List;Ljava/util/List;)V won't be passed a CallbackInfo as a result
[14:38:52] [Render thread/DEBUG] (FabricLoader/Mixin) fabric-rendering-v1.mixins.json:shader.GameRendererMixin from mod fabric-rendering-v1->@Inject::registerShaders(Lnet/minecraft/server/packs/resources/ResourceProvider;Lorg/spongepowered/asm/mixin/injection/callback/CallbackInfo;Ljava/util/List;Ljava/util/List;)V doesn't use it's CallbackInfo
[14:38:52] [Render thread/DEBUG] (FabricLoader/Mixin) fabric-rendering-v1.mixins.json:shader.GameRendererMixin from mod fabric-rendering-v1->@Inject::registerShaders(Lnet/minecraft/server/packs/resources/ResourceProvider;Lorg/spongepowered/asm/mixin/injection/callback/CallbackInfo;Ljava/util/List;Ljava/util/List;)V has 0 override(s) in child classes
[14:38:52] [Render thread/DEBUG] (FabricLoader/Mixin) fabric-rendering-v1.mixins.json:shader.GameRendererMixin from mod fabric-rendering-v1->@Inject::registerShaders(Lnet/minecraft/server/packs/resources/ResourceProvider;Lorg/spongepowered/asm/mixin/injection/callback/CallbackInfo;Ljava/util/List;Ljava/util/List;)V won't be passed a CallbackInfo as a result
[14:38:52] [Render thread/DEBUG] (FabricLoader/Mixin) fabric-rendering-v1.mixins.json:shader.GameRendererMixin from mod fabric-rendering-v1->@Inject::registerShaders(Lnet/minecraft/server/packs/resources/ResourceProvider;Lorg/spongepowered/asm/mixin/injection/callback/CallbackInfo;Ljava/util/List;Ljava/util/List;)V doesn't use it's CallbackInfo
[14:38:52] [Render thread/DEBUG] (FabricLoader/Mixin) fabric-rendering-v1.mixins.json:shader.GameRendererMixin from mod fabric-rendering-v1->@Inject::registerShaders(Lnet/minecraft/server/packs/resources/ResourceProvider;Lorg/spongepowered/asm/mixin/injection/callback/CallbackInfo;Ljava/util/List;Ljava/util/List;)V has 0 override(s) in child classes
[14:38:52] [Render thread/DEBUG] (FabricLoader/Mixin) fabric-rendering-v1.mixins.json:shader.GameRendererMixin from mod fabric-rendering-v1->@Inject::registerShaders(Lnet/minecraft/server/packs/resources/ResourceProvider;Lorg/spongepowered/asm/mixin/injection/callback/CallbackInfo;Ljava/util/List;Ljava/util/List;)V won't be passed a CallbackInfo as a result
[14:38:52] [Render thread/DEBUG] (FabricLoader/Mixin) fabric-rendering-v1.mixins.json:shader.GameRendererMixin from mod fabric-rendering-v1->@Inject::registerShaders(Lnet/minecraft/server/packs/resources/ResourceProvider;Lorg/spongepowered/asm/mixin/injection/callback/CallbackInfo;Ljava/util/List;Ljava/util/List;)V doesn't use it's CallbackInfo
[14:38:52] [Render thread/DEBUG] (FabricLoader/Mixin) fabric-rendering-v1.mixins.json:shader.GameRendererMixin from mod fabric-rendering-v1->@Inject::registerShaders(Lnet/minecraft/server/packs/resources/ResourceProvider;Lorg/spongepowered/asm/mixin/injection/callback/CallbackInfo;Ljava/util/List;Ljava/util/List;)V has 0 override(s) in child classes
[14:38:52] [Render thread/DEBUG] (FabricLoader/Mixin) fabric-rendering-v1.mixins.json:shader.GameRendererMixin from mod fabric-rendering-v1->@Inject::registerShaders(Lnet/minecraft/server/packs/resources/ResourceProvider;Lorg/spongepowered/asm/mixin/injection/callback/CallbackInfo;Ljava/util/List;Ljava/util/List;)V won't be passed a CallbackInfo as a result
[14:38:52] [Render thread/DEBUG] (FabricLoader/Mixin) fabric-rendering-v1.mixins.json:shader.GameRendererMixin from mod fabric-rendering-v1->@Inject::registerShaders(Lnet/minecraft/server/packs/resources/ResourceProvider;Lorg/spongepowered/asm/mixin/injection/callback/CallbackInfo;Ljava/util/List;Ljava/util/List;)V doesn't use it's CallbackInfo
[14:38:52] [Render thread/DEBUG] (FabricLoader/Mixin) fabric-rendering-v1.mixins.json:shader.GameRendererMixin from mod fabric-rendering-v1->@Inject::registerShaders(Lnet/minecraft/server/packs/resources/ResourceProvider;Lorg/spongepowered/asm/mixin/injection/callback/CallbackInfo;Ljava/util/List;Ljava/util/List;)V has 0 override(s) in child classes
[14:38:52] [Render thread/DEBUG] (FabricLoader/Mixin) fabric-rendering-v1.mixins.json:shader.GameRendererMixin from mod fabric-rendering-v1->@Inject::registerShaders(Lnet/minecraft/server/packs/resources/ResourceProvider;Lorg/spongepowered/asm/mixin/injection/callback/CallbackInfo;Ljava/util/List;Ljava/util/List;)V won't be passed a CallbackInfo as a result
[14:38:52] [Render thread/DEBUG] (FabricLoader/Mixin) fabric-rendering-v1.mixins.json:shader.GameRendererMixin from mod fabric-rendering-v1->@Inject::registerShaders(Lnet/minecraft/server/packs/resources/ResourceProvider;Lorg/spongepowered/asm/mixin/injection/callback/CallbackInfo;Ljava/util/List;Ljava/util/List;)V doesn't use it's CallbackInfo
[14:38:52] [Render thread/DEBUG] (FabricLoader/Mixin) fabric-rendering-v1.mixins.json:shader.GameRendererMixin from mod fabric-rendering-v1->@Inject::registerShaders(Lnet/minecraft/server/packs/resources/ResourceProvider;Lorg/spongepowered/asm/mixin/injection/callback/CallbackInfo;Ljava/util/List;Ljava/util/List;)V has 0 override(s) in child classes
[14:38:52] [Render thread/DEBUG] (FabricLoader/Mixin) fabric-rendering-v1.mixins.json:shader.GameRendererMixin from mod fabric-rendering-v1->@Inject::registerShaders(Lnet/minecraft/server/packs/resources/ResourceProvider;Lorg/spongepowered/asm/mixin/injection/callback/CallbackInfo;Ljava/util/List;Ljava/util/List;)V won't be passed a CallbackInfo as a result
[14:38:52] [Render thread/DEBUG] (FabricLoader/Mixin) fabric-rendering-v1.mixins.json:shader.GameRendererMixin from mod fabric-rendering-v1->@Inject::registerShaders(Lnet/minecraft/server/packs/resources/ResourceProvider;Lorg/spongepowered/asm/mixin/injection/callback/CallbackInfo;Ljava/util/List;Ljava/util/List;)V doesn't use it's CallbackInfo
[14:38:52] [Render thread/DEBUG] (FabricLoader/Mixin) fabric-rendering-v1.mixins.json:shader.GameRendererMixin from mod fabric-rendering-v1->@Inject::registerShaders(Lnet/minecraft/server/packs/resources/ResourceProvider;Lorg/spongepowered/asm/mixin/injection/callback/CallbackInfo;Ljava/util/List;Ljava/util/List;)V has 0 override(s) in child classes
[14:38:52] [Render thread/DEBUG] (FabricLoader/Mixin) fabric-rendering-v1.mixins.json:shader.GameRendererMixin from mod fabric-rendering-v1->@Inject::registerShaders(Lnet/minecraft/server/packs/resources/ResourceProvider;Lorg/spongepowered/asm/mixin/injection/callback/CallbackInfo;Ljava/util/List;Ljava/util/List;)V won't be passed a CallbackInfo as a result
[14:38:52] [Render thread/DEBUG] (FabricLoader/Mixin) fabric-rendering-v1.mixins.json:shader.GameRendererMixin from mod fabric-rendering-v1->@Inject::registerShaders(Lnet/minecraft/server/packs/resources/ResourceProvider;Lorg/spongepowered/asm/mixin/injection/callback/CallbackInfo;Ljava/util/List;Ljava/util/List;)V doesn't use it's CallbackInfo
[14:38:52] [Render thread/DEBUG] (FabricLoader/Mixin) fabric-rendering-v1.mixins.json:shader.GameRendererMixin from mod fabric-rendering-v1->@Inject::registerShaders(Lnet/minecraft/server/packs/resources/ResourceProvider;Lorg/spongepowered/asm/mixin/injection/callback/CallbackInfo;Ljava/util/List;Ljava/util/List;)V has 0 override(s) in child classes
[14:38:52] [Render thread/DEBUG] (FabricLoader/Mixin) fabric-rendering-v1.mixins.json:shader.GameRendererMixin from mod fabric-rendering-v1->@Inject::registerShaders(Lnet/minecraft/server/packs/resources/ResourceProvider;Lorg/spongepowered/asm/mixin/injection/callback/CallbackInfo;Ljava/util/List;Ljava/util/List;)V won't be passed a CallbackInfo as a result
[14:38:52] [Render thread/DEBUG] (FabricLoader/Mixin) fabric-rendering-v1.mixins.json:shader.GameRendererMixin from mod fabric-rendering-v1->@Inject::registerShaders(Lnet/minecraft/server/packs/resources/ResourceProvider;Lorg/spongepowered/asm/mixin/injection/callback/CallbackInfo;Ljava/util/List;Ljava/util/List;)V doesn't use it's CallbackInfo
[14:38:52] [Render thread/DEBUG] (FabricLoader/Mixin) fabric-rendering-v1.mixins.json:shader.GameRendererMixin from mod fabric-rendering-v1->@Inject::registerShaders(Lnet/minecraft/server/packs/resources/ResourceProvider;Lorg/spongepowered/asm/mixin/injection/callback/CallbackInfo;Ljava/util/List;Ljava/util/List;)V has 0 override(s) in child classes
[14:38:52] [Render thread/DEBUG] (FabricLoader/Mixin) fabric-rendering-v1.mixins.json:shader.GameRendererMixin from mod fabric-rendering-v1->@Inject::registerShaders(Lnet/minecraft/server/packs/resources/ResourceProvider;Lorg/spongepowered/asm/mixin/injection/callback/CallbackInfo;Ljava/util/List;Ljava/util/List;)V won't be passed a CallbackInfo as a result
[14:38:52] [Render thread/DEBUG] (FabricLoader/Mixin) fabric-rendering-v1.mixins.json:shader.GameRendererMixin from mod fabric-rendering-v1->@Inject::registerShaders(Lnet/minecraft/server/packs/resources/ResourceProvider;Lorg/spongepowered/asm/mixin/injection/callback/CallbackInfo;Ljava/util/List;Ljava/util/List;)V doesn't use it's CallbackInfo
[14:38:52] [Render thread/DEBUG] (FabricLoader/Mixin) fabric-rendering-v1.mixins.json:shader.GameRendererMixin from mod fabric-rendering-v1->@Inject::registerShaders(Lnet/minecraft/server/packs/resources/ResourceProvider;Lorg/spongepowered/asm/mixin/injection/callback/CallbackInfo;Ljava/util/List;Ljava/util/List;)V has 0 override(s) in child classes
[14:38:52] [Render thread/DEBUG] (FabricLoader/Mixin) fabric-rendering-v1.mixins.json:shader.GameRendererMixin from mod fabric-rendering-v1->@Inject::registerShaders(Lnet/minecraft/server/packs/resources/ResourceProvider;Lorg/spongepowered/asm/mixin/injection/callback/CallbackInfo;Ljava/util/List;Ljava/util/List;)V won't be passed a CallbackInfo as a result
[14:38:52] [Render thread/DEBUG] (FabricLoader/Mixin) fabric-rendering-v1.mixins.json:shader.GameRendererMixin from mod fabric-rendering-v1->@Inject::registerShaders(Lnet/minecraft/server/packs/resources/ResourceProvider;Lorg/spongepowered/asm/mixin/injection/callback/CallbackInfo;Ljava/util/List;Ljava/util/List;)V doesn't use it's CallbackInfo
[14:38:52] [Render thread/DEBUG] (FabricLoader/Mixin) fabric-rendering-v1.mixins.json:shader.GameRendererMixin from mod fabric-rendering-v1->@Inject::registerShaders(Lnet/minecraft/server/packs/resources/ResourceProvider;Lorg/spongepowered/asm/mixin/injection/callback/CallbackInfo;Ljava/util/List;Ljava/util/List;)V has 0 override(s) in child classes
[14:38:52] [Render thread/DEBUG] (FabricLoader/Mixin) fabric-rendering-v1.mixins.json:shader.GameRendererMixin from mod fabric-rendering-v1->@Inject::registerShaders(Lnet/minecraft/server/packs/resources/ResourceProvider;Lorg/spongepowered/asm/mixin/injection/callback/CallbackInfo;Ljava/util/List;Ljava/util/List;)V won't be passed a CallbackInfo as a result
[14:38:52] [Render thread/DEBUG] (FabricLoader/Mixin) fabric-rendering-v1.mixins.json:shader.GameRendererMixin from mod fabric-rendering-v1->@Inject::registerShaders(Lnet/minecraft/server/packs/resources/ResourceProvider;Lorg/spongepowered/asm/mixin/injection/callback/CallbackInfo;Ljava/util/List;Ljava/util/List;)V doesn't use it's CallbackInfo
[14:38:52] [Render thread/DEBUG] (FabricLoader/Mixin) fabric-rendering-v1.mixins.json:shader.GameRendererMixin from mod fabric-rendering-v1->@Inject::registerShaders(Lnet/minecraft/server/packs/resources/ResourceProvider;Lorg/spongepowered/asm/mixin/injection/callback/CallbackInfo;Ljava/util/List;Ljava/util/List;)V has 0 override(s) in child classes
[14:38:52] [Render thread/DEBUG] (FabricLoader/Mixin) fabric-rendering-v1.mixins.json:shader.GameRendererMixin from mod fabric-rendering-v1->@Inject::registerShaders(Lnet/minecraft/server/packs/resources/ResourceProvider;Lorg/spongepowered/asm/mixin/injection/callback/CallbackInfo;Ljava/util/List;Ljava/util/List;)V won't be passed a CallbackInfo as a result
[14:38:52] [Render thread/DEBUG] (FabricLoader/Mixin) fabric-rendering-v1.mixins.json:shader.GameRendererMixin from mod fabric-rendering-v1->@Inject::registerShaders(Lnet/minecraft/server/packs/resources/ResourceProvider;Lorg/spongepowered/asm/mixin/injection/callback/CallbackInfo;Ljava/util/List;Ljava/util/List;)V doesn't use it's CallbackInfo
[14:38:52] [Render thread/DEBUG] (FabricLoader/Mixin) fabric-rendering-v1.mixins.json:shader.GameRendererMixin from mod fabric-rendering-v1->@Inject::registerShaders(Lnet/minecraft/server/packs/resources/ResourceProvider;Lorg/spongepowered/asm/mixin/injection/callback/CallbackInfo;Ljava/util/List;Ljava/util/List;)V has 0 override(s) in child classes
[14:38:52] [Render thread/DEBUG] (FabricLoader/Mixin) fabric-rendering-v1.mixins.json:shader.GameRendererMixin from mod fabric-rendering-v1->@Inject::registerShaders(Lnet/minecraft/server/packs/resources/ResourceProvider;Lorg/spongepowered/asm/mixin/injection/callback/CallbackInfo;Ljava/util/List;Ljava/util/List;)V won't be passed a CallbackInfo as a result
[14:38:52] [Render thread/DEBUG] (FabricLoader/Mixin) Mixing shader.ShaderProgramMixin from fabric-rendering-v1.mixins.json into net.minecraft.client.renderer.ShaderInstance
[14:38:52] [Render thread/DEBUG] (FabricLoader/Mixin) fabric-rendering-v1.mixins.json:shader.ShaderProgramMixin from mod fabric-rendering-v1: Class version 65 required is higher than the class version supported by the current version of Mixin (JAVA_17 supports class version 61)
[14:38:52] [Render thread/DEBUG] (FabricLoader/Mixin) Mixing client.SpriteAtlasTextureMixin from fabric-renderer-api-v1.mixins.json into net.minecraft.client.renderer.texture.TextureAtlas
[14:38:52] [Render thread/DEBUG] (FabricLoader/Mixin) fabric-renderer-api-v1.mixins.json:client.SpriteAtlasTextureMixin from mod fabric-renderer-api-v1: Class version 65 required is higher than the class version supported by the current version of Mixin (JAVA_17 supports class version 61)
[14:38:52] [Render thread/DEBUG] (FabricLoader/Mixin) fabric-renderer-api-v1.mixins.json:client.SpriteAtlasTextureMixin from mod fabric-renderer-api-v1->@Inject::uploadHook(Lnet/minecraft/client/renderer/texture/SpriteLoader$Preparations;Lorg/spongepowered/asm/mixin/injection/callback/CallbackInfo;)V doesn't use it's CallbackInfo
[14:38:52] [Render thread/DEBUG] (FabricLoader/Mixin) fabric-renderer-api-v1.mixins.json:client.SpriteAtlasTextureMixin from mod fabric-renderer-api-v1->@Inject::uploadHook(Lnet/minecraft/client/renderer/texture/SpriteLoader$Preparations;Lorg/spongepowered/asm/mixin/injection/callback/CallbackInfo;)V has 0 override(s) in child classes
[14:38:52] [Render thread/DEBUG] (FabricLoader/Mixin) fabric-renderer-api-v1.mixins.json:client.SpriteAtlasTextureMixin from mod fabric-renderer-api-v1->@Inject::uploadHook(Lnet/minecraft/client/renderer/texture/SpriteLoader$Preparations;Lorg/spongepowered/asm/mixin/injection/callback/CallbackInfo;)V won't be passed a CallbackInfo as a result
[14:38:53] [Render thread/DEBUG] (FabricLoader/Mixin) Mixing ItemRendererMixin from fabric-renderer-indigo.mixins.json into net.minecraft.client.renderer.entity.ItemRenderer
[14:38:53] [Render thread/DEBUG] (FabricLoader/Mixin) fabric-renderer-indigo.mixins.json:ItemRendererMixin from mod fabric-renderer-indigo: Class version 65 required is higher than the class version supported by the current version of Mixin (JAVA_17 supports class version 61)
[14:38:53] [Render thread/DEBUG] (FabricLoader/Mixin) Renaming synthetic method lambda$new$0()Lnet/fabricmc/fabric/impl/client/indigo/renderer/render/ItemRenderContext; to md95bee0$fabric-renderer-indigo$lambda$new$0$0 in fabric-renderer-indigo.mixins.json:ItemRendererMixin from mod fabric-renderer-indigo
[14:38:53] [Render thread/DEBUG] (FabricLoader/Mixin) Mixing KeyedResourceReloadListenerClientMixin from fabric-resource-loader-v0.client.mixins.json into net.minecraft.client.renderer.entity.ItemRenderer
[14:38:53] [Render thread/DEBUG] (FabricLoader/Mixin) fabric-resource-loader-v0.client.mixins.json:KeyedResourceReloadListenerClientMixin from mod fabric-resource-loader-v0: Class version 65 required is higher than the class version supported by the current version of Mixin (JAVA_17 supports class version 61)
[14:38:53] [Render thread/DEBUG] (FabricLoader/Mixin) fabric-renderer-indigo.mixins.json:ItemRendererMixin from mod fabric-renderer-indigo->@Inject::hook_renderItem(Lnet/minecraft/world/item/ItemStack;Lnet/minecraft/world/item/ItemDisplayContext;ZLcom/mojang/blaze3d/vertex/PoseStack;Lnet/minecraft/client/renderer/MultiBufferSource;IILnet/minecraft/client/resources/model/BakedModel;Lorg/spongepowered/asm/mixin/injection/callback/CallbackInfo;)V does use it's CallbackInfo
[14:38:53] [Render thread/DEBUG] (FabricLoader/Mixin) Mixing WorldRendererMixin from fabric-rendering-v1.mixins.json into net.minecraft.client.renderer.LevelRenderer
[14:38:53] [Render thread/DEBUG] (FabricLoader/Mixin) fabric-rendering-v1.mixins.json:WorldRendererMixin from mod fabric-rendering-v1: Class version 65 required is higher than the class version supported by the current version of Mixin (JAVA_17 supports class version 61)
[14:38:53] [Render thread/DEBUG] (FabricLoader/Mixin) Mixing KeyedResourceReloadListenerClientMixin from fabric-resource-loader-v0.client.mixins.json into net.minecraft.client.renderer.LevelRenderer
[14:38:53] [Render thread/DEBUG] (FabricLoader/Mixin) fabric-resource-loader-v0.client.mixins.json:KeyedResourceReloadListenerClientMixin from mod fabric-resource-loader-v0: Class version 65 required is higher than the class version supported by the current version of Mixin (JAVA_17 supports class version 61)
[14:38:53] [Render thread/DEBUG] (FabricLoader/Mixin) fabric-rendering-v1.mixins.json:WorldRendererMixin from mod fabric-rendering-v1->@Inject::beforeRender(Lnet/minecraft/client/DeltaTracker;ZLnet/minecraft/client/Camera;Lnet/minecraft/client/renderer/GameRenderer;Lnet/minecraft/client/renderer/LightTexture;Lorg/joml/Matrix4f;Lorg/joml/Matrix4f;Lorg/spongepowered/asm/mixin/injection/callback/CallbackInfo;)V doesn't use it's CallbackInfo
[14:38:53] [Render thread/DEBUG] (FabricLoader/Mixin) fabric-rendering-v1.mixins.json:WorldRendererMixin from mod fabric-rendering-v1->@Inject::beforeRender(Lnet/minecraft/client/DeltaTracker;ZLnet/minecraft/client/Camera;Lnet/minecraft/client/renderer/GameRenderer;Lnet/minecraft/client/renderer/LightTexture;Lorg/joml/Matrix4f;Lorg/joml/Matrix4f;Lorg/spongepowered/asm/mixin/injection/callback/CallbackInfo;)V has 0 override(s) in child classes
[14:38:53] [Render thread/DEBUG] (FabricLoader/Mixin) fabric-rendering-v1.mixins.json:WorldRendererMixin from mod fabric-rendering-v1->@Inject::beforeRender(Lnet/minecraft/client/DeltaTracker;ZLnet/minecraft/client/Camera;Lnet/minecraft/client/renderer/GameRenderer;Lnet/minecraft/client/renderer/LightTexture;Lorg/joml/Matrix4f;Lorg/joml/Matrix4f;Lorg/spongepowered/asm/mixin/injection/callback/CallbackInfo;)V won't be passed a CallbackInfo as a result
[14:38:53] [Render thread/DEBUG] (FabricLoader/Mixin) fabric-rendering-v1.mixins.json:WorldRendererMixin from mod fabric-rendering-v1->@Inject::afterTerrainSetup(Lnet/minecraft/client/Camera;Lnet/minecraft/client/renderer/culling/Frustum;ZZLorg/spongepowered/asm/mixin/injection/callback/CallbackInfo;)V doesn't use it's CallbackInfo
[14:38:53] [Render thread/DEBUG] (FabricLoader/Mixin) fabric-rendering-v1.mixins.json:WorldRendererMixin from mod fabric-rendering-v1->@Inject::afterTerrainSetup(Lnet/minecraft/client/Camera;Lnet/minecraft/client/renderer/culling/Frustum;ZZLorg/spongepowered/asm/mixin/injection/callback/CallbackInfo;)V has 0 override(s) in child classes
[14:38:53] [Render thread/DEBUG] (FabricLoader/Mixin) fabric-rendering-v1.mixins.json:WorldRendererMixin from mod fabric-rendering-v1->@Inject::afterTerrainSetup(Lnet/minecraft/client/Camera;Lnet/minecraft/client/renderer/culling/Frustum;ZZLorg/spongepowered/asm/mixin/injection/callback/CallbackInfo;)V won't be passed a CallbackInfo as a result
[14:38:53] [Render thread/DEBUG] (FabricLoader/Mixin) fabric-rendering-v1.mixins.json:WorldRendererMixin from mod fabric-rendering-v1->@Inject::afterTerrainSolid(Lorg/spongepowered/asm/mixin/injection/callback/CallbackInfo;)V doesn't use it's CallbackInfo
[14:38:53] [Render thread/DEBUG] (FabricLoader/Mixin) fabric-rendering-v1.mixins.json:WorldRendererMixin from mod fabric-rendering-v1->@Inject::afterTerrainSolid(Lorg/spongepowered/asm/mixin/injection/callback/CallbackInfo;)V has 0 override(s) in child classes
[14:38:53] [Render thread/DEBUG] (FabricLoader/Mixin) fabric-rendering-v1.mixins.json:WorldRendererMixin from mod fabric-rendering-v1->@Inject::afterTerrainSolid(Lorg/spongepowered/asm/mixin/injection/callback/CallbackInfo;)V won't be passed a CallbackInfo as a result
[14:38:53] [Render thread/DEBUG] (FabricLoader/Mixin) fabric-rendering-v1.mixins.json:WorldRendererMixin from mod fabric-rendering-v1->@Inject::afterEntities(Lorg/spongepowered/asm/mixin/injection/callback/CallbackInfo;)V doesn't use it's CallbackInfo
[14:38:53] [Render thread/DEBUG] (FabricLoader/Mixin) fabric-rendering-v1.mixins.json:WorldRendererMixin from mod fabric-rendering-v1->@Inject::afterEntities(Lorg/spongepowered/asm/mixin/injection/callback/CallbackInfo;)V has 0 override(s) in child classes
[14:38:53] [Render thread/DEBUG] (FabricLoader/Mixin) fabric-rendering-v1.mixins.json:WorldRendererMixin from mod fabric-rendering-v1->@Inject::afterEntities(Lorg/spongepowered/asm/mixin/injection/callback/CallbackInfo;)V won't be passed a CallbackInfo as a result
[14:38:53] [Render thread/DEBUG] (FabricLoader/Mixin) fabric-rendering-v1.mixins.json:WorldRendererMixin from mod fabric-rendering-v1->@Inject::beforeRenderOutline(Lorg/spongepowered/asm/mixin/injection/callback/CallbackInfo;)V doesn't use it's CallbackInfo
[14:38:53] [Render thread/DEBUG] (FabricLoader/Mixin) fabric-rendering-v1.mixins.json:WorldRendererMixin from mod fabric-rendering-v1->@Inject::beforeRenderOutline(Lorg/spongepowered/asm/mixin/injection/callback/CallbackInfo;)V has 0 override(s) in child classes
[14:38:53] [Render thread/DEBUG] (FabricLoader/Mixin) fabric-rendering-v1.mixins.json:WorldRendererMixin from mod fabric-rendering-v1->@Inject::beforeRenderOutline(Lorg/spongepowered/asm/mixin/injection/callback/CallbackInfo;)V won't be passed a CallbackInfo as a result
[14:38:53] [Render thread/DEBUG] (FabricLoader/Mixin) fabric-rendering-v1.mixins.json:WorldRendererMixin from mod fabric-rendering-v1->@Inject::onDrawBlockOutline(Lcom/mojang/blaze3d/vertex/PoseStack;Lcom/mojang/blaze3d/vertex/VertexConsumer;Lnet/minecraft/world/entity/Entity;DDDLnet/minecraft/core/BlockPos;Lnet/minecraft/world/level/block/state/BlockState;Lorg/spongepowered/asm/mixin/injection/callback/CallbackInfo;)V does use it's CallbackInfo
[14:38:53] [Render thread/DEBUG] (FabricLoader/Mixin) fabric-rendering-v1.mixins.json:WorldRendererMixin from mod fabric-rendering-v1->@Inject::beforeDebugRender(Lorg/spongepowered/asm/mixin/injection/callback/CallbackInfo;)V doesn't use it's CallbackInfo
[14:38:53] [Render thread/DEBUG] (FabricLoader/Mixin) fabric-rendering-v1.mixins.json:WorldRendererMixin from mod fabric-rendering-v1->@Inject::beforeDebugRender(Lorg/spongepowered/asm/mixin/injection/callback/CallbackInfo;)V has 0 override(s) in child classes
[14:38:53] [Render thread/DEBUG] (FabricLoader/Mixin) fabric-rendering-v1.mixins.json:WorldRendererMixin from mod fabric-rendering-v1->@Inject::beforeDebugRender(Lorg/spongepowered/asm/mixin/injection/callback/CallbackInfo;)V won't be passed a CallbackInfo as a result
[14:38:53] [Render thread/DEBUG] (FabricLoader/Mixin) fabric-rendering-v1.mixins.json:WorldRendererMixin from mod fabric-rendering-v1->@Inject::beforeClouds(Lorg/spongepowered/asm/mixin/injection/callback/CallbackInfo;)V doesn't use it's CallbackInfo
[14:38:53] [Render thread/DEBUG] (FabricLoader/Mixin) fabric-rendering-v1.mixins.json:WorldRendererMixin from mod fabric-rendering-v1->@Inject::beforeClouds(Lorg/spongepowered/asm/mixin/injection/callback/CallbackInfo;)V has 0 override(s) in child classes
[14:38:53] [Render thread/DEBUG] (FabricLoader/Mixin) fabric-rendering-v1.mixins.json:WorldRendererMixin from mod fabric-rendering-v1->@Inject::beforeClouds(Lorg/spongepowered/asm/mixin/injection/callback/CallbackInfo;)V won't be passed a CallbackInfo as a result
[14:38:53] [Render thread/DEBUG] (FabricLoader/Mixin) fabric-rendering-v1.mixins.json:WorldRendererMixin from mod fabric-rendering-v1->@Inject::onChunkDebugRender(Lorg/spongepowered/asm/mixin/injection/callback/CallbackInfo;)V doesn't use it's CallbackInfo
[14:38:53] [Render thread/DEBUG] (FabricLoader/Mixin) fabric-rendering-v1.mixins.json:WorldRendererMixin from mod fabric-rendering-v1->@Inject::onChunkDebugRender(Lorg/spongepowered/asm/mixin/injection/callback/CallbackInfo;)V has 0 override(s) in child classes
[14:38:53] [Render thread/DEBUG] (FabricLoader/Mixin) fabric-rendering-v1.mixins.json:WorldRendererMixin from mod fabric-rendering-v1->@Inject::onChunkDebugRender(Lorg/spongepowered/asm/mixin/injection/callback/CallbackInfo;)V won't be passed a CallbackInfo as a result
[14:38:53] [Render thread/DEBUG] (FabricLoader/Mixin) fabric-rendering-v1.mixins.json:WorldRendererMixin from mod fabric-rendering-v1->@Inject::afterRender(Lorg/spongepowered/asm/mixin/injection/callback/CallbackInfo;)V doesn't use it's CallbackInfo
[14:38:53] [Render thread/DEBUG] (FabricLoader/Mixin) fabric-rendering-v1.mixins.json:WorldRendererMixin from mod fabric-rendering-v1->@Inject::afterRender(Lorg/spongepowered/asm/mixin/injection/callback/CallbackInfo;)V has 0 override(s) in child classes
[14:38:53] [Render thread/DEBUG] (FabricLoader/Mixin) fabric-rendering-v1.mixins.json:WorldRendererMixin from mod fabric-rendering-v1->@Inject::afterRender(Lorg/spongepowered/asm/mixin/injection/callback/CallbackInfo;)V won't be passed a CallbackInfo as a result
[14:38:53] [Render thread/DEBUG] (FabricLoader/Mixin) fabric-rendering-v1.mixins.json:WorldRendererMixin from mod fabric-rendering-v1->@Inject::onReload(Lorg/spongepowered/asm/mixin/injection/callback/CallbackInfo;)V doesn't use it's CallbackInfo
[14:38:53] [Render thread/DEBUG] (FabricLoader/Mixin) fabric-rendering-v1.mixins.json:WorldRendererMixin from mod fabric-rendering-v1->@Inject::onReload(Lorg/spongepowered/asm/mixin/injection/callback/CallbackInfo;)V has 0 override(s) in child classes
[14:38:53] [Render thread/DEBUG] (FabricLoader/Mixin) fabric-rendering-v1.mixins.json:WorldRendererMixin from mod fabric-rendering-v1->@Inject::onReload(Lorg/spongepowered/asm/mixin/injection/callback/CallbackInfo;)V won't be passed a CallbackInfo as a result
[14:38:53] [Render thread/DEBUG] (FabricLoader/Mixin) fabric-rendering-v1.mixins.json:WorldRendererMixin from mod fabric-rendering-v1->@Inject::renderWeather(Lnet/minecraft/client/renderer/LightTexture;FDDDLorg/spongepowered/asm/mixin/injection/callback/CallbackInfo;)V does use it's CallbackInfo
[14:38:53] [Render thread/DEBUG] (FabricLoader/Mixin) fabric-rendering-v1.mixins.json:WorldRendererMixin from mod fabric-rendering-v1->@Inject::renderCloud(Lcom/mojang/blaze3d/vertex/PoseStack;Lorg/joml/Matrix4f;Lorg/joml/Matrix4f;FDDDLorg/spongepowered/asm/mixin/injection/callback/CallbackInfo;)V does use it's CallbackInfo
[14:38:53] [Render thread/DEBUG] (FabricLoader/Mixin) fabric-rendering-v1.mixins.json:WorldRendererMixin from mod fabric-rendering-v1->@Inject::renderSky(Lorg/joml/Matrix4f;Lorg/joml/Matrix4f;FLnet/minecraft/client/Camera;ZLjava/lang/Runnable;Lorg/spongepowered/asm/mixin/injection/callback/CallbackInfo;)V does use it's CallbackInfo
[14:38:53] [Render thread/DEBUG] (FabricLoader/Mixin) Mixing SoundInstanceMixin from fabric-sound-api-v1.mixins.json into net.minecraft.client.resources.sounds.SoundInstance
[14:38:53] [Render thread/DEBUG] (FabricLoader/Mixin) fabric-sound-api-v1.mixins.json:SoundInstanceMixin from mod fabric-sound-api-v1: Class version 65 required is higher than the class version supported by the current version of Mixin (JAVA_17 supports class version 61)
[14:38:53] [Render thread/DEBUG] (FabricLoader/Mixin) Mixing GameOptionsMixin from fabric-key-binding-api-v1.mixins.json into net.minecraft.client.Options
[14:38:53] [Render thread/DEBUG] (FabricLoader/Mixin) fabric-key-binding-api-v1.mixins.json:GameOptionsMixin from mod fabric-key-binding-api-v1: Class version 65 required is higher than the class version supported by the current version of Mixin (JAVA_17 supports class version 61)
[14:38:53] [Render thread/DEBUG] (FabricLoader/Mixin) Mixing GameOptionsMixin from fabric-resource-loader-v0.client.mixins.json into net.minecraft.client.Options
[14:38:53] [Render thread/DEBUG] (FabricLoader/Mixin) fabric-resource-loader-v0.client.mixins.json:GameOptionsMixin from mod fabric-resource-loader-v0: Class version 65 required is higher than the class version supported by the current version of Mixin (JAVA_17 supports class version 61)
[14:38:53] [Render thread/DEBUG] (FabricLoader/Mixin) fabric-key-binding-api-v1.mixins.json:GameOptionsMixin from mod fabric-key-binding-api-v1->@Inject::loadHook(Lorg/spongepowered/asm/mixin/injection/callback/CallbackInfo;)V doesn't use it's CallbackInfo
[14:38:53] [Render thread/DEBUG] (FabricLoader/Mixin) fabric-key-binding-api-v1.mixins.json:GameOptionsMixin from mod fabric-key-binding-api-v1->@Inject::loadHook(Lorg/spongepowered/asm/mixin/injection/callback/CallbackInfo;)V has 0 override(s) in child classes
[14:38:53] [Render thread/DEBUG] (FabricLoader/Mixin) fabric-key-binding-api-v1.mixins.json:GameOptionsMixin from mod fabric-key-binding-api-v1->@Inject::loadHook(Lorg/spongepowered/asm/mixin/injection/callback/CallbackInfo;)V won't be passed a CallbackInfo as a result
[14:38:53] [Render thread/DEBUG] (FabricLoader/Mixin) fabric-resource-loader-v0.client.mixins.json:GameOptionsMixin from mod fabric-resource-loader-v0->@Inject::onLoad(Lorg/spongepowered/asm/mixin/injection/callback/CallbackInfo;)V doesn't use it's CallbackInfo
[14:38:53] [Render thread/DEBUG] (FabricLoader/Mixin) fabric-resource-loader-v0.client.mixins.json:GameOptionsMixin from mod fabric-resource-loader-v0->@Inject::onLoad(Lorg/spongepowered/asm/mixin/injection/callback/CallbackInfo;)V has 0 override(s) in child classes
[14:38:53] [Render thread/DEBUG] (FabricLoader/Mixin) fabric-resource-loader-v0.client.mixins.json:GameOptionsMixin from mod fabric-resource-loader-v0->@Inject::onLoad(Lorg/spongepowered/asm/mixin/injection/callback/CallbackInfo;)V won't be passed a CallbackInfo as a result
[14:38:53] [Render thread/DEBUG] (FabricLoader/Mixin) fabric-resource-loader-v0.client.mixins.json:GameOptionsMixin from mod fabric-resource-loader-v0->@Inject::onLoad(Lorg/spongepowered/asm/mixin/injection/callback/CallbackInfo;)V doesn't use it's CallbackInfo
[14:38:53] [Render thread/DEBUG] (FabricLoader/Mixin) fabric-resource-loader-v0.client.mixins.json:GameOptionsMixin from mod fabric-resource-loader-v0->@Inject::onLoad(Lorg/spongepowered/asm/mixin/injection/callback/CallbackInfo;)V has 0 override(s) in child classes
[14:38:53] [Render thread/DEBUG] (FabricLoader/Mixin) fabric-resource-loader-v0.client.mixins.json:GameOptionsMixin from mod fabric-resource-loader-v0->@Inject::onLoad(Lorg/spongepowered/asm/mixin/injection/callback/CallbackInfo;)V won't be passed a CallbackInfo as a result
[14:38:53] [Render thread/DEBUG] (FabricLoader/Mixin) Mixing ResourcePackProfileMixin from fabric-resource-loader-v0.mixins.json into net.minecraft.server.packs.repository.Pack
[14:38:53] [Render thread/DEBUG] (FabricLoader/Mixin) fabric-resource-loader-v0.mixins.json:ResourcePackProfileMixin from mod fabric-resource-loader-v0: Class version 65 required is higher than the class version supported by the current version of Mixin (JAVA_17 supports class version 61)
[14:38:53] [Render thread/DEBUG] (FabricLoader/Mixin) Renaming synthetic method lambda$static$0(Ljava/util/Set;)Z to md95bee0$fabric-resource-loader-v0$lambda$static$0$0 in fabric-resource-loader-v0.mixins.json:ResourcePackProfileMixin from mod fabric-resource-loader-v0
[14:38:53] [Render thread/DEBUG] (FabricLoader/Mixin) fabric-resource-loader-v0.mixins.json:ResourcePackProfileMixin from mod fabric-resource-loader-v0->@Inject::onCreateResourcePack(Lorg/spongepowered/asm/mixin/injection/callback/CallbackInfoReturnable;)V does use it's CallbackInfoReturnable
[14:38:53] [Render thread/INFO] (net.minecraft.client.Minecraft) Backend library: LWJGL version 3.3.3-snapshot
[14:38:54] [Render thread/DEBUG] (FabricLoader/Mixin) Mixing MouseMixin from fabric-screen-api-v1.mixins.json into net.minecraft.client.MouseHandler
[14:38:54] [Render thread/DEBUG] (FabricLoader/Mixin) fabric-screen-api-v1.mixins.json:MouseMixin from mod fabric-screen-api-v1: Class version 65 required is higher than the class version supported by the current version of Mixin (JAVA_17 supports class version 61)
[14:38:54] [Render thread/DEBUG] (FabricLoader/Mixin) fabric-screen-api-v1.mixins.json:MouseMixin from mod fabric-screen-api-v1->@Inject::beforeMouseClickedEvent([ZLnet/minecraft/client/gui/screens/Screen;DDILorg/spongepowered/asm/mixin/injection/callback/CallbackInfo;)V does use it's CallbackInfo
[14:38:54] [Render thread/DEBUG] (FabricLoader/Mixin) fabric-screen-api-v1.mixins.json:MouseMixin from mod fabric-screen-api-v1->@Inject::afterMouseClickedEvent([ZLnet/minecraft/client/gui/screens/Screen;DDILorg/spongepowered/asm/mixin/injection/callback/CallbackInfo;)V doesn't use it's CallbackInfo
[14:38:54] [Render thread/DEBUG] (FabricLoader/Mixin) fabric-screen-api-v1.mixins.json:MouseMixin from mod fabric-screen-api-v1->@Inject::beforeMouseReleasedEvent([ZLnet/minecraft/client/gui/screens/Screen;DDILorg/spongepowered/asm/mixin/injection/callback/CallbackInfo;)V does use it's CallbackInfo
[14:38:54] [Render thread/DEBUG] (FabricLoader/Mixin) fabric-screen-api-v1.mixins.json:MouseMixin from mod fabric-screen-api-v1->@Inject::afterMouseReleasedEvent([ZLnet/minecraft/client/gui/screens/Screen;DDILorg/spongepowered/asm/mixin/injection/callback/CallbackInfo;)V doesn't use it's CallbackInfo
[14:38:54] [Render thread/DEBUG] (FabricLoader/Mixin) fabric-screen-api-v1.mixins.json:MouseMixin from mod fabric-screen-api-v1->@Inject::beforeMouseScrollEvent(JDDLorg/spongepowered/asm/mixin/injection/callback/CallbackInfo;ZDDDDD)V does use it's CallbackInfo
[14:38:54] [Render thread/DEBUG] (FabricLoader/Mixin) fabric-screen-api-v1.mixins.json:MouseMixin from mod fabric-screen-api-v1->@Inject::afterMouseScrollEvent(JDDLorg/spongepowered/asm/mixin/injection/callback/CallbackInfo;ZDDDDD)V doesn't use it's CallbackInfo
[14:38:54] [Render thread/DEBUG] (FabricLoader/Mixin) fabric-screen-api-v1.mixins.json:MouseMixin from mod fabric-screen-api-v1->@Inject::afterMouseScrollEvent(JDDLorg/spongepowered/asm/mixin/injection/callback/CallbackInfo;ZDDDDD)V has 0 override(s) in child classes
[14:38:54] [Render thread/DEBUG] (FabricLoader/Mixin) fabric-screen-api-v1.mixins.json:MouseMixin from mod fabric-screen-api-v1->@Inject::afterMouseScrollEvent(JDDLorg/spongepowered/asm/mixin/injection/callback/CallbackInfo;ZDDDDD)V won't be passed a CallbackInfo as a result
[14:38:54] [Render thread/DEBUG] (FabricLoader/Mixin) Mixing KeyboardMixin from fabric-screen-api-v1.mixins.json into net.minecraft.client.KeyboardHandler
[14:38:54] [Render thread/DEBUG] (FabricLoader/Mixin) fabric-screen-api-v1.mixins.json:KeyboardMixin from mod fabric-screen-api-v1: Class version 65 required is higher than the class version supported by the current version of Mixin (JAVA_17 supports class version 61)
[14:38:54] [Render thread/DEBUG] (FabricLoader/Mixin) fabric-screen-api-v1.mixins.json:KeyboardMixin from mod fabric-screen-api-v1->@Inject::beforeKeyPressedEvent(ILnet/minecraft/client/gui/screens/Screen;[ZIIILorg/spongepowered/asm/mixin/injection/callback/CallbackInfo;)V does use it's CallbackInfo
[14:38:54] [Render thread/DEBUG] (FabricLoader/Mixin) fabric-screen-api-v1.mixins.json:KeyboardMixin from mod fabric-screen-api-v1->@Inject::afterKeyPressedEvent(ILnet/minecraft/client/gui/screens/Screen;[ZIIILorg/spongepowered/asm/mixin/injection/callback/CallbackInfo;)V doesn't use it's CallbackInfo
[14:38:54] [Render thread/DEBUG] (FabricLoader/Mixin) fabric-screen-api-v1.mixins.json:KeyboardMixin from mod fabric-screen-api-v1->@Inject::beforeKeyReleasedEvent(ILnet/minecraft/client/gui/screens/Screen;[ZIIILorg/spongepowered/asm/mixin/injection/callback/CallbackInfo;)V does use it's CallbackInfo
[14:38:54] [Render thread/DEBUG] (FabricLoader/Mixin) fabric-screen-api-v1.mixins.json:KeyboardMixin from mod fabric-screen-api-v1->@Inject::afterKeyReleasedEvent(ILnet/minecraft/client/gui/screens/Screen;[ZIIILorg/spongepowered/asm/mixin/injection/callback/CallbackInfo;)V doesn't use it's CallbackInfo
[14:38:54] [Render thread/DEBUG] (FabricLoader/Mixin) Mixing LifecycledResourceManagerImplMixin from fabric-resource-loader-v0.mixins.json into net.minecraft.server.packs.resources.MultiPackResourceManager
[14:38:54] [Render thread/DEBUG] (FabricLoader/Mixin) fabric-resource-loader-v0.mixins.json:LifecycledResourceManagerImplMixin from mod fabric-resource-loader-v0: Class version 65 required is higher than the class version supported by the current version of Mixin (JAVA_17 supports class version 61)
[14:38:54] [Render thread/DEBUG] (FabricLoader/Mixin) fabric-resource-loader-v0.mixins.json:LifecycledResourceManagerImplMixin from mod fabric-resource-loader-v0->@Inject::init(Lnet/minecraft/server/packs/PackType;Ljava/util/List;Lorg/spongepowered/asm/mixin/injection/callback/CallbackInfo;)V doesn't use it's CallbackInfo
[14:38:54] [Render thread/DEBUG] (FabricLoader/Mixin) fabric-resource-loader-v0.mixins.json:LifecycledResourceManagerImplMixin from mod fabric-resource-loader-v0->@Inject::init(Lnet/minecraft/server/packs/PackType;Ljava/util/List;Lorg/spongepowered/asm/mixin/injection/callback/CallbackInfo;)V has 0 override(s) in child classes
[14:38:54] [Render thread/DEBUG] (FabricLoader/Mixin) fabric-resource-loader-v0.mixins.json:LifecycledResourceManagerImplMixin from mod fabric-resource-loader-v0->@Inject::init(Lnet/minecraft/server/packs/PackType;Ljava/util/List;Lorg/spongepowered/asm/mixin/injection/callback/CallbackInfo;)V won't be passed a CallbackInfo as a result
[14:38:55] [Render thread/DEBUG] (net.fabricmc.fabric.impl.resource.loader.ModResourcePackUtil) [Fabric] Starting internal pack sorting with: [vanilla, fabric, fabric-api, fabric-api-base, fabric-api-lookup-api-v1, fabric-biome-api-v1, fabric-block-api-v1, fabric-block-view-api-v2, fabric-blockrenderlayer-v1, fabric-client-tags-api-v1, fabric-command-api-v1, fabric-command-api-v2, fabric-commands-v0, fabric-content-registries-v0, fabric-convention-tags-v1, fabric-convention-tags-v2, fabric-crash-report-info-v1, fabric-data-attachment-api-v1, fabric-data-generation-api-v1, fabric-dimensions-v1, fabric-entity-events-v1, fabric-events-interaction-v0, fabric-game-rule-api-v1, fabric-gametest-api-v1, fabric-item-api-v1, fabric-item-group-api-v1, fabric-key-binding-api-v1, fabric-keybindings-v0, fabric-lifecycle-events-v1, fabric-loot-api-v2, fabric-message-api-v1, fabric-model-loading-api-v1, fabric-networking-api-v1, fabric-object-builder-api-v1, fabric-particles-v1, fabric-recipe-api-v1, fabric-registry-sync-v0, fabric-renderer-api-v1, fabric-renderer-indigo, fabric-renderer-registries-v1, fabric-rendering-data-attachment-v1, fabric-rendering-fluids-v1, fabric-rendering-v0, fabric-rendering-v1, fabric-resource-conditions-api-v1, fabric-resource-loader-v0, fabric-screen-api-v1, fabric-screen-handler-api-v1, fabric-sound-api-v1, fabric-transfer-api-v1, fabric-transitive-access-wideners-v1, fabricloader, yapping_tooltips]
[14:38:55] [Render thread/DEBUG] (net.fabricmc.fabric.impl.resource.loader.ModResourcePackUtil) [Fabric] Removed all internal packs, result: [vanilla, fabric]
[14:38:55] [Render thread/DEBUG] (net.fabricmc.fabric.impl.resource.loader.ModResourcePackUtil) [Fabric] cur @ fabric, auto-enabled fabric-api, currently enabled: [vanilla, fabric, fabric-api]
[14:38:55] [Render thread/DEBUG] (net.fabricmc.fabric.impl.resource.loader.ModResourcePackUtil) [Fabric] cur @ fabric, auto-enabled fabric-api-base, currently enabled: [vanilla, fabric, fabric-api, fabric-api-base]
[14:38:55] [Render thread/DEBUG] (net.fabricmc.fabric.impl.resource.loader.ModResourcePackUtil) [Fabric] cur @ fabric, auto-enabled fabric-api-lookup-api-v1, currently enabled: [vanilla, fabric, fabric-api, fabric-api-base, fabric-api-lookup-api-v1]
[14:38:55] [Render thread/DEBUG] (net.fabricmc.fabric.impl.resource.loader.ModResourcePackUtil) [Fabric] cur @ fabric, auto-enabled fabric-biome-api-v1, currently enabled: [vanilla, fabric, fabric-api, fabric-api-base, fabric-api-lookup-api-v1, fabric-biome-api-v1]
[14:38:55] [Render thread/DEBUG] (net.fabricmc.fabric.impl.resource.loader.ModResourcePackUtil) [Fabric] cur @ fabric, auto-enabled fabric-block-api-v1, currently enabled: [vanilla, fabric, fabric-api, fabric-api-base, fabric-api-lookup-api-v1, fabric-biome-api-v1, fabric-block-api-v1]
[14:38:55] [Render thread/DEBUG] (net.fabricmc.fabric.impl.resource.loader.ModResourcePackUtil) [Fabric] cur @ fabric, auto-enabled fabric-block-view-api-v2, currently enabled: [vanilla, fabric, fabric-api, fabric-api-base, fabric-api-lookup-api-v1, fabric-biome-api-v1, fabric-block-api-v1, fabric-block-view-api-v2]
[14:38:55] [Render thread/DEBUG] (net.fabricmc.fabric.impl.resource.loader.ModResourcePackUtil) [Fabric] cur @ fabric, auto-enabled fabric-blockrenderlayer-v1, currently enabled: [vanilla, fabric, fabric-api, fabric-api-base, fabric-api-lookup-api-v1, fabric-biome-api-v1, fabric-block-api-v1, fabric-block-view-api-v2, fabric-blockrenderlayer-v1]
[14:38:55] [Render thread/DEBUG] (net.fabricmc.fabric.impl.resource.loader.ModResourcePackUtil) [Fabric] cur @ fabric, auto-enabled fabric-client-tags-api-v1, currently enabled: [vanilla, fabric, fabric-api, fabric-api-base, fabric-api-lookup-api-v1, fabric-biome-api-v1, fabric-block-api-v1, fabric-block-view-api-v2, fabric-blockrenderlayer-v1, fabric-client-tags-api-v1]
[14:38:55] [Render thread/DEBUG] (net.fabricmc.fabric.impl.resource.loader.ModResourcePackUtil) [Fabric] cur @ fabric, auto-enabled fabric-command-api-v1, currently enabled: [vanilla, fabric, fabric-api, fabric-api-base, fabric-api-lookup-api-v1, fabric-biome-api-v1, fabric-block-api-v1, fabric-block-view-api-v2, fabric-blockrenderlayer-v1, fabric-client-tags-api-v1, fabric-command-api-v1]
[14:38:55] [Render thread/DEBUG] (net.fabricmc.fabric.impl.resource.loader.ModResourcePackUtil) [Fabric] cur @ fabric, auto-enabled fabric-command-api-v2, currently enabled: [vanilla, fabric, fabric-api, fabric-api-base, fabric-api-lookup-api-v1, fabric-biome-api-v1, fabric-block-api-v1, fabric-block-view-api-v2, fabric-blockrenderlayer-v1, fabric-client-tags-api-v1, fabric-command-api-v1, fabric-command-api-v2]
[14:38:55] [Render thread/DEBUG] (net.fabricmc.fabric.impl.resource.loader.ModResourcePackUtil) [Fabric] cur @ fabric, auto-enabled fabric-commands-v0, currently enabled: [vanilla, fabric, fabric-api, fabric-api-base, fabric-api-lookup-api-v1, fabric-biome-api-v1, fabric-block-api-v1, fabric-block-view-api-v2, fabric-blockrenderlayer-v1, fabric-client-tags-api-v1, fabric-command-api-v1, fabric-command-api-v2, fabric-commands-v0]
[14:38:55] [Render thread/DEBUG] (net.fabricmc.fabric.impl.resource.loader.ModResourcePackUtil) [Fabric] cur @ fabric, auto-enabled fabric-content-registries-v0, currently enabled: [vanilla, fabric, fabric-api, fabric-api-base, fabric-api-lookup-api-v1, fabric-biome-api-v1, fabric-block-api-v1, fabric-block-view-api-v2, fabric-blockrenderlayer-v1, fabric-client-tags-api-v1, fabric-command-api-v1, fabric-command-api-v2, fabric-commands-v0, fabric-content-registries-v0]
[14:38:55] [Render thread/DEBUG] (net.fabricmc.fabric.impl.resource.loader.ModResourcePackUtil) [Fabric] cur @ fabric, auto-enabled fabric-convention-tags-v1, currently enabled: [vanilla, fabric, fabric-api, fabric-api-base, fabric-api-lookup-api-v1, fabric-biome-api-v1, fabric-block-api-v1, fabric-block-view-api-v2, fabric-blockrenderlayer-v1, fabric-client-tags-api-v1, fabric-command-api-v1, fabric-command-api-v2, fabric-commands-v0, fabric-content-registries-v0, fabric-convention-tags-v1]
[14:38:55] [Render thread/DEBUG] (net.fabricmc.fabric.impl.resource.loader.ModResourcePackUtil) [Fabric] cur @ fabric, auto-enabled fabric-convention-tags-v2, currently enabled: [vanilla, fabric, fabric-api, fabric-api-base, fabric-api-lookup-api-v1, fabric-biome-api-v1, fabric-block-api-v1, fabric-block-view-api-v2, fabric-blockrenderlayer-v1, fabric-client-tags-api-v1, fabric-command-api-v1, fabric-command-api-v2, fabric-commands-v0, fabric-content-registries-v0, fabric-convention-tags-v1, fabric-convention-tags-v2]
[14:38:55] [Render thread/DEBUG] (net.fabricmc.fabric.impl.resource.loader.ModResourcePackUtil) [Fabric] cur @ fabric, auto-enabled fabric-crash-report-info-v1, currently enabled: [vanilla, fabric, fabric-api, fabric-api-base, fabric-api-lookup-api-v1, fabric-biome-api-v1, fabric-block-api-v1, fabric-block-view-api-v2, fabric-blockrenderlayer-v1, fabric-client-tags-api-v1, fabric-command-api-v1, fabric-command-api-v2, fabric-commands-v0, fabric-content-registries-v0, fabric-convention-tags-v1, fabric-convention-tags-v2, fabric-crash-report-info-v1]
[14:38:55] [Render thread/DEBUG] (net.fabricmc.fabric.impl.resource.loader.ModResourcePackUtil) [Fabric] cur @ fabric, auto-enabled fabric-data-attachment-api-v1, currently enabled: [vanilla, fabric, fabric-api, fabric-api-base, fabric-api-lookup-api-v1, fabric-biome-api-v1, fabric-block-api-v1, fabric-block-view-api-v2, fabric-blockrenderlayer-v1, fabric-client-tags-api-v1, fabric-command-api-v1, fabric-command-api-v2, fabric-commands-v0, fabric-content-registries-v0, fabric-convention-tags-v1, fabric-convention-tags-v2, fabric-crash-report-info-v1, fabric-data-attachment-api-v1]
[14:38:55] [Render thread/DEBUG] (net.fabricmc.fabric.impl.resource.loader.ModResourcePackUtil) [Fabric] cur @ fabric, auto-enabled fabric-data-generation-api-v1, currently enabled: [vanilla, fabric, fabric-api, fabric-api-base, fabric-api-lookup-api-v1, fabric-biome-api-v1, fabric-block-api-v1, fabric-block-view-api-v2, fabric-blockrenderlayer-v1, fabric-client-tags-api-v1, fabric-command-api-v1, fabric-command-api-v2, fabric-commands-v0, fabric-content-registries-v0, fabric-convention-tags-v1, fabric-convention-tags-v2, fabric-crash-report-info-v1, fabric-data-attachment-api-v1, fabric-data-generation-api-v1]
[14:38:55] [Render thread/DEBUG] (net.fabricmc.fabric.impl.resource.loader.ModResourcePackUtil) [Fabric] cur @ fabric, auto-enabled fabric-dimensions-v1, currently enabled: [vanilla, fabric, fabric-api, fabric-api-base, fabric-api-lookup-api-v1, fabric-biome-api-v1, fabric-block-api-v1, fabric-block-view-api-v2, fabric-blockrenderlayer-v1, fabric-client-tags-api-v1, fabric-command-api-v1, fabric-command-api-v2, fabric-commands-v0, fabric-content-registries-v0, fabric-convention-tags-v1, fabric-convention-tags-v2, fabric-crash-report-info-v1, fabric-data-attachment-api-v1, fabric-data-generation-api-v1, fabric-dimensions-v1]
[14:38:55] [Render thread/DEBUG] (net.fabricmc.fabric.impl.resource.loader.ModResourcePackUtil) [Fabric] cur @ fabric, auto-enabled fabric-entity-events-v1, currently enabled: [vanilla, fabric, fabric-api, fabric-api-base, fabric-api-lookup-api-v1, fabric-biome-api-v1, fabric-block-api-v1, fabric-block-view-api-v2, fabric-blockrenderlayer-v1, fabric-client-tags-api-v1, fabric-command-api-v1, fabric-command-api-v2, fabric-commands-v0, fabric-content-registries-v0, fabric-convention-tags-v1, fabric-convention-tags-v2, fabric-crash-report-info-v1, fabric-data-attachment-api-v1, fabric-data-generation-api-v1, fabric-dimensions-v1, fabric-entity-events-v1]
[14:38:55] [Render thread/DEBUG] (net.fabricmc.fabric.impl.resource.loader.ModResourcePackUtil) [Fabric] cur @ fabric, auto-enabled fabric-events-interaction-v0, currently enabled: [vanilla, fabric, fabric-api, fabric-api-base, fabric-api-lookup-api-v1, fabric-biome-api-v1, fabric-block-api-v1, fabric-block-view-api-v2, fabric-blockrenderlayer-v1, fabric-client-tags-api-v1, fabric-command-api-v1, fabric-command-api-v2, fabric-commands-v0, fabric-content-registries-v0, fabric-convention-tags-v1, fabric-convention-tags-v2, fabric-crash-report-info-v1, fabric-data-attachment-api-v1, fabric-data-generation-api-v1, fabric-dimensions-v1, fabric-entity-events-v1, fabric-events-interaction-v0]
[14:38:55] [Render thread/DEBUG] (net.fabricmc.fabric.impl.resource.loader.ModResourcePackUtil) [Fabric] cur @ fabric, auto-enabled fabric-game-rule-api-v1, currently enabled: [vanilla, fabric, fabric-api, fabric-api-base, fabric-api-lookup-api-v1, fabric-biome-api-v1, fabric-block-api-v1, fabric-block-view-api-v2, fabric-blockrenderlayer-v1, fabric-client-tags-api-v1, fabric-command-api-v1, fabric-command-api-v2, fabric-commands-v0, fabric-content-registries-v0, fabric-convention-tags-v1, fabric-convention-tags-v2, fabric-crash-report-info-v1, fabric-data-attachment-api-v1, fabric-data-generation-api-v1, fabric-dimensions-v1, fabric-entity-events-v1, fabric-events-interaction-v0, fabric-game-rule-api-v1]
[14:38:55] [Render thread/DEBUG] (net.fabricmc.fabric.impl.resource.loader.ModResourcePackUtil) [Fabric] cur @ fabric, auto-enabled fabric-gametest-api-v1, currently enabled: [vanilla, fabric, fabric-api, fabric-api-base, fabric-api-lookup-api-v1, fabric-biome-api-v1, fabric-block-api-v1, fabric-block-view-api-v2, fabric-blockrenderlayer-v1, fabric-client-tags-api-v1, fabric-command-api-v1, fabric-command-api-v2, fabric-commands-v0, fabric-content-registries-v0, fabric-convention-tags-v1, fabric-convention-tags-v2, fabric-crash-report-info-v1, fabric-data-attachment-api-v1, fabric-data-generation-api-v1, fabric-dimensions-v1, fabric-entity-events-v1, fabric-events-interaction-v0, fabric-game-rule-api-v1, fabric-gametest-api-v1]
[14:38:55] [Render thread/DEBUG] (net.fabricmc.fabric.impl.resource.loader.ModResourcePackUtil) [Fabric] cur @ fabric, auto-enabled fabric-item-api-v1, currently enabled: [vanilla, fabric, fabric-api, fabric-api-base, fabric-api-lookup-api-v1, fabric-biome-api-v1, fabric-block-api-v1, fabric-block-view-api-v2, fabric-blockrenderlayer-v1, fabric-client-tags-api-v1, fabric-command-api-v1, fabric-command-api-v2, fabric-commands-v0, fabric-content-registries-v0, fabric-convention-tags-v1, fabric-convention-tags-v2, fabric-crash-report-info-v1, fabric-data-attachment-api-v1, fabric-data-generation-api-v1, fabric-dimensions-v1, fabric-entity-events-v1, fabric-events-interaction-v0, fabric-game-rule-api-v1, fabric-gametest-api-v1, fabric-item-api-v1]
[14:38:55] [Render thread/DEBUG] (net.fabricmc.fabric.impl.resource.loader.ModResourcePackUtil) [Fabric] cur @ fabric, auto-enabled fabric-item-group-api-v1, currently enabled: [vanilla, fabric, fabric-api, fabric-api-base, fabric-api-lookup-api-v1, fabric-biome-api-v1, fabric-block-api-v1, fabric-block-view-api-v2, fabric-blockrenderlayer-v1, fabric-client-tags-api-v1, fabric-command-api-v1, fabric-command-api-v2, fabric-commands-v0, fabric-content-registries-v0, fabric-convention-tags-v1, fabric-convention-tags-v2, fabric-crash-report-info-v1, fabric-data-attachment-api-v1, fabric-data-generation-api-v1, fabric-dimensions-v1, fabric-entity-events-v1, fabric-events-interaction-v0, fabric-game-rule-api-v1, fabric-gametest-api-v1, fabric-item-api-v1, fabric-item-group-api-v1]
[14:38:55] [Render thread/DEBUG] (net.fabricmc.fabric.impl.resource.loader.ModResourcePackUtil) [Fabric] cur @ fabric, auto-enabled fabric-key-binding-api-v1, currently enabled: [vanilla, fabric, fabric-api, fabric-api-base, fabric-api-lookup-api-v1, fabric-biome-api-v1, fabric-block-api-v1, fabric-block-view-api-v2, fabric-blockrenderlayer-v1, fabric-client-tags-api-v1, fabric-command-api-v1, fabric-command-api-v2, fabric-commands-v0, fabric-content-registries-v0, fabric-convention-tags-v1, fabric-convention-tags-v2, fabric-crash-report-info-v1, fabric-data-attachment-api-v1, fabric-data-generation-api-v1, fabric-dimensions-v1, fabric-entity-events-v1, fabric-events-interaction-v0, fabric-game-rule-api-v1, fabric-gametest-api-v1, fabric-item-api-v1, fabric-item-group-api-v1, fabric-key-binding-api-v1]
[14:38:55] [Render thread/DEBUG] (net.fabricmc.fabric.impl.resource.loader.ModResourcePackUtil) [Fabric] cur @ fabric, auto-enabled fabric-keybindings-v0, currently enabled: [vanilla, fabric, fabric-api, fabric-api-base, fabric-api-lookup-api-v1, fabric-biome-api-v1, fabric-block-api-v1, fabric-block-view-api-v2, fabric-blockrenderlayer-v1, fabric-client-tags-api-v1, fabric-command-api-v1, fabric-command-api-v2, fabric-commands-v0, fabric-content-registries-v0, fabric-convention-tags-v1, fabric-convention-tags-v2, fabric-crash-report-info-v1, fabric-data-attachment-api-v1, fabric-data-generation-api-v1, fabric-dimensions-v1, fabric-entity-events-v1, fabric-events-interaction-v0, fabric-game-rule-api-v1, fabric-gametest-api-v1, fabric-item-api-v1, fabric-item-group-api-v1, fabric-key-binding-api-v1, fabric-keybindings-v0]
[14:38:55] [Render thread/DEBUG] (net.fabricmc.fabric.impl.resource.loader.ModResourcePackUtil) [Fabric] cur @ fabric, auto-enabled fabric-lifecycle-events-v1, currently enabled: [vanilla, fabric, fabric-api, fabric-api-base, fabric-api-lookup-api-v1, fabric-biome-api-v1, fabric-block-api-v1, fabric-block-view-api-v2, fabric-blockrenderlayer-v1, fabric-client-tags-api-v1, fabric-command-api-v1, fabric-command-api-v2, fabric-commands-v0, fabric-content-registries-v0, fabric-convention-tags-v1, fabric-convention-tags-v2, fabric-crash-report-info-v1, fabric-data-attachment-api-v1, fabric-data-generation-api-v1, fabric-dimensions-v1, fabric-entity-events-v1, fabric-events-interaction-v0, fabric-game-rule-api-v1, fabric-gametest-api-v1, fabric-item-api-v1, fabric-item-group-api-v1, fabric-key-binding-api-v1, fabric-keybindings-v0, fabric-lifecycle-events-v1]
[14:38:55] [Render thread/DEBUG] (net.fabricmc.fabric.impl.resource.loader.ModResourcePackUtil) [Fabric] cur @ fabric, auto-enabled fabric-loot-api-v2, currently enabled: [vanilla, fabric, fabric-api, fabric-api-base, fabric-api-lookup-api-v1, fabric-biome-api-v1, fabric-block-api-v1, fabric-block-view-api-v2, fabric-blockrenderlayer-v1, fabric-client-tags-api-v1, fabric-command-api-v1, fabric-command-api-v2, fabric-commands-v0, fabric-content-registries-v0, fabric-convention-tags-v1, fabric-convention-tags-v2, fabric-crash-report-info-v1, fabric-data-attachment-api-v1, fabric-data-generation-api-v1, fabric-dimensions-v1, fabric-entity-events-v1, fabric-events-interaction-v0, fabric-game-rule-api-v1, fabric-gametest-api-v1, fabric-item-api-v1, fabric-item-group-api-v1, fabric-key-binding-api-v1, fabric-keybindings-v0, fabric-lifecycle-events-v1, fabric-loot-api-v2]
[14:38:55] [Render thread/DEBUG] (net.fabricmc.fabric.impl.resource.loader.ModResourcePackUtil) [Fabric] cur @ fabric, auto-enabled fabric-message-api-v1, currently enabled: [vanilla, fabric, fabric-api, fabric-api-base, fabric-api-lookup-api-v1, fabric-biome-api-v1, fabric-block-api-v1, fabric-block-view-api-v2, fabric-blockrenderlayer-v1, fabric-client-tags-api-v1, fabric-command-api-v1, fabric-command-api-v2, fabric-commands-v0, fabric-content-registries-v0, fabric-convention-tags-v1, fabric-convention-tags-v2, fabric-crash-report-info-v1, fabric-data-attachment-api-v1, fabric-data-generation-api-v1, fabric-dimensions-v1, fabric-entity-events-v1, fabric-events-interaction-v0, fabric-game-rule-api-v1, fabric-gametest-api-v1, fabric-item-api-v1, fabric-item-group-api-v1, fabric-key-binding-api-v1, fabric-keybindings-v0, fabric-lifecycle-events-v1, fabric-loot-api-v2, fabric-message-api-v1]
[14:38:55] [Render thread/DEBUG] (net.fabricmc.fabric.impl.resource.loader.ModResourcePackUtil) [Fabric] cur @ fabric, auto-enabled fabric-model-loading-api-v1, currently enabled: [vanilla, fabric, fabric-api, fabric-api-base, fabric-api-lookup-api-v1, fabric-biome-api-v1, fabric-block-api-v1, fabric-block-view-api-v2, fabric-blockrenderlayer-v1, fabric-client-tags-api-v1, fabric-command-api-v1, fabric-command-api-v2, fabric-commands-v0, fabric-content-registries-v0, fabric-convention-tags-v1, fabric-convention-tags-v2, fabric-crash-report-info-v1, fabric-data-attachment-api-v1, fabric-data-generation-api-v1, fabric-dimensions-v1, fabric-entity-events-v1, fabric-events-interaction-v0, fabric-game-rule-api-v1, fabric-gametest-api-v1, fabric-item-api-v1, fabric-item-group-api-v1, fabric-key-binding-api-v1, fabric-keybindings-v0, fabric-lifecycle-events-v1, fabric-loot-api-v2, fabric-message-api-v1, fabric-model-loading-api-v1]
[14:38:55] [Render thread/DEBUG] (net.fabricmc.fabric.impl.resource.loader.ModResourcePackUtil) [Fabric] cur @ fabric, auto-enabled fabric-networking-api-v1, currently enabled: [vanilla, fabric, fabric-api, fabric-api-base, fabric-api-lookup-api-v1, fabric-biome-api-v1, fabric-block-api-v1, fabric-block-view-api-v2, fabric-blockrenderlayer-v1, fabric-client-tags-api-v1, fabric-command-api-v1, fabric-command-api-v2, fabric-commands-v0, fabric-content-registries-v0, fabric-convention-tags-v1, fabric-convention-tags-v2, fabric-crash-report-info-v1, fabric-data-attachment-api-v1, fabric-data-generation-api-v1, fabric-dimensions-v1, fabric-entity-events-v1, fabric-events-interaction-v0, fabric-game-rule-api-v1, fabric-gametest-api-v1, fabric-item-api-v1, fabric-item-group-api-v1, fabric-key-binding-api-v1, fabric-keybindings-v0, fabric-lifecycle-events-v1, fabric-loot-api-v2, fabric-message-api-v1, fabric-model-loading-api-v1, fabric-networking-api-v1]
[14:38:55] [Render thread/DEBUG] (net.fabricmc.fabric.impl.resource.loader.ModResourcePackUtil) [Fabric] cur @ fabric, auto-enabled fabric-object-builder-api-v1, currently enabled: [vanilla, fabric, fabric-api, fabric-api-base, fabric-api-lookup-api-v1, fabric-biome-api-v1, fabric-block-api-v1, fabric-block-view-api-v2, fabric-blockrenderlayer-v1, fabric-client-tags-api-v1, fabric-command-api-v1, fabric-command-api-v2, fabric-commands-v0, fabric-content-registries-v0, fabric-convention-tags-v1, fabric-convention-tags-v2, fabric-crash-report-info-v1, fabric-data-attachment-api-v1, fabric-data-generation-api-v1, fabric-dimensions-v1, fabric-entity-events-v1, fabric-events-interaction-v0, fabric-game-rule-api-v1, fabric-gametest-api-v1, fabric-item-api-v1, fabric-item-group-api-v1, fabric-key-binding-api-v1, fabric-keybindings-v0, fabric-lifecycle-events-v1, fabric-loot-api-v2, fabric-message-api-v1, fabric-model-loading-api-v1, fabric-networking-api-v1, fabric-object-builder-api-v1]
[14:38:55] [Render thread/DEBUG] (net.fabricmc.fabric.impl.resource.loader.ModResourcePackUtil) [Fabric] cur @ fabric, auto-enabled fabric-particles-v1, currently enabled: [vanilla, fabric, fabric-api, fabric-api-base, fabric-api-lookup-api-v1, fabric-biome-api-v1, fabric-block-api-v1, fabric-block-view-api-v2, fabric-blockrenderlayer-v1, fabric-client-tags-api-v1, fabric-command-api-v1, fabric-command-api-v2, fabric-commands-v0, fabric-content-registries-v0, fabric-convention-tags-v1, fabric-convention-tags-v2, fabric-crash-report-info-v1, fabric-data-attachment-api-v1, fabric-data-generation-api-v1, fabric-dimensions-v1, fabric-entity-events-v1, fabric-events-interaction-v0, fabric-game-rule-api-v1, fabric-gametest-api-v1, fabric-item-api-v1, fabric-item-group-api-v1, fabric-key-binding-api-v1, fabric-keybindings-v0, fabric-lifecycle-events-v1, fabric-loot-api-v2, fabric-message-api-v1, fabric-model-loading-api-v1, fabric-networking-api-v1, fabric-object-builder-api-v1, fabric-particles-v1]
[14:38:55] [Render thread/DEBUG] (net.fabricmc.fabric.impl.resource.loader.ModResourcePackUtil) [Fabric] cur @ fabric, auto-enabled fabric-recipe-api-v1, currently enabled: [vanilla, fabric, fabric-api, fabric-api-base, fabric-api-lookup-api-v1, fabric-biome-api-v1, fabric-block-api-v1, fabric-block-view-api-v2, fabric-blockrenderlayer-v1, fabric-client-tags-api-v1, fabric-command-api-v1, fabric-command-api-v2, fabric-commands-v0, fabric-content-registries-v0, fabric-convention-tags-v1, fabric-convention-tags-v2, fabric-crash-report-info-v1, fabric-data-attachment-api-v1, fabric-data-generation-api-v1, fabric-dimensions-v1, fabric-entity-events-v1, fabric-events-interaction-v0, fabric-game-rule-api-v1, fabric-gametest-api-v1, fabric-item-api-v1, fabric-item-group-api-v1, fabric-key-binding-api-v1, fabric-keybindings-v0, fabric-lifecycle-events-v1, fabric-loot-api-v2, fabric-message-api-v1, fabric-model-loading-api-v1, fabric-networking-api-v1, fabric-object-builder-api-v1, fabric-particles-v1, fabric-recipe-api-v1]
[14:38:55] [Render thread/DEBUG] (net.fabricmc.fabric.impl.resource.loader.ModResourcePackUtil) [Fabric] cur @ fabric, auto-enabled fabric-registry-sync-v0, currently enabled: [vanilla, fabric, fabric-api, fabric-api-base, fabric-api-lookup-api-v1, fabric-biome-api-v1, fabric-block-api-v1, fabric-block-view-api-v2, fabric-blockrenderlayer-v1, fabric-client-tags-api-v1, fabric-command-api-v1, fabric-command-api-v2, fabric-commands-v0, fabric-content-registries-v0, fabric-convention-tags-v1, fabric-convention-tags-v2, fabric-crash-report-info-v1, fabric-data-attachment-api-v1, fabric-data-generation-api-v1, fabric-dimensions-v1, fabric-entity-events-v1, fabric-events-interaction-v0, fabric-game-rule-api-v1, fabric-gametest-api-v1, fabric-item-api-v1, fabric-item-group-api-v1, fabric-key-binding-api-v1, fabric-keybindings-v0, fabric-lifecycle-events-v1, fabric-loot-api-v2, fabric-message-api-v1, fabric-model-loading-api-v1, fabric-networking-api-v1, fabric-object-builder-api-v1, fabric-particles-v1, fabric-recipe-api-v1, fabric-registry-sync-v0]
[14:38:55] [Render thread/DEBUG] (net.fabricmc.fabric.impl.resource.loader.ModResourcePackUtil) [Fabric] cur @ fabric, auto-enabled fabric-renderer-api-v1, currently enabled: [vanilla, fabric, fabric-api, fabric-api-base, fabric-api-lookup-api-v1, fabric-biome-api-v1, fabric-block-api-v1, fabric-block-view-api-v2, fabric-blockrenderlayer-v1, fabric-client-tags-api-v1, fabric-command-api-v1, fabric-command-api-v2, fabric-commands-v0, fabric-content-registries-v0, fabric-convention-tags-v1, fabric-convention-tags-v2, fabric-crash-report-info-v1, fabric-data-attachment-api-v1, fabric-data-generation-api-v1, fabric-dimensions-v1, fabric-entity-events-v1, fabric-events-interaction-v0, fabric-game-rule-api-v1, fabric-gametest-api-v1, fabric-item-api-v1, fabric-item-group-api-v1, fabric-key-binding-api-v1, fabric-keybindings-v0, fabric-lifecycle-events-v1, fabric-loot-api-v2, fabric-message-api-v1, fabric-model-loading-api-v1, fabric-networking-api-v1, fabric-object-builder-api-v1, fabric-particles-v1, fabric-recipe-api-v1, fabric-registry-sync-v0, fabric-renderer-api-v1]
[14:38:55] [Render thread/DEBUG] (net.fabricmc.fabric.impl.resource.loader.ModResourcePackUtil) [Fabric] cur @ fabric, auto-enabled fabric-renderer-indigo, currently enabled: [vanilla, fabric, fabric-api, fabric-api-base, fabric-api-lookup-api-v1, fabric-biome-api-v1, fabric-block-api-v1, fabric-block-view-api-v2, fabric-blockrenderlayer-v1, fabric-client-tags-api-v1, fabric-command-api-v1, fabric-command-api-v2, fabric-commands-v0, fabric-content-registries-v0, fabric-convention-tags-v1, fabric-convention-tags-v2, fabric-crash-report-info-v1, fabric-data-attachment-api-v1, fabric-data-generation-api-v1, fabric-dimensions-v1, fabric-entity-events-v1, fabric-events-interaction-v0, fabric-game-rule-api-v1, fabric-gametest-api-v1, fabric-item-api-v1, fabric-item-group-api-v1, fabric-key-binding-api-v1, fabric-keybindings-v0, fabric-lifecycle-events-v1, fabric-loot-api-v2, fabric-message-api-v1, fabric-model-loading-api-v1, fabric-networking-api-v1, fabric-object-builder-api-v1, fabric-particles-v1, fabric-recipe-api-v1, fabric-registry-sync-v0, fabric-renderer-api-v1, fabric-renderer-indigo]
[14:38:55] [Render thread/DEBUG] (net.fabricmc.fabric.impl.resource.loader.ModResourcePackUtil) [Fabric] cur @ fabric, auto-enabled fabric-renderer-registries-v1, currently enabled: [vanilla, fabric, fabric-api, fabric-api-base, fabric-api-lookup-api-v1, fabric-biome-api-v1, fabric-block-api-v1, fabric-block-view-api-v2, fabric-blockrenderlayer-v1, fabric-client-tags-api-v1, fabric-command-api-v1, fabric-command-api-v2, fabric-commands-v0, fabric-content-registries-v0, fabric-convention-tags-v1, fabric-convention-tags-v2, fabric-crash-report-info-v1, fabric-data-attachment-api-v1, fabric-data-generation-api-v1, fabric-dimensions-v1, fabric-entity-events-v1, fabric-events-interaction-v0, fabric-game-rule-api-v1, fabric-gametest-api-v1, fabric-item-api-v1, fabric-item-group-api-v1, fabric-key-binding-api-v1, fabric-keybindings-v0, fabric-lifecycle-events-v1, fabric-loot-api-v2, fabric-message-api-v1, fabric-model-loading-api-v1, fabric-networking-api-v1, fabric-object-builder-api-v1, fabric-particles-v1, fabric-recipe-api-v1, fabric-registry-sync-v0, fabric-renderer-api-v1, fabric-renderer-indigo, fabric-renderer-registries-v1]
[14:38:55] [Render thread/DEBUG] (net.fabricmc.fabric.impl.resource.loader.ModResourcePackUtil) [Fabric] cur @ fabric, auto-enabled fabric-rendering-data-attachment-v1, currently enabled: [vanilla, fabric, fabric-api, fabric-api-base, fabric-api-lookup-api-v1, fabric-biome-api-v1, fabric-block-api-v1, fabric-block-view-api-v2, fabric-blockrenderlayer-v1, fabric-client-tags-api-v1, fabric-command-api-v1, fabric-command-api-v2, fabric-commands-v0, fabric-content-registries-v0, fabric-convention-tags-v1, fabric-convention-tags-v2, fabric-crash-report-info-v1, fabric-data-attachment-api-v1, fabric-data-generation-api-v1, fabric-dimensions-v1, fabric-entity-events-v1, fabric-events-interaction-v0, fabric-game-rule-api-v1, fabric-gametest-api-v1, fabric-item-api-v1, fabric-item-group-api-v1, fabric-key-binding-api-v1, fabric-keybindings-v0, fabric-lifecycle-events-v1, fabric-loot-api-v2, fabric-message-api-v1, fabric-model-loading-api-v1, fabric-networking-api-v1, fabric-object-builder-api-v1, fabric-particles-v1, fabric-recipe-api-v1, fabric-registry-sync-v0, fabric-renderer-api-v1, fabric-renderer-indigo, fabric-renderer-registries-v1, fabric-rendering-data-attachment-v1]
[14:38:55] [Render thread/DEBUG] (net.fabricmc.fabric.impl.resource.loader.ModResourcePackUtil) [Fabric] cur @ fabric, auto-enabled fabric-rendering-fluids-v1, currently enabled: [vanilla, fabric, fabric-api, fabric-api-base, fabric-api-lookup-api-v1, fabric-biome-api-v1, fabric-block-api-v1, fabric-block-view-api-v2, fabric-blockrenderlayer-v1, fabric-client-tags-api-v1, fabric-command-api-v1, fabric-command-api-v2, fabric-commands-v0, fabric-content-registries-v0, fabric-convention-tags-v1, fabric-convention-tags-v2, fabric-crash-report-info-v1, fabric-data-attachment-api-v1, fabric-data-generation-api-v1, fabric-dimensions-v1, fabric-entity-events-v1, fabric-events-interaction-v0, fabric-game-rule-api-v1, fabric-gametest-api-v1, fabric-item-api-v1, fabric-item-group-api-v1, fabric-key-binding-api-v1, fabric-keybindings-v0, fabric-lifecycle-events-v1, fabric-loot-api-v2, fabric-message-api-v1, fabric-model-loading-api-v1, fabric-networking-api-v1, fabric-object-builder-api-v1, fabric-particles-v1, fabric-recipe-api-v1, fabric-registry-sync-v0, fabric-renderer-api-v1, fabric-renderer-indigo, fabric-renderer-registries-v1, fabric-rendering-data-attachment-v1, fabric-rendering-fluids-v1]
[14:38:55] [Render thread/DEBUG] (net.fabricmc.fabric.impl.resource.loader.ModResourcePackUtil) [Fabric] cur @ fabric, auto-enabled fabric-rendering-v0, currently enabled: [vanilla, fabric, fabric-api, fabric-api-base, fabric-api-lookup-api-v1, fabric-biome-api-v1, fabric-block-api-v1, fabric-block-view-api-v2, fabric-blockrenderlayer-v1, fabric-client-tags-api-v1, fabric-command-api-v1, fabric-command-api-v2, fabric-commands-v0, fabric-content-registries-v0, fabric-convention-tags-v1, fabric-convention-tags-v2, fabric-crash-report-info-v1, fabric-data-attachment-api-v1, fabric-data-generation-api-v1, fabric-dimensions-v1, fabric-entity-events-v1, fabric-events-interaction-v0, fabric-game-rule-api-v1, fabric-gametest-api-v1, fabric-item-api-v1, fabric-item-group-api-v1, fabric-key-binding-api-v1, fabric-keybindings-v0, fabric-lifecycle-events-v1, fabric-loot-api-v2, fabric-message-api-v1, fabric-model-loading-api-v1, fabric-networking-api-v1, fabric-object-builder-api-v1, fabric-particles-v1, fabric-recipe-api-v1, fabric-registry-sync-v0, fabric-renderer-api-v1, fabric-renderer-indigo, fabric-renderer-registries-v1, fabric-rendering-data-attachment-v1, fabric-rendering-fluids-v1, fabric-rendering-v0]
[14:38:55] [Render thread/DEBUG] (net.fabricmc.fabric.impl.resource.loader.ModResourcePackUtil) [Fabric] cur @ fabric, auto-enabled fabric-rendering-v1, currently enabled: [vanilla, fabric, fabric-api, fabric-api-base, fabric-api-lookup-api-v1, fabric-biome-api-v1, fabric-block-api-v1, fabric-block-view-api-v2, fabric-blockrenderlayer-v1, fabric-client-tags-api-v1, fabric-command-api-v1, fabric-command-api-v2, fabric-commands-v0, fabric-content-registries-v0, fabric-convention-tags-v1, fabric-convention-tags-v2, fabric-crash-report-info-v1, fabric-data-attachment-api-v1, fabric-data-generation-api-v1, fabric-dimensions-v1, fabric-entity-events-v1, fabric-events-interaction-v0, fabric-game-rule-api-v1, fabric-gametest-api-v1, fabric-item-api-v1, fabric-item-group-api-v1, fabric-key-binding-api-v1, fabric-keybindings-v0, fabric-lifecycle-events-v1, fabric-loot-api-v2, fabric-message-api-v1, fabric-model-loading-api-v1, fabric-networking-api-v1, fabric-object-builder-api-v1, fabric-particles-v1, fabric-recipe-api-v1, fabric-registry-sync-v0, fabric-renderer-api-v1, fabric-renderer-indigo, fabric-renderer-registries-v1, fabric-rendering-data-attachment-v1, fabric-rendering-fluids-v1, fabric-rendering-v0, fabric-rendering-v1]
[14:38:55] [Render thread/DEBUG] (net.fabricmc.fabric.impl.resource.loader.ModResourcePackUtil) [Fabric] cur @ fabric, auto-enabled fabric-resource-conditions-api-v1, currently enabled: [vanilla, fabric, fabric-api, fabric-api-base, fabric-api-lookup-api-v1, fabric-biome-api-v1, fabric-block-api-v1, fabric-block-view-api-v2, fabric-blockrenderlayer-v1, fabric-client-tags-api-v1, fabric-command-api-v1, fabric-command-api-v2, fabric-commands-v0, fabric-content-registries-v0, fabric-convention-tags-v1, fabric-convention-tags-v2, fabric-crash-report-info-v1, fabric-data-attachment-api-v1, fabric-data-generation-api-v1, fabric-dimensions-v1, fabric-entity-events-v1, fabric-events-interaction-v0, fabric-game-rule-api-v1, fabric-gametest-api-v1, fabric-item-api-v1, fabric-item-group-api-v1, fabric-key-binding-api-v1, fabric-keybindings-v0, fabric-lifecycle-events-v1, fabric-loot-api-v2, fabric-message-api-v1, fabric-model-loading-api-v1, fabric-networking-api-v1, fabric-object-builder-api-v1, fabric-particles-v1, fabric-recipe-api-v1, fabric-registry-sync-v0, fabric-renderer-api-v1, fabric-renderer-indigo, fabric-renderer-registries-v1, fabric-rendering-data-attachment-v1, fabric-rendering-fluids-v1, fabric-rendering-v0, fabric-rendering-v1, fabric-resource-conditions-api-v1]
[14:38:55] [Render thread/DEBUG] (net.fabricmc.fabric.impl.resource.loader.ModResourcePackUtil) [Fabric] cur @ fabric, auto-enabled fabric-resource-loader-v0, currently enabled: [vanilla, fabric, fabric-api, fabric-api-base, fabric-api-lookup-api-v1, fabric-biome-api-v1, fabric-block-api-v1, fabric-block-view-api-v2, fabric-blockrenderlayer-v1, fabric-client-tags-api-v1, fabric-command-api-v1, fabric-command-api-v2, fabric-commands-v0, fabric-content-registries-v0, fabric-convention-tags-v1, fabric-convention-tags-v2, fabric-crash-report-info-v1, fabric-data-attachment-api-v1, fabric-data-generation-api-v1, fabric-dimensions-v1, fabric-entity-events-v1, fabric-events-interaction-v0, fabric-game-rule-api-v1, fabric-gametest-api-v1, fabric-item-api-v1, fabric-item-group-api-v1, fabric-key-binding-api-v1, fabric-keybindings-v0, fabric-lifecycle-events-v1, fabric-loot-api-v2, fabric-message-api-v1, fabric-model-loading-api-v1, fabric-networking-api-v1, fabric-object-builder-api-v1, fabric-particles-v1, fabric-recipe-api-v1, fabric-registry-sync-v0, fabric-renderer-api-v1, fabric-renderer-indigo, fabric-renderer-registries-v1, fabric-rendering-data-attachment-v1, fabric-rendering-fluids-v1, fabric-rendering-v0, fabric-rendering-v1, fabric-resource-conditions-api-v1, fabric-resource-loader-v0]
[14:38:55] [Render thread/DEBUG] (net.fabricmc.fabric.impl.resource.loader.ModResourcePackUtil) [Fabric] cur @ fabric, auto-enabled fabric-screen-api-v1, currently enabled: [vanilla, fabric, fabric-api, fabric-api-base, fabric-api-lookup-api-v1, fabric-biome-api-v1, fabric-block-api-v1, fabric-block-view-api-v2, fabric-blockrenderlayer-v1, fabric-client-tags-api-v1, fabric-command-api-v1, fabric-command-api-v2, fabric-commands-v0, fabric-content-registries-v0, fabric-convention-tags-v1, fabric-convention-tags-v2, fabric-crash-report-info-v1, fabric-data-attachment-api-v1, fabric-data-generation-api-v1, fabric-dimensions-v1, fabric-entity-events-v1, fabric-events-interaction-v0, fabric-game-rule-api-v1, fabric-gametest-api-v1, fabric-item-api-v1, fabric-item-group-api-v1, fabric-key-binding-api-v1, fabric-keybindings-v0, fabric-lifecycle-events-v1, fabric-loot-api-v2, fabric-message-api-v1, fabric-model-loading-api-v1, fabric-networking-api-v1, fabric-object-builder-api-v1, fabric-particles-v1, fabric-recipe-api-v1, fabric-registry-sync-v0, fabric-renderer-api-v1, fabric-renderer-indigo, fabric-renderer-registries-v1, fabric-rendering-data-attachment-v1, fabric-rendering-fluids-v1, fabric-rendering-v0, fabric-rendering-v1, fabric-resource-conditions-api-v1, fabric-resource-loader-v0, fabric-screen-api-v1]
[14:38:55] [Render thread/DEBUG] (net.fabricmc.fabric.impl.resource.loader.ModResourcePackUtil) [Fabric] cur @ fabric, auto-enabled fabric-screen-handler-api-v1, currently enabled: [vanilla, fabric, fabric-api, fabric-api-base, fabric-api-lookup-api-v1, fabric-biome-api-v1, fabric-block-api-v1, fabric-block-view-api-v2, fabric-blockrenderlayer-v1, fabric-client-tags-api-v1, fabric-command-api-v1, fabric-command-api-v2, fabric-commands-v0, fabric-content-registries-v0, fabric-convention-tags-v1, fabric-convention-tags-v2, fabric-crash-report-info-v1, fabric-data-attachment-api-v1, fabric-data-generation-api-v1, fabric-dimensions-v1, fabric-entity-events-v1, fabric-events-interaction-v0, fabric-game-rule-api-v1, fabric-gametest-api-v1, fabric-item-api-v1, fabric-item-group-api-v1, fabric-key-binding-api-v1, fabric-keybindings-v0, fabric-lifecycle-events-v1, fabric-loot-api-v2, fabric-message-api-v1, fabric-model-loading-api-v1, fabric-networking-api-v1, fabric-object-builder-api-v1, fabric-particles-v1, fabric-recipe-api-v1, fabric-registry-sync-v0, fabric-renderer-api-v1, fabric-renderer-indigo, fabric-renderer-registries-v1, fabric-rendering-data-attachment-v1, fabric-rendering-fluids-v1, fabric-rendering-v0, fabric-rendering-v1, fabric-resource-conditions-api-v1, fabric-resource-loader-v0, fabric-screen-api-v1, fabric-screen-handler-api-v1]
[14:38:55] [Render thread/DEBUG] (net.fabricmc.fabric.impl.resource.loader.ModResourcePackUtil) [Fabric] cur @ fabric, auto-enabled fabric-sound-api-v1, currently enabled: [vanilla, fabric, fabric-api, fabric-api-base, fabric-api-lookup-api-v1, fabric-biome-api-v1, fabric-block-api-v1, fabric-block-view-api-v2, fabric-blockrenderlayer-v1, fabric-client-tags-api-v1, fabric-command-api-v1, fabric-command-api-v2, fabric-commands-v0, fabric-content-registries-v0, fabric-convention-tags-v1, fabric-convention-tags-v2, fabric-crash-report-info-v1, fabric-data-attachment-api-v1, fabric-data-generation-api-v1, fabric-dimensions-v1, fabric-entity-events-v1, fabric-events-interaction-v0, fabric-game-rule-api-v1, fabric-gametest-api-v1, fabric-item-api-v1, fabric-item-group-api-v1, fabric-key-binding-api-v1, fabric-keybindings-v0, fabric-lifecycle-events-v1, fabric-loot-api-v2, fabric-message-api-v1, fabric-model-loading-api-v1, fabric-networking-api-v1, fabric-object-builder-api-v1, fabric-particles-v1, fabric-recipe-api-v1, fabric-registry-sync-v0, fabric-renderer-api-v1, fabric-renderer-indigo, fabric-renderer-registries-v1, fabric-rendering-data-attachment-v1, fabric-rendering-fluids-v1, fabric-rendering-v0, fabric-rendering-v1, fabric-resource-conditions-api-v1, fabric-resource-loader-v0, fabric-screen-api-v1, fabric-screen-handler-api-v1, fabric-sound-api-v1]
[14:38:55] [Render thread/DEBUG] (net.fabricmc.fabric.impl.resource.loader.ModResourcePackUtil) [Fabric] cur @ fabric, auto-enabled fabric-transfer-api-v1, currently enabled: [vanilla, fabric, fabric-api, fabric-api-base, fabric-api-lookup-api-v1, fabric-biome-api-v1, fabric-block-api-v1, fabric-block-view-api-v2, fabric-blockrenderlayer-v1, fabric-client-tags-api-v1, fabric-command-api-v1, fabric-command-api-v2, fabric-commands-v0, fabric-content-registries-v0, fabric-convention-tags-v1, fabric-convention-tags-v2, fabric-crash-report-info-v1, fabric-data-attachment-api-v1, fabric-data-generation-api-v1, fabric-dimensions-v1, fabric-entity-events-v1, fabric-events-interaction-v0, fabric-game-rule-api-v1, fabric-gametest-api-v1, fabric-item-api-v1, fabric-item-group-api-v1, fabric-key-binding-api-v1, fabric-keybindings-v0, fabric-lifecycle-events-v1, fabric-loot-api-v2, fabric-message-api-v1, fabric-model-loading-api-v1, fabric-networking-api-v1, fabric-object-builder-api-v1, fabric-particles-v1, fabric-recipe-api-v1, fabric-registry-sync-v0, fabric-renderer-api-v1, fabric-renderer-indigo, fabric-renderer-registries-v1, fabric-rendering-data-attachment-v1, fabric-rendering-fluids-v1, fabric-rendering-v0, fabric-rendering-v1, fabric-resource-conditions-api-v1, fabric-resource-loader-v0, fabric-screen-api-v1, fabric-screen-handler-api-v1, fabric-sound-api-v1, fabric-transfer-api-v1]
[14:38:55] [Render thread/DEBUG] (net.fabricmc.fabric.impl.resource.loader.ModResourcePackUtil) [Fabric] cur @ fabric, auto-enabled fabric-transitive-access-wideners-v1, currently enabled: [vanilla, fabric, fabric-api, fabric-api-base, fabric-api-lookup-api-v1, fabric-biome-api-v1, fabric-block-api-v1, fabric-block-view-api-v2, fabric-blockrenderlayer-v1, fabric-client-tags-api-v1, fabric-command-api-v1, fabric-command-api-v2, fabric-commands-v0, fabric-content-registries-v0, fabric-convention-tags-v1, fabric-convention-tags-v2, fabric-crash-report-info-v1, fabric-data-attachment-api-v1, fabric-data-generation-api-v1, fabric-dimensions-v1, fabric-entity-events-v1, fabric-events-interaction-v0, fabric-game-rule-api-v1, fabric-gametest-api-v1, fabric-item-api-v1, fabric-item-group-api-v1, fabric-key-binding-api-v1, fabric-keybindings-v0, fabric-lifecycle-events-v1, fabric-loot-api-v2, fabric-message-api-v1, fabric-model-loading-api-v1, fabric-networking-api-v1, fabric-object-builder-api-v1, fabric-particles-v1, fabric-recipe-api-v1, fabric-registry-sync-v0, fabric-renderer-api-v1, fabric-renderer-indigo, fabric-renderer-registries-v1, fabric-rendering-data-attachment-v1, fabric-rendering-fluids-v1, fabric-rendering-v0, fabric-rendering-v1, fabric-resource-conditions-api-v1, fabric-resource-loader-v0, fabric-screen-api-v1, fabric-screen-handler-api-v1, fabric-sound-api-v1, fabric-transfer-api-v1, fabric-transitive-access-wideners-v1]
[14:38:55] [Render thread/DEBUG] (net.fabricmc.fabric.impl.resource.loader.ModResourcePackUtil) [Fabric] cur @ fabric, auto-enabled fabricloader, currently enabled: [vanilla, fabric, fabric-api, fabric-api-base, fabric-api-lookup-api-v1, fabric-biome-api-v1, fabric-block-api-v1, fabric-block-view-api-v2, fabric-blockrenderlayer-v1, fabric-client-tags-api-v1, fabric-command-api-v1, fabric-command-api-v2, fabric-commands-v0, fabric-content-registries-v0, fabric-convention-tags-v1, fabric-convention-tags-v2, fabric-crash-report-info-v1, fabric-data-attachment-api-v1, fabric-data-generation-api-v1, fabric-dimensions-v1, fabric-entity-events-v1, fabric-events-interaction-v0, fabric-game-rule-api-v1, fabric-gametest-api-v1, fabric-item-api-v1, fabric-item-group-api-v1, fabric-key-binding-api-v1, fabric-keybindings-v0, fabric-lifecycle-events-v1, fabric-loot-api-v2, fabric-message-api-v1, fabric-model-loading-api-v1, fabric-networking-api-v1, fabric-object-builder-api-v1, fabric-particles-v1, fabric-recipe-api-v1, fabric-registry-sync-v0, fabric-renderer-api-v1, fabric-renderer-indigo, fabric-renderer-registries-v1, fabric-rendering-data-attachment-v1, fabric-rendering-fluids-v1, fabric-rendering-v0, fabric-rendering-v1, fabric-resource-conditions-api-v1, fabric-resource-loader-v0, fabric-screen-api-v1, fabric-screen-handler-api-v1, fabric-sound-api-v1, fabric-transfer-api-v1, fabric-transitive-access-wideners-v1, fabricloader]
[14:38:55] [Render thread/DEBUG] (net.fabricmc.fabric.impl.resource.loader.ModResourcePackUtil) [Fabric] cur @ fabric, auto-enabled yapping_tooltips, currently enabled: [vanilla, fabric, fabric-api, fabric-api-base, fabric-api-lookup-api-v1, fabric-biome-api-v1, fabric-block-api-v1, fabric-block-view-api-v2, fabric-blockrenderlayer-v1, fabric-client-tags-api-v1, fabric-command-api-v1, fabric-command-api-v2, fabric-commands-v0, fabric-content-registries-v0, fabric-convention-tags-v1, fabric-convention-tags-v2, fabric-crash-report-info-v1, fabric-data-attachment-api-v1, fabric-data-generation-api-v1, fabric-dimensions-v1, fabric-entity-events-v1, fabric-events-interaction-v0, fabric-game-rule-api-v1, fabric-gametest-api-v1, fabric-item-api-v1, fabric-item-group-api-v1, fabric-key-binding-api-v1, fabric-keybindings-v0, fabric-lifecycle-events-v1, fabric-loot-api-v2, fabric-message-api-v1, fabric-model-loading-api-v1, fabric-networking-api-v1, fabric-object-builder-api-v1, fabric-particles-v1, fabric-recipe-api-v1, fabric-registry-sync-v0, fabric-renderer-api-v1, fabric-renderer-indigo, fabric-renderer-registries-v1, fabric-rendering-data-attachment-v1, fabric-rendering-fluids-v1, fabric-rendering-v0, fabric-rendering-v1, fabric-resource-conditions-api-v1, fabric-resource-loader-v0, fabric-screen-api-v1, fabric-screen-handler-api-v1, fabric-sound-api-v1, fabric-transfer-api-v1, fabric-transitive-access-wideners-v1, fabricloader, yapping_tooltips]
[14:38:55] [Render thread/DEBUG] (net.fabricmc.fabric.impl.resource.loader.ModResourcePackUtil) [Fabric] Final sorting result: [vanilla, fabric, fabric-api, fabric-api-base, fabric-api-lookup-api-v1, fabric-biome-api-v1, fabric-block-api-v1, fabric-block-view-api-v2, fabric-blockrenderlayer-v1, fabric-client-tags-api-v1, fabric-command-api-v1, fabric-command-api-v2, fabric-commands-v0, fabric-content-registries-v0, fabric-convention-tags-v1, fabric-convention-tags-v2, fabric-crash-report-info-v1, fabric-data-attachment-api-v1, fabric-data-generation-api-v1, fabric-dimensions-v1, fabric-entity-events-v1, fabric-events-interaction-v0, fabric-game-rule-api-v1, fabric-gametest-api-v1, fabric-item-api-v1, fabric-item-group-api-v1, fabric-key-binding-api-v1, fabric-keybindings-v0, fabric-lifecycle-events-v1, fabric-loot-api-v2, fabric-message-api-v1, fabric-model-loading-api-v1, fabric-networking-api-v1, fabric-object-builder-api-v1, fabric-particles-v1, fabric-recipe-api-v1, fabric-registry-sync-v0, fabric-renderer-api-v1, fabric-renderer-indigo, fabric-renderer-registries-v1, fabric-rendering-data-attachment-v1, fabric-rendering-fluids-v1, fabric-rendering-v0, fabric-rendering-v1, fabric-resource-conditions-api-v1, fabric-resource-loader-v0, fabric-screen-api-v1, fabric-screen-handler-api-v1, fabric-sound-api-v1, fabric-transfer-api-v1, fabric-transitive-access-wideners-v1, fabricloader, yapping_tooltips]
[14:38:55] [Render thread/DEBUG] (net.fabricmc.fabric.impl.resource.loader.ModResourcePackUtil) [Fabric] Starting internal pack sorting with: [vanilla, fabric, fabric-api, fabric-api-base, fabric-api-lookup-api-v1, fabric-biome-api-v1, fabric-block-api-v1, fabric-block-view-api-v2, fabric-blockrenderlayer-v1, fabric-client-tags-api-v1, fabric-command-api-v1, fabric-command-api-v2, fabric-commands-v0, fabric-content-registries-v0, fabric-convention-tags-v1, fabric-convention-tags-v2, fabric-crash-report-info-v1, fabric-data-attachment-api-v1, fabric-data-generation-api-v1, fabric-dimensions-v1, fabric-entity-events-v1, fabric-events-interaction-v0, fabric-game-rule-api-v1, fabric-gametest-api-v1, fabric-item-api-v1, fabric-item-group-api-v1, fabric-key-binding-api-v1, fabric-keybindings-v0, fabric-lifecycle-events-v1, fabric-loot-api-v2, fabric-message-api-v1, fabric-model-loading-api-v1, fabric-networking-api-v1, fabric-object-builder-api-v1, fabric-particles-v1, fabric-recipe-api-v1, fabric-registry-sync-v0, fabric-renderer-api-v1, fabric-renderer-indigo, fabric-renderer-registries-v1, fabric-rendering-data-attachment-v1, fabric-rendering-fluids-v1, fabric-rendering-v0, fabric-rendering-v1, fabric-resource-conditions-api-v1, fabric-resource-loader-v0, fabric-screen-api-v1, fabric-screen-handler-api-v1, fabric-sound-api-v1, fabric-transfer-api-v1, fabric-transitive-access-wideners-v1, fabricloader, yapping_tooltips]
[14:38:55] [Render thread/DEBUG] (net.fabricmc.fabric.impl.resource.loader.ModResourcePackUtil) [Fabric] Removed all internal packs, result: [vanilla, fabric]
[14:38:55] [Render thread/DEBUG] (net.fabricmc.fabric.impl.resource.loader.ModResourcePackUtil) [Fabric] cur @ fabric, auto-enabled fabric-api, currently enabled: [vanilla, fabric, fabric-api]
[14:38:55] [Render thread/DEBUG] (net.fabricmc.fabric.impl.resource.loader.ModResourcePackUtil) [Fabric] cur @ fabric, auto-enabled fabric-api-base, currently enabled: [vanilla, fabric, fabric-api, fabric-api-base]
[14:38:55] [Render thread/DEBUG] (net.fabricmc.fabric.impl.resource.loader.ModResourcePackUtil) [Fabric] cur @ fabric, auto-enabled fabric-api-lookup-api-v1, currently enabled: [vanilla, fabric, fabric-api, fabric-api-base, fabric-api-lookup-api-v1]
[14:38:55] [Render thread/DEBUG] (net.fabricmc.fabric.impl.resource.loader.ModResourcePackUtil) [Fabric] cur @ fabric, auto-enabled fabric-biome-api-v1, currently enabled: [vanilla, fabric, fabric-api, fabric-api-base, fabric-api-lookup-api-v1, fabric-biome-api-v1]
[14:38:55] [Render thread/DEBUG] (net.fabricmc.fabric.impl.resource.loader.ModResourcePackUtil) [Fabric] cur @ fabric, auto-enabled fabric-block-api-v1, currently enabled: [vanilla, fabric, fabric-api, fabric-api-base, fabric-api-lookup-api-v1, fabric-biome-api-v1, fabric-block-api-v1]
[14:38:55] [Render thread/DEBUG] (net.fabricmc.fabric.impl.resource.loader.ModResourcePackUtil) [Fabric] cur @ fabric, auto-enabled fabric-block-view-api-v2, currently enabled: [vanilla, fabric, fabric-api, fabric-api-base, fabric-api-lookup-api-v1, fabric-biome-api-v1, fabric-block-api-v1, fabric-block-view-api-v2]
[14:38:55] [Render thread/DEBUG] (net.fabricmc.fabric.impl.resource.loader.ModResourcePackUtil) [Fabric] cur @ fabric, auto-enabled fabric-blockrenderlayer-v1, currently enabled: [vanilla, fabric, fabric-api, fabric-api-base, fabric-api-lookup-api-v1, fabric-biome-api-v1, fabric-block-api-v1, fabric-block-view-api-v2, fabric-blockrenderlayer-v1]
[14:38:55] [Render thread/DEBUG] (net.fabricmc.fabric.impl.resource.loader.ModResourcePackUtil) [Fabric] cur @ fabric, auto-enabled fabric-client-tags-api-v1, currently enabled: [vanilla, fabric, fabric-api, fabric-api-base, fabric-api-lookup-api-v1, fabric-biome-api-v1, fabric-block-api-v1, fabric-block-view-api-v2, fabric-blockrenderlayer-v1, fabric-client-tags-api-v1]
[14:38:55] [Render thread/DEBUG] (net.fabricmc.fabric.impl.resource.loader.ModResourcePackUtil) [Fabric] cur @ fabric, auto-enabled fabric-command-api-v1, currently enabled: [vanilla, fabric, fabric-api, fabric-api-base, fabric-api-lookup-api-v1, fabric-biome-api-v1, fabric-block-api-v1, fabric-block-view-api-v2, fabric-blockrenderlayer-v1, fabric-client-tags-api-v1, fabric-command-api-v1]
[14:38:55] [Render thread/DEBUG] (net.fabricmc.fabric.impl.resource.loader.ModResourcePackUtil) [Fabric] cur @ fabric, auto-enabled fabric-command-api-v2, currently enabled: [vanilla, fabric, fabric-api, fabric-api-base, fabric-api-lookup-api-v1, fabric-biome-api-v1, fabric-block-api-v1, fabric-block-view-api-v2, fabric-blockrenderlayer-v1, fabric-client-tags-api-v1, fabric-command-api-v1, fabric-command-api-v2]
[14:38:55] [Render thread/DEBUG] (net.fabricmc.fabric.impl.resource.loader.ModResourcePackUtil) [Fabric] cur @ fabric, auto-enabled fabric-commands-v0, currently enabled: [vanilla, fabric, fabric-api, fabric-api-base, fabric-api-lookup-api-v1, fabric-biome-api-v1, fabric-block-api-v1, fabric-block-view-api-v2, fabric-blockrenderlayer-v1, fabric-client-tags-api-v1, fabric-command-api-v1, fabric-command-api-v2, fabric-commands-v0]
[14:38:55] [Render thread/DEBUG] (net.fabricmc.fabric.impl.resource.loader.ModResourcePackUtil) [Fabric] cur @ fabric, auto-enabled fabric-content-registries-v0, currently enabled: [vanilla, fabric, fabric-api, fabric-api-base, fabric-api-lookup-api-v1, fabric-biome-api-v1, fabric-block-api-v1, fabric-block-view-api-v2, fabric-blockrenderlayer-v1, fabric-client-tags-api-v1, fabric-command-api-v1, fabric-command-api-v2, fabric-commands-v0, fabric-content-registries-v0]
[14:38:55] [Render thread/DEBUG] (net.fabricmc.fabric.impl.resource.loader.ModResourcePackUtil) [Fabric] cur @ fabric, auto-enabled fabric-convention-tags-v1, currently enabled: [vanilla, fabric, fabric-api, fabric-api-base, fabric-api-lookup-api-v1, fabric-biome-api-v1, fabric-block-api-v1, fabric-block-view-api-v2, fabric-blockrenderlayer-v1, fabric-client-tags-api-v1, fabric-command-api-v1, fabric-command-api-v2, fabric-commands-v0, fabric-content-registries-v0, fabric-convention-tags-v1]
[14:38:55] [Render thread/DEBUG] (net.fabricmc.fabric.impl.resource.loader.ModResourcePackUtil) [Fabric] cur @ fabric, auto-enabled fabric-convention-tags-v2, currently enabled: [vanilla, fabric, fabric-api, fabric-api-base, fabric-api-lookup-api-v1, fabric-biome-api-v1, fabric-block-api-v1, fabric-block-view-api-v2, fabric-blockrenderlayer-v1, fabric-client-tags-api-v1, fabric-command-api-v1, fabric-command-api-v2, fabric-commands-v0, fabric-content-registries-v0, fabric-convention-tags-v1, fabric-convention-tags-v2]
[14:38:55] [Render thread/DEBUG] (net.fabricmc.fabric.impl.resource.loader.ModResourcePackUtil) [Fabric] cur @ fabric, auto-enabled fabric-crash-report-info-v1, currently enabled: [vanilla, fabric, fabric-api, fabric-api-base, fabric-api-lookup-api-v1, fabric-biome-api-v1, fabric-block-api-v1, fabric-block-view-api-v2, fabric-blockrenderlayer-v1, fabric-client-tags-api-v1, fabric-command-api-v1, fabric-command-api-v2, fabric-commands-v0, fabric-content-registries-v0, fabric-convention-tags-v1, fabric-convention-tags-v2, fabric-crash-report-info-v1]
[14:38:55] [Render thread/DEBUG] (net.fabricmc.fabric.impl.resource.loader.ModResourcePackUtil) [Fabric] cur @ fabric, auto-enabled fabric-data-attachment-api-v1, currently enabled: [vanilla, fabric, fabric-api, fabric-api-base, fabric-api-lookup-api-v1, fabric-biome-api-v1, fabric-block-api-v1, fabric-block-view-api-v2, fabric-blockrenderlayer-v1, fabric-client-tags-api-v1, fabric-command-api-v1, fabric-command-api-v2, fabric-commands-v0, fabric-content-registries-v0, fabric-convention-tags-v1, fabric-convention-tags-v2, fabric-crash-report-info-v1, fabric-data-attachment-api-v1]
[14:38:55] [Render thread/DEBUG] (net.fabricmc.fabric.impl.resource.loader.ModResourcePackUtil) [Fabric] cur @ fabric, auto-enabled fabric-data-generation-api-v1, currently enabled: [vanilla, fabric, fabric-api, fabric-api-base, fabric-api-lookup-api-v1, fabric-biome-api-v1, fabric-block-api-v1, fabric-block-view-api-v2, fabric-blockrenderlayer-v1, fabric-client-tags-api-v1, fabric-command-api-v1, fabric-command-api-v2, fabric-commands-v0, fabric-content-registries-v0, fabric-convention-tags-v1, fabric-convention-tags-v2, fabric-crash-report-info-v1, fabric-data-attachment-api-v1, fabric-data-generation-api-v1]
[14:38:55] [Render thread/DEBUG] (net.fabricmc.fabric.impl.resource.loader.ModResourcePackUtil) [Fabric] cur @ fabric, auto-enabled fabric-dimensions-v1, currently enabled: [vanilla, fabric, fabric-api, fabric-api-base, fabric-api-lookup-api-v1, fabric-biome-api-v1, fabric-block-api-v1, fabric-block-view-api-v2, fabric-blockrenderlayer-v1, fabric-client-tags-api-v1, fabric-command-api-v1, fabric-command-api-v2, fabric-commands-v0, fabric-content-registries-v0, fabric-convention-tags-v1, fabric-convention-tags-v2, fabric-crash-report-info-v1, fabric-data-attachment-api-v1, fabric-data-generation-api-v1, fabric-dimensions-v1]
[14:38:55] [Render thread/DEBUG] (net.fabricmc.fabric.impl.resource.loader.ModResourcePackUtil) [Fabric] cur @ fabric, auto-enabled fabric-entity-events-v1, currently enabled: [vanilla, fabric, fabric-api, fabric-api-base, fabric-api-lookup-api-v1, fabric-biome-api-v1, fabric-block-api-v1, fabric-block-view-api-v2, fabric-blockrenderlayer-v1, fabric-client-tags-api-v1, fabric-command-api-v1, fabric-command-api-v2, fabric-commands-v0, fabric-content-registries-v0, fabric-convention-tags-v1, fabric-convention-tags-v2, fabric-crash-report-info-v1, fabric-data-attachment-api-v1, fabric-data-generation-api-v1, fabric-dimensions-v1, fabric-entity-events-v1]
[14:38:55] [Render thread/DEBUG] (net.fabricmc.fabric.impl.resource.loader.ModResourcePackUtil) [Fabric] cur @ fabric, auto-enabled fabric-events-interaction-v0, currently enabled: [vanilla, fabric, fabric-api, fabric-api-base, fabric-api-lookup-api-v1, fabric-biome-api-v1, fabric-block-api-v1, fabric-block-view-api-v2, fabric-blockrenderlayer-v1, fabric-client-tags-api-v1, fabric-command-api-v1, fabric-command-api-v2, fabric-commands-v0, fabric-content-registries-v0, fabric-convention-tags-v1, fabric-convention-tags-v2, fabric-crash-report-info-v1, fabric-data-attachment-api-v1, fabric-data-generation-api-v1, fabric-dimensions-v1, fabric-entity-events-v1, fabric-events-interaction-v0]
[14:38:55] [Render thread/DEBUG] (net.fabricmc.fabric.impl.resource.loader.ModResourcePackUtil) [Fabric] cur @ fabric, auto-enabled fabric-game-rule-api-v1, currently enabled: [vanilla, fabric, fabric-api, fabric-api-base, fabric-api-lookup-api-v1, fabric-biome-api-v1, fabric-block-api-v1, fabric-block-view-api-v2, fabric-blockrenderlayer-v1, fabric-client-tags-api-v1, fabric-command-api-v1, fabric-command-api-v2, fabric-commands-v0, fabric-content-registries-v0, fabric-convention-tags-v1, fabric-convention-tags-v2, fabric-crash-report-info-v1, fabric-data-attachment-api-v1, fabric-data-generation-api-v1, fabric-dimensions-v1, fabric-entity-events-v1, fabric-events-interaction-v0, fabric-game-rule-api-v1]
[14:38:55] [Render thread/DEBUG] (net.fabricmc.fabric.impl.resource.loader.ModResourcePackUtil) [Fabric] cur @ fabric, auto-enabled fabric-gametest-api-v1, currently enabled: [vanilla, fabric, fabric-api, fabric-api-base, fabric-api-lookup-api-v1, fabric-biome-api-v1, fabric-block-api-v1, fabric-block-view-api-v2, fabric-blockrenderlayer-v1, fabric-client-tags-api-v1, fabric-command-api-v1, fabric-command-api-v2, fabric-commands-v0, fabric-content-registries-v0, fabric-convention-tags-v1, fabric-convention-tags-v2, fabric-crash-report-info-v1, fabric-data-attachment-api-v1, fabric-data-generation-api-v1, fabric-dimensions-v1, fabric-entity-events-v1, fabric-events-interaction-v0, fabric-game-rule-api-v1, fabric-gametest-api-v1]
[14:38:55] [Render thread/DEBUG] (net.fabricmc.fabric.impl.resource.loader.ModResourcePackUtil) [Fabric] cur @ fabric, auto-enabled fabric-item-api-v1, currently enabled: [vanilla, fabric, fabric-api, fabric-api-base, fabric-api-lookup-api-v1, fabric-biome-api-v1, fabric-block-api-v1, fabric-block-view-api-v2, fabric-blockrenderlayer-v1, fabric-client-tags-api-v1, fabric-command-api-v1, fabric-command-api-v2, fabric-commands-v0, fabric-content-registries-v0, fabric-convention-tags-v1, fabric-convention-tags-v2, fabric-crash-report-info-v1, fabric-data-attachment-api-v1, fabric-data-generation-api-v1, fabric-dimensions-v1, fabric-entity-events-v1, fabric-events-interaction-v0, fabric-game-rule-api-v1, fabric-gametest-api-v1, fabric-item-api-v1]
[14:38:55] [Render thread/DEBUG] (net.fabricmc.fabric.impl.resource.loader.ModResourcePackUtil) [Fabric] cur @ fabric, auto-enabled fabric-item-group-api-v1, currently enabled: [vanilla, fabric, fabric-api, fabric-api-base, fabric-api-lookup-api-v1, fabric-biome-api-v1, fabric-block-api-v1, fabric-block-view-api-v2, fabric-blockrenderlayer-v1, fabric-client-tags-api-v1, fabric-command-api-v1, fabric-command-api-v2, fabric-commands-v0, fabric-content-registries-v0, fabric-convention-tags-v1, fabric-convention-tags-v2, fabric-crash-report-info-v1, fabric-data-attachment-api-v1, fabric-data-generation-api-v1, fabric-dimensions-v1, fabric-entity-events-v1, fabric-events-interaction-v0, fabric-game-rule-api-v1, fabric-gametest-api-v1, fabric-item-api-v1, fabric-item-group-api-v1]
[14:38:55] [Render thread/DEBUG] (net.fabricmc.fabric.impl.resource.loader.ModResourcePackUtil) [Fabric] cur @ fabric, auto-enabled fabric-key-binding-api-v1, currently enabled: [vanilla, fabric, fabric-api, fabric-api-base, fabric-api-lookup-api-v1, fabric-biome-api-v1, fabric-block-api-v1, fabric-block-view-api-v2, fabric-blockrenderlayer-v1, fabric-client-tags-api-v1, fabric-command-api-v1, fabric-command-api-v2, fabric-commands-v0, fabric-content-registries-v0, fabric-convention-tags-v1, fabric-convention-tags-v2, fabric-crash-report-info-v1, fabric-data-attachment-api-v1, fabric-data-generation-api-v1, fabric-dimensions-v1, fabric-entity-events-v1, fabric-events-interaction-v0, fabric-game-rule-api-v1, fabric-gametest-api-v1, fabric-item-api-v1, fabric-item-group-api-v1, fabric-key-binding-api-v1]
[14:38:55] [Render thread/DEBUG] (net.fabricmc.fabric.impl.resource.loader.ModResourcePackUtil) [Fabric] cur @ fabric, auto-enabled fabric-keybindings-v0, currently enabled: [vanilla, fabric, fabric-api, fabric-api-base, fabric-api-lookup-api-v1, fabric-biome-api-v1, fabric-block-api-v1, fabric-block-view-api-v2, fabric-blockrenderlayer-v1, fabric-client-tags-api-v1, fabric-command-api-v1, fabric-command-api-v2, fabric-commands-v0, fabric-content-registries-v0, fabric-convention-tags-v1, fabric-convention-tags-v2, fabric-crash-report-info-v1, fabric-data-attachment-api-v1, fabric-data-generation-api-v1, fabric-dimensions-v1, fabric-entity-events-v1, fabric-events-interaction-v0, fabric-game-rule-api-v1, fabric-gametest-api-v1, fabric-item-api-v1, fabric-item-group-api-v1, fabric-key-binding-api-v1, fabric-keybindings-v0]
[14:38:55] [Render thread/DEBUG] (net.fabricmc.fabric.impl.resource.loader.ModResourcePackUtil) [Fabric] cur @ fabric, auto-enabled fabric-lifecycle-events-v1, currently enabled: [vanilla, fabric, fabric-api, fabric-api-base, fabric-api-lookup-api-v1, fabric-biome-api-v1, fabric-block-api-v1, fabric-block-view-api-v2, fabric-blockrenderlayer-v1, fabric-client-tags-api-v1, fabric-command-api-v1, fabric-command-api-v2, fabric-commands-v0, fabric-content-registries-v0, fabric-convention-tags-v1, fabric-convention-tags-v2, fabric-crash-report-info-v1, fabric-data-attachment-api-v1, fabric-data-generation-api-v1, fabric-dimensions-v1, fabric-entity-events-v1, fabric-events-interaction-v0, fabric-game-rule-api-v1, fabric-gametest-api-v1, fabric-item-api-v1, fabric-item-group-api-v1, fabric-key-binding-api-v1, fabric-keybindings-v0, fabric-lifecycle-events-v1]
[14:38:55] [Render thread/DEBUG] (net.fabricmc.fabric.impl.resource.loader.ModResourcePackUtil) [Fabric] cur @ fabric, auto-enabled fabric-loot-api-v2, currently enabled: [vanilla, fabric, fabric-api, fabric-api-base, fabric-api-lookup-api-v1, fabric-biome-api-v1, fabric-block-api-v1, fabric-block-view-api-v2, fabric-blockrenderlayer-v1, fabric-client-tags-api-v1, fabric-command-api-v1, fabric-command-api-v2, fabric-commands-v0, fabric-content-registries-v0, fabric-convention-tags-v1, fabric-convention-tags-v2, fabric-crash-report-info-v1, fabric-data-attachment-api-v1, fabric-data-generation-api-v1, fabric-dimensions-v1, fabric-entity-events-v1, fabric-events-interaction-v0, fabric-game-rule-api-v1, fabric-gametest-api-v1, fabric-item-api-v1, fabric-item-group-api-v1, fabric-key-binding-api-v1, fabric-keybindings-v0, fabric-lifecycle-events-v1, fabric-loot-api-v2]
[14:38:55] [Render thread/DEBUG] (net.fabricmc.fabric.impl.resource.loader.ModResourcePackUtil) [Fabric] cur @ fabric, auto-enabled fabric-message-api-v1, currently enabled: [vanilla, fabric, fabric-api, fabric-api-base, fabric-api-lookup-api-v1, fabric-biome-api-v1, fabric-block-api-v1, fabric-block-view-api-v2, fabric-blockrenderlayer-v1, fabric-client-tags-api-v1, fabric-command-api-v1, fabric-command-api-v2, fabric-commands-v0, fabric-content-registries-v0, fabric-convention-tags-v1, fabric-convention-tags-v2, fabric-crash-report-info-v1, fabric-data-attachment-api-v1, fabric-data-generation-api-v1, fabric-dimensions-v1, fabric-entity-events-v1, fabric-events-interaction-v0, fabric-game-rule-api-v1, fabric-gametest-api-v1, fabric-item-api-v1, fabric-item-group-api-v1, fabric-key-binding-api-v1, fabric-keybindings-v0, fabric-lifecycle-events-v1, fabric-loot-api-v2, fabric-message-api-v1]
[14:38:55] [Render thread/DEBUG] (net.fabricmc.fabric.impl.resource.loader.ModResourcePackUtil) [Fabric] cur @ fabric, auto-enabled fabric-model-loading-api-v1, currently enabled: [vanilla, fabric, fabric-api, fabric-api-base, fabric-api-lookup-api-v1, fabric-biome-api-v1, fabric-block-api-v1, fabric-block-view-api-v2, fabric-blockrenderlayer-v1, fabric-client-tags-api-v1, fabric-command-api-v1, fabric-command-api-v2, fabric-commands-v0, fabric-content-registries-v0, fabric-convention-tags-v1, fabric-convention-tags-v2, fabric-crash-report-info-v1, fabric-data-attachment-api-v1, fabric-data-generation-api-v1, fabric-dimensions-v1, fabric-entity-events-v1, fabric-events-interaction-v0, fabric-game-rule-api-v1, fabric-gametest-api-v1, fabric-item-api-v1, fabric-item-group-api-v1, fabric-key-binding-api-v1, fabric-keybindings-v0, fabric-lifecycle-events-v1, fabric-loot-api-v2, fabric-message-api-v1, fabric-model-loading-api-v1]
[14:38:55] [Render thread/DEBUG] (net.fabricmc.fabric.impl.resource.loader.ModResourcePackUtil) [Fabric] cur @ fabric, auto-enabled fabric-networking-api-v1, currently enabled: [vanilla, fabric, fabric-api, fabric-api-base, fabric-api-lookup-api-v1, fabric-biome-api-v1, fabric-block-api-v1, fabric-block-view-api-v2, fabric-blockrenderlayer-v1, fabric-client-tags-api-v1, fabric-command-api-v1, fabric-command-api-v2, fabric-commands-v0, fabric-content-registries-v0, fabric-convention-tags-v1, fabric-convention-tags-v2, fabric-crash-report-info-v1, fabric-data-attachment-api-v1, fabric-data-generation-api-v1, fabric-dimensions-v1, fabric-entity-events-v1, fabric-events-interaction-v0, fabric-game-rule-api-v1, fabric-gametest-api-v1, fabric-item-api-v1, fabric-item-group-api-v1, fabric-key-binding-api-v1, fabric-keybindings-v0, fabric-lifecycle-events-v1, fabric-loot-api-v2, fabric-message-api-v1, fabric-model-loading-api-v1, fabric-networking-api-v1]
[14:38:55] [Render thread/DEBUG] (net.fabricmc.fabric.impl.resource.loader.ModResourcePackUtil) [Fabric] cur @ fabric, auto-enabled fabric-object-builder-api-v1, currently enabled: [vanilla, fabric, fabric-api, fabric-api-base, fabric-api-lookup-api-v1, fabric-biome-api-v1, fabric-block-api-v1, fabric-block-view-api-v2, fabric-blockrenderlayer-v1, fabric-client-tags-api-v1, fabric-command-api-v1, fabric-command-api-v2, fabric-commands-v0, fabric-content-registries-v0, fabric-convention-tags-v1, fabric-convention-tags-v2, fabric-crash-report-info-v1, fabric-data-attachment-api-v1, fabric-data-generation-api-v1, fabric-dimensions-v1, fabric-entity-events-v1, fabric-events-interaction-v0, fabric-game-rule-api-v1, fabric-gametest-api-v1, fabric-item-api-v1, fabric-item-group-api-v1, fabric-key-binding-api-v1, fabric-keybindings-v0, fabric-lifecycle-events-v1, fabric-loot-api-v2, fabric-message-api-v1, fabric-model-loading-api-v1, fabric-networking-api-v1, fabric-object-builder-api-v1]
[14:38:55] [Render thread/DEBUG] (net.fabricmc.fabric.impl.resource.loader.ModResourcePackUtil) [Fabric] cur @ fabric, auto-enabled fabric-particles-v1, currently enabled: [vanilla, fabric, fabric-api, fabric-api-base, fabric-api-lookup-api-v1, fabric-biome-api-v1, fabric-block-api-v1, fabric-block-view-api-v2, fabric-blockrenderlayer-v1, fabric-client-tags-api-v1, fabric-command-api-v1, fabric-command-api-v2, fabric-commands-v0, fabric-content-registries-v0, fabric-convention-tags-v1, fabric-convention-tags-v2, fabric-crash-report-info-v1, fabric-data-attachment-api-v1, fabric-data-generation-api-v1, fabric-dimensions-v1, fabric-entity-events-v1, fabric-events-interaction-v0, fabric-game-rule-api-v1, fabric-gametest-api-v1, fabric-item-api-v1, fabric-item-group-api-v1, fabric-key-binding-api-v1, fabric-keybindings-v0, fabric-lifecycle-events-v1, fabric-loot-api-v2, fabric-message-api-v1, fabric-model-loading-api-v1, fabric-networking-api-v1, fabric-object-builder-api-v1, fabric-particles-v1]
[14:38:55] [Render thread/DEBUG] (net.fabricmc.fabric.impl.resource.loader.ModResourcePackUtil) [Fabric] cur @ fabric, auto-enabled fabric-recipe-api-v1, currently enabled: [vanilla, fabric, fabric-api, fabric-api-base, fabric-api-lookup-api-v1, fabric-biome-api-v1, fabric-block-api-v1, fabric-block-view-api-v2, fabric-blockrenderlayer-v1, fabric-client-tags-api-v1, fabric-command-api-v1, fabric-command-api-v2, fabric-commands-v0, fabric-content-registries-v0, fabric-convention-tags-v1, fabric-convention-tags-v2, fabric-crash-report-info-v1, fabric-data-attachment-api-v1, fabric-data-generation-api-v1, fabric-dimensions-v1, fabric-entity-events-v1, fabric-events-interaction-v0, fabric-game-rule-api-v1, fabric-gametest-api-v1, fabric-item-api-v1, fabric-item-group-api-v1, fabric-key-binding-api-v1, fabric-keybindings-v0, fabric-lifecycle-events-v1, fabric-loot-api-v2, fabric-message-api-v1, fabric-model-loading-api-v1, fabric-networking-api-v1, fabric-object-builder-api-v1, fabric-particles-v1, fabric-recipe-api-v1]
[14:38:55] [Render thread/DEBUG] (net.fabricmc.fabric.impl.resource.loader.ModResourcePackUtil) [Fabric] cur @ fabric, auto-enabled fabric-registry-sync-v0, currently enabled: [vanilla, fabric, fabric-api, fabric-api-base, fabric-api-lookup-api-v1, fabric-biome-api-v1, fabric-block-api-v1, fabric-block-view-api-v2, fabric-blockrenderlayer-v1, fabric-client-tags-api-v1, fabric-command-api-v1, fabric-command-api-v2, fabric-commands-v0, fabric-content-registries-v0, fabric-convention-tags-v1, fabric-convention-tags-v2, fabric-crash-report-info-v1, fabric-data-attachment-api-v1, fabric-data-generation-api-v1, fabric-dimensions-v1, fabric-entity-events-v1, fabric-events-interaction-v0, fabric-game-rule-api-v1, fabric-gametest-api-v1, fabric-item-api-v1, fabric-item-group-api-v1, fabric-key-binding-api-v1, fabric-keybindings-v0, fabric-lifecycle-events-v1, fabric-loot-api-v2, fabric-message-api-v1, fabric-model-loading-api-v1, fabric-networking-api-v1, fabric-object-builder-api-v1, fabric-particles-v1, fabric-recipe-api-v1, fabric-registry-sync-v0]
[14:38:55] [Render thread/DEBUG] (net.fabricmc.fabric.impl.resource.loader.ModResourcePackUtil) [Fabric] cur @ fabric, auto-enabled fabric-renderer-api-v1, currently enabled: [vanilla, fabric, fabric-api, fabric-api-base, fabric-api-lookup-api-v1, fabric-biome-api-v1, fabric-block-api-v1, fabric-block-view-api-v2, fabric-blockrenderlayer-v1, fabric-client-tags-api-v1, fabric-command-api-v1, fabric-command-api-v2, fabric-commands-v0, fabric-content-registries-v0, fabric-convention-tags-v1, fabric-convention-tags-v2, fabric-crash-report-info-v1, fabric-data-attachment-api-v1, fabric-data-generation-api-v1, fabric-dimensions-v1, fabric-entity-events-v1, fabric-events-interaction-v0, fabric-game-rule-api-v1, fabric-gametest-api-v1, fabric-item-api-v1, fabric-item-group-api-v1, fabric-key-binding-api-v1, fabric-keybindings-v0, fabric-lifecycle-events-v1, fabric-loot-api-v2, fabric-message-api-v1, fabric-model-loading-api-v1, fabric-networking-api-v1, fabric-object-builder-api-v1, fabric-particles-v1, fabric-recipe-api-v1, fabric-registry-sync-v0, fabric-renderer-api-v1]
[14:38:55] [Render thread/DEBUG] (net.fabricmc.fabric.impl.resource.loader.ModResourcePackUtil) [Fabric] cur @ fabric, auto-enabled fabric-renderer-indigo, currently enabled: [vanilla, fabric, fabric-api, fabric-api-base, fabric-api-lookup-api-v1, fabric-biome-api-v1, fabric-block-api-v1, fabric-block-view-api-v2, fabric-blockrenderlayer-v1, fabric-client-tags-api-v1, fabric-command-api-v1, fabric-command-api-v2, fabric-commands-v0, fabric-content-registries-v0, fabric-convention-tags-v1, fabric-convention-tags-v2, fabric-crash-report-info-v1, fabric-data-attachment-api-v1, fabric-data-generation-api-v1, fabric-dimensions-v1, fabric-entity-events-v1, fabric-events-interaction-v0, fabric-game-rule-api-v1, fabric-gametest-api-v1, fabric-item-api-v1, fabric-item-group-api-v1, fabric-key-binding-api-v1, fabric-keybindings-v0, fabric-lifecycle-events-v1, fabric-loot-api-v2, fabric-message-api-v1, fabric-model-loading-api-v1, fabric-networking-api-v1, fabric-object-builder-api-v1, fabric-particles-v1, fabric-recipe-api-v1, fabric-registry-sync-v0, fabric-renderer-api-v1, fabric-renderer-indigo]
[14:38:55] [Render thread/DEBUG] (net.fabricmc.fabric.impl.resource.loader.ModResourcePackUtil) [Fabric] cur @ fabric, auto-enabled fabric-renderer-registries-v1, currently enabled: [vanilla, fabric, fabric-api, fabric-api-base, fabric-api-lookup-api-v1, fabric-biome-api-v1, fabric-block-api-v1, fabric-block-view-api-v2, fabric-blockrenderlayer-v1, fabric-client-tags-api-v1, fabric-command-api-v1, fabric-command-api-v2, fabric-commands-v0, fabric-content-registries-v0, fabric-convention-tags-v1, fabric-convention-tags-v2, fabric-crash-report-info-v1, fabric-data-attachment-api-v1, fabric-data-generation-api-v1, fabric-dimensions-v1, fabric-entity-events-v1, fabric-events-interaction-v0, fabric-game-rule-api-v1, fabric-gametest-api-v1, fabric-item-api-v1, fabric-item-group-api-v1, fabric-key-binding-api-v1, fabric-keybindings-v0, fabric-lifecycle-events-v1, fabric-loot-api-v2, fabric-message-api-v1, fabric-model-loading-api-v1, fabric-networking-api-v1, fabric-object-builder-api-v1, fabric-particles-v1, fabric-recipe-api-v1, fabric-registry-sync-v0, fabric-renderer-api-v1, fabric-renderer-indigo, fabric-renderer-registries-v1]
[14:38:55] [Render thread/DEBUG] (net.fabricmc.fabric.impl.resource.loader.ModResourcePackUtil) [Fabric] cur @ fabric, auto-enabled fabric-rendering-data-attachment-v1, currently enabled: [vanilla, fabric, fabric-api, fabric-api-base, fabric-api-lookup-api-v1, fabric-biome-api-v1, fabric-block-api-v1, fabric-block-view-api-v2, fabric-blockrenderlayer-v1, fabric-client-tags-api-v1, fabric-command-api-v1, fabric-command-api-v2, fabric-commands-v0, fabric-content-registries-v0, fabric-convention-tags-v1, fabric-convention-tags-v2, fabric-crash-report-info-v1, fabric-data-attachment-api-v1, fabric-data-generation-api-v1, fabric-dimensions-v1, fabric-entity-events-v1, fabric-events-interaction-v0, fabric-game-rule-api-v1, fabric-gametest-api-v1, fabric-item-api-v1, fabric-item-group-api-v1, fabric-key-binding-api-v1, fabric-keybindings-v0, fabric-lifecycle-events-v1, fabric-loot-api-v2, fabric-message-api-v1, fabric-model-loading-api-v1, fabric-networking-api-v1, fabric-object-builder-api-v1, fabric-particles-v1, fabric-recipe-api-v1, fabric-registry-sync-v0, fabric-renderer-api-v1, fabric-renderer-indigo, fabric-renderer-registries-v1, fabric-rendering-data-attachment-v1]
[14:38:55] [Render thread/DEBUG] (net.fabricmc.fabric.impl.resource.loader.ModResourcePackUtil) [Fabric] cur @ fabric, auto-enabled fabric-rendering-fluids-v1, currently enabled: [vanilla, fabric, fabric-api, fabric-api-base, fabric-api-lookup-api-v1, fabric-biome-api-v1, fabric-block-api-v1, fabric-block-view-api-v2, fabric-blockrenderlayer-v1, fabric-client-tags-api-v1, fabric-command-api-v1, fabric-command-api-v2, fabric-commands-v0, fabric-content-registries-v0, fabric-convention-tags-v1, fabric-convention-tags-v2, fabric-crash-report-info-v1, fabric-data-attachment-api-v1, fabric-data-generation-api-v1, fabric-dimensions-v1, fabric-entity-events-v1, fabric-events-interaction-v0, fabric-game-rule-api-v1, fabric-gametest-api-v1, fabric-item-api-v1, fabric-item-group-api-v1, fabric-key-binding-api-v1, fabric-keybindings-v0, fabric-lifecycle-events-v1, fabric-loot-api-v2, fabric-message-api-v1, fabric-model-loading-api-v1, fabric-networking-api-v1, fabric-object-builder-api-v1, fabric-particles-v1, fabric-recipe-api-v1, fabric-registry-sync-v0, fabric-renderer-api-v1, fabric-renderer-indigo, fabric-renderer-registries-v1, fabric-rendering-data-attachment-v1, fabric-rendering-fluids-v1]
[14:38:55] [Render thread/DEBUG] (net.fabricmc.fabric.impl.resource.loader.ModResourcePackUtil) [Fabric] cur @ fabric, auto-enabled fabric-rendering-v0, currently enabled: [vanilla, fabric, fabric-api, fabric-api-base, fabric-api-lookup-api-v1, fabric-biome-api-v1, fabric-block-api-v1, fabric-block-view-api-v2, fabric-blockrenderlayer-v1, fabric-client-tags-api-v1, fabric-command-api-v1, fabric-command-api-v2, fabric-commands-v0, fabric-content-registries-v0, fabric-convention-tags-v1, fabric-convention-tags-v2, fabric-crash-report-info-v1, fabric-data-attachment-api-v1, fabric-data-generation-api-v1, fabric-dimensions-v1, fabric-entity-events-v1, fabric-events-interaction-v0, fabric-game-rule-api-v1, fabric-gametest-api-v1, fabric-item-api-v1, fabric-item-group-api-v1, fabric-key-binding-api-v1, fabric-keybindings-v0, fabric-lifecycle-events-v1, fabric-loot-api-v2, fabric-message-api-v1, fabric-model-loading-api-v1, fabric-networking-api-v1, fabric-object-builder-api-v1, fabric-particles-v1, fabric-recipe-api-v1, fabric-registry-sync-v0, fabric-renderer-api-v1, fabric-renderer-indigo, fabric-renderer-registries-v1, fabric-rendering-data-attachment-v1, fabric-rendering-fluids-v1, fabric-rendering-v0]
[14:38:55] [Render thread/DEBUG] (net.fabricmc.fabric.impl.resource.loader.ModResourcePackUtil) [Fabric] cur @ fabric, auto-enabled fabric-rendering-v1, currently enabled: [vanilla, fabric, fabric-api, fabric-api-base, fabric-api-lookup-api-v1, fabric-biome-api-v1, fabric-block-api-v1, fabric-block-view-api-v2, fabric-blockrenderlayer-v1, fabric-client-tags-api-v1, fabric-command-api-v1, fabric-command-api-v2, fabric-commands-v0, fabric-content-registries-v0, fabric-convention-tags-v1, fabric-convention-tags-v2, fabric-crash-report-info-v1, fabric-data-attachment-api-v1, fabric-data-generation-api-v1, fabric-dimensions-v1, fabric-entity-events-v1, fabric-events-interaction-v0, fabric-game-rule-api-v1, fabric-gametest-api-v1, fabric-item-api-v1, fabric-item-group-api-v1, fabric-key-binding-api-v1, fabric-keybindings-v0, fabric-lifecycle-events-v1, fabric-loot-api-v2, fabric-message-api-v1, fabric-model-loading-api-v1, fabric-networking-api-v1, fabric-object-builder-api-v1, fabric-particles-v1, fabric-recipe-api-v1, fabric-registry-sync-v0, fabric-renderer-api-v1, fabric-renderer-indigo, fabric-renderer-registries-v1, fabric-rendering-data-attachment-v1, fabric-rendering-fluids-v1, fabric-rendering-v0, fabric-rendering-v1]
[14:38:55] [Render thread/DEBUG] (net.fabricmc.fabric.impl.resource.loader.ModResourcePackUtil) [Fabric] cur @ fabric, auto-enabled fabric-resource-conditions-api-v1, currently enabled: [vanilla, fabric, fabric-api, fabric-api-base, fabric-api-lookup-api-v1, fabric-biome-api-v1, fabric-block-api-v1, fabric-block-view-api-v2, fabric-blockrenderlayer-v1, fabric-client-tags-api-v1, fabric-command-api-v1, fabric-command-api-v2, fabric-commands-v0, fabric-content-registries-v0, fabric-convention-tags-v1, fabric-convention-tags-v2, fabric-crash-report-info-v1, fabric-data-attachment-api-v1, fabric-data-generation-api-v1, fabric-dimensions-v1, fabric-entity-events-v1, fabric-events-interaction-v0, fabric-game-rule-api-v1, fabric-gametest-api-v1, fabric-item-api-v1, fabric-item-group-api-v1, fabric-key-binding-api-v1, fabric-keybindings-v0, fabric-lifecycle-events-v1, fabric-loot-api-v2, fabric-message-api-v1, fabric-model-loading-api-v1, fabric-networking-api-v1, fabric-object-builder-api-v1, fabric-particles-v1, fabric-recipe-api-v1, fabric-registry-sync-v0, fabric-renderer-api-v1, fabric-renderer-indigo, fabric-renderer-registries-v1, fabric-rendering-data-attachment-v1, fabric-rendering-fluids-v1, fabric-rendering-v0, fabric-rendering-v1, fabric-resource-conditions-api-v1]
[14:38:55] [Render thread/DEBUG] (net.fabricmc.fabric.impl.resource.loader.ModResourcePackUtil) [Fabric] cur @ fabric, auto-enabled fabric-resource-loader-v0, currently enabled: [vanilla, fabric, fabric-api, fabric-api-base, fabric-api-lookup-api-v1, fabric-biome-api-v1, fabric-block-api-v1, fabric-block-view-api-v2, fabric-blockrenderlayer-v1, fabric-client-tags-api-v1, fabric-command-api-v1, fabric-command-api-v2, fabric-commands-v0, fabric-content-registries-v0, fabric-convention-tags-v1, fabric-convention-tags-v2, fabric-crash-report-info-v1, fabric-data-attachment-api-v1, fabric-data-generation-api-v1, fabric-dimensions-v1, fabric-entity-events-v1, fabric-events-interaction-v0, fabric-game-rule-api-v1, fabric-gametest-api-v1, fabric-item-api-v1, fabric-item-group-api-v1, fabric-key-binding-api-v1, fabric-keybindings-v0, fabric-lifecycle-events-v1, fabric-loot-api-v2, fabric-message-api-v1, fabric-model-loading-api-v1, fabric-networking-api-v1, fabric-object-builder-api-v1, fabric-particles-v1, fabric-recipe-api-v1, fabric-registry-sync-v0, fabric-renderer-api-v1, fabric-renderer-indigo, fabric-renderer-registries-v1, fabric-rendering-data-attachment-v1, fabric-rendering-fluids-v1, fabric-rendering-v0, fabric-rendering-v1, fabric-resource-conditions-api-v1, fabric-resource-loader-v0]
[14:38:55] [Render thread/DEBUG] (net.fabricmc.fabric.impl.resource.loader.ModResourcePackUtil) [Fabric] cur @ fabric, auto-enabled fabric-screen-api-v1, currently enabled: [vanilla, fabric, fabric-api, fabric-api-base, fabric-api-lookup-api-v1, fabric-biome-api-v1, fabric-block-api-v1, fabric-block-view-api-v2, fabric-blockrenderlayer-v1, fabric-client-tags-api-v1, fabric-command-api-v1, fabric-command-api-v2, fabric-commands-v0, fabric-content-registries-v0, fabric-convention-tags-v1, fabric-convention-tags-v2, fabric-crash-report-info-v1, fabric-data-attachment-api-v1, fabric-data-generation-api-v1, fabric-dimensions-v1, fabric-entity-events-v1, fabric-events-interaction-v0, fabric-game-rule-api-v1, fabric-gametest-api-v1, fabric-item-api-v1, fabric-item-group-api-v1, fabric-key-binding-api-v1, fabric-keybindings-v0, fabric-lifecycle-events-v1, fabric-loot-api-v2, fabric-message-api-v1, fabric-model-loading-api-v1, fabric-networking-api-v1, fabric-object-builder-api-v1, fabric-particles-v1, fabric-recipe-api-v1, fabric-registry-sync-v0, fabric-renderer-api-v1, fabric-renderer-indigo, fabric-renderer-registries-v1, fabric-rendering-data-attachment-v1, fabric-rendering-fluids-v1, fabric-rendering-v0, fabric-rendering-v1, fabric-resource-conditions-api-v1, fabric-resource-loader-v0, fabric-screen-api-v1]
[14:38:55] [Render thread/DEBUG] (net.fabricmc.fabric.impl.resource.loader.ModResourcePackUtil) [Fabric] cur @ fabric, auto-enabled fabric-screen-handler-api-v1, currently enabled: [vanilla, fabric, fabric-api, fabric-api-base, fabric-api-lookup-api-v1, fabric-biome-api-v1, fabric-block-api-v1, fabric-block-view-api-v2, fabric-blockrenderlayer-v1, fabric-client-tags-api-v1, fabric-command-api-v1, fabric-command-api-v2, fabric-commands-v0, fabric-content-registries-v0, fabric-convention-tags-v1, fabric-convention-tags-v2, fabric-crash-report-info-v1, fabric-data-attachment-api-v1, fabric-data-generation-api-v1, fabric-dimensions-v1, fabric-entity-events-v1, fabric-events-interaction-v0, fabric-game-rule-api-v1, fabric-gametest-api-v1, fabric-item-api-v1, fabric-item-group-api-v1, fabric-key-binding-api-v1, fabric-keybindings-v0, fabric-lifecycle-events-v1, fabric-loot-api-v2, fabric-message-api-v1, fabric-model-loading-api-v1, fabric-networking-api-v1, fabric-object-builder-api-v1, fabric-particles-v1, fabric-recipe-api-v1, fabric-registry-sync-v0, fabric-renderer-api-v1, fabric-renderer-indigo, fabric-renderer-registries-v1, fabric-rendering-data-attachment-v1, fabric-rendering-fluids-v1, fabric-rendering-v0, fabric-rendering-v1, fabric-resource-conditions-api-v1, fabric-resource-loader-v0, fabric-screen-api-v1, fabric-screen-handler-api-v1]
[14:38:55] [Render thread/DEBUG] (net.fabricmc.fabric.impl.resource.loader.ModResourcePackUtil) [Fabric] cur @ fabric, auto-enabled fabric-sound-api-v1, currently enabled: [vanilla, fabric, fabric-api, fabric-api-base, fabric-api-lookup-api-v1, fabric-biome-api-v1, fabric-block-api-v1, fabric-block-view-api-v2, fabric-blockrenderlayer-v1, fabric-client-tags-api-v1, fabric-command-api-v1, fabric-command-api-v2, fabric-commands-v0, fabric-content-registries-v0, fabric-convention-tags-v1, fabric-convention-tags-v2, fabric-crash-report-info-v1, fabric-data-attachment-api-v1, fabric-data-generation-api-v1, fabric-dimensions-v1, fabric-entity-events-v1, fabric-events-interaction-v0, fabric-game-rule-api-v1, fabric-gametest-api-v1, fabric-item-api-v1, fabric-item-group-api-v1, fabric-key-binding-api-v1, fabric-keybindings-v0, fabric-lifecycle-events-v1, fabric-loot-api-v2, fabric-message-api-v1, fabric-model-loading-api-v1, fabric-networking-api-v1, fabric-object-builder-api-v1, fabric-particles-v1, fabric-recipe-api-v1, fabric-registry-sync-v0, fabric-renderer-api-v1, fabric-renderer-indigo, fabric-renderer-registries-v1, fabric-rendering-data-attachment-v1, fabric-rendering-fluids-v1, fabric-rendering-v0, fabric-rendering-v1, fabric-resource-conditions-api-v1, fabric-resource-loader-v0, fabric-screen-api-v1, fabric-screen-handler-api-v1, fabric-sound-api-v1]
[14:38:55] [Render thread/DEBUG] (net.fabricmc.fabric.impl.resource.loader.ModResourcePackUtil) [Fabric] cur @ fabric, auto-enabled fabric-transfer-api-v1, currently enabled: [vanilla, fabric, fabric-api, fabric-api-base, fabric-api-lookup-api-v1, fabric-biome-api-v1, fabric-block-api-v1, fabric-block-view-api-v2, fabric-blockrenderlayer-v1, fabric-client-tags-api-v1, fabric-command-api-v1, fabric-command-api-v2, fabric-commands-v0, fabric-content-registries-v0, fabric-convention-tags-v1, fabric-convention-tags-v2, fabric-crash-report-info-v1, fabric-data-attachment-api-v1, fabric-data-generation-api-v1, fabric-dimensions-v1, fabric-entity-events-v1, fabric-events-interaction-v0, fabric-game-rule-api-v1, fabric-gametest-api-v1, fabric-item-api-v1, fabric-item-group-api-v1, fabric-key-binding-api-v1, fabric-keybindings-v0, fabric-lifecycle-events-v1, fabric-loot-api-v2, fabric-message-api-v1, fabric-model-loading-api-v1, fabric-networking-api-v1, fabric-object-builder-api-v1, fabric-particles-v1, fabric-recipe-api-v1, fabric-registry-sync-v0, fabric-renderer-api-v1, fabric-renderer-indigo, fabric-renderer-registries-v1, fabric-rendering-data-attachment-v1, fabric-rendering-fluids-v1, fabric-rendering-v0, fabric-rendering-v1, fabric-resource-conditions-api-v1, fabric-resource-loader-v0, fabric-screen-api-v1, fabric-screen-handler-api-v1, fabric-sound-api-v1, fabric-transfer-api-v1]
[14:38:55] [Render thread/DEBUG] (net.fabricmc.fabric.impl.resource.loader.ModResourcePackUtil) [Fabric] cur @ fabric, auto-enabled fabric-transitive-access-wideners-v1, currently enabled: [vanilla, fabric, fabric-api, fabric-api-base, fabric-api-lookup-api-v1, fabric-biome-api-v1, fabric-block-api-v1, fabric-block-view-api-v2, fabric-blockrenderlayer-v1, fabric-client-tags-api-v1, fabric-command-api-v1, fabric-command-api-v2, fabric-commands-v0, fabric-content-registries-v0, fabric-convention-tags-v1, fabric-convention-tags-v2, fabric-crash-report-info-v1, fabric-data-attachment-api-v1, fabric-data-generation-api-v1, fabric-dimensions-v1, fabric-entity-events-v1, fabric-events-interaction-v0, fabric-game-rule-api-v1, fabric-gametest-api-v1, fabric-item-api-v1, fabric-item-group-api-v1, fabric-key-binding-api-v1, fabric-keybindings-v0, fabric-lifecycle-events-v1, fabric-loot-api-v2, fabric-message-api-v1, fabric-model-loading-api-v1, fabric-networking-api-v1, fabric-object-builder-api-v1, fabric-particles-v1, fabric-recipe-api-v1, fabric-registry-sync-v0, fabric-renderer-api-v1, fabric-renderer-indigo, fabric-renderer-registries-v1, fabric-rendering-data-attachment-v1, fabric-rendering-fluids-v1, fabric-rendering-v0, fabric-rendering-v1, fabric-resource-conditions-api-v1, fabric-resource-loader-v0, fabric-screen-api-v1, fabric-screen-handler-api-v1, fabric-sound-api-v1, fabric-transfer-api-v1, fabric-transitive-access-wideners-v1]
[14:38:55] [Render thread/DEBUG] (net.fabricmc.fabric.impl.resource.loader.ModResourcePackUtil) [Fabric] cur @ fabric, auto-enabled fabricloader, currently enabled: [vanilla, fabric, fabric-api, fabric-api-base, fabric-api-lookup-api-v1, fabric-biome-api-v1, fabric-block-api-v1, fabric-block-view-api-v2, fabric-blockrenderlayer-v1, fabric-client-tags-api-v1, fabric-command-api-v1, fabric-command-api-v2, fabric-commands-v0, fabric-content-registries-v0, fabric-convention-tags-v1, fabric-convention-tags-v2, fabric-crash-report-info-v1, fabric-data-attachment-api-v1, fabric-data-generation-api-v1, fabric-dimensions-v1, fabric-entity-events-v1, fabric-events-interaction-v0, fabric-game-rule-api-v1, fabric-gametest-api-v1, fabric-item-api-v1, fabric-item-group-api-v1, fabric-key-binding-api-v1, fabric-keybindings-v0, fabric-lifecycle-events-v1, fabric-loot-api-v2, fabric-message-api-v1, fabric-model-loading-api-v1, fabric-networking-api-v1, fabric-object-builder-api-v1, fabric-particles-v1, fabric-recipe-api-v1, fabric-registry-sync-v0, fabric-renderer-api-v1, fabric-renderer-indigo, fabric-renderer-registries-v1, fabric-rendering-data-attachment-v1, fabric-rendering-fluids-v1, fabric-rendering-v0, fabric-rendering-v1, fabric-resource-conditions-api-v1, fabric-resource-loader-v0, fabric-screen-api-v1, fabric-screen-handler-api-v1, fabric-sound-api-v1, fabric-transfer-api-v1, fabric-transitive-access-wideners-v1, fabricloader]
[14:38:55] [Render thread/DEBUG] (net.fabricmc.fabric.impl.resource.loader.ModResourcePackUtil) [Fabric] cur @ fabric, auto-enabled yapping_tooltips, currently enabled: [vanilla, fabric, fabric-api, fabric-api-base, fabric-api-lookup-api-v1, fabric-biome-api-v1, fabric-block-api-v1, fabric-block-view-api-v2, fabric-blockrenderlayer-v1, fabric-client-tags-api-v1, fabric-command-api-v1, fabric-command-api-v2, fabric-commands-v0, fabric-content-registries-v0, fabric-convention-tags-v1, fabric-convention-tags-v2, fabric-crash-report-info-v1, fabric-data-attachment-api-v1, fabric-data-generation-api-v1, fabric-dimensions-v1, fabric-entity-events-v1, fabric-events-interaction-v0, fabric-game-rule-api-v1, fabric-gametest-api-v1, fabric-item-api-v1, fabric-item-group-api-v1, fabric-key-binding-api-v1, fabric-keybindings-v0, fabric-lifecycle-events-v1, fabric-loot-api-v2, fabric-message-api-v1, fabric-model-loading-api-v1, fabric-networking-api-v1, fabric-object-builder-api-v1, fabric-particles-v1, fabric-recipe-api-v1, fabric-registry-sync-v0, fabric-renderer-api-v1, fabric-renderer-indigo, fabric-renderer-registries-v1, fabric-rendering-data-attachment-v1, fabric-rendering-fluids-v1, fabric-rendering-v0, fabric-rendering-v1, fabric-resource-conditions-api-v1, fabric-resource-loader-v0, fabric-screen-api-v1, fabric-screen-handler-api-v1, fabric-sound-api-v1, fabric-transfer-api-v1, fabric-transitive-access-wideners-v1, fabricloader, yapping_tooltips]
[14:38:55] [Render thread/DEBUG] (net.fabricmc.fabric.impl.resource.loader.ModResourcePackUtil) [Fabric] Final sorting result: [vanilla, fabric, fabric-api, fabric-api-base, fabric-api-lookup-api-v1, fabric-biome-api-v1, fabric-block-api-v1, fabric-block-view-api-v2, fabric-blockrenderlayer-v1, fabric-client-tags-api-v1, fabric-command-api-v1, fabric-command-api-v2, fabric-commands-v0, fabric-content-registries-v0, fabric-convention-tags-v1, fabric-convention-tags-v2, fabric-crash-report-info-v1, fabric-data-attachment-api-v1, fabric-data-generation-api-v1, fabric-dimensions-v1, fabric-entity-events-v1, fabric-events-interaction-v0, fabric-game-rule-api-v1, fabric-gametest-api-v1, fabric-item-api-v1, fabric-item-group-api-v1, fabric-key-binding-api-v1, fabric-keybindings-v0, fabric-lifecycle-events-v1, fabric-loot-api-v2, fabric-message-api-v1, fabric-model-loading-api-v1, fabric-networking-api-v1, fabric-object-builder-api-v1, fabric-particles-v1, fabric-recipe-api-v1, fabric-registry-sync-v0, fabric-renderer-api-v1, fabric-renderer-indigo, fabric-renderer-registries-v1, fabric-rendering-data-attachment-v1, fabric-rendering-fluids-v1, fabric-rendering-v0, fabric-rendering-v1, fabric-resource-conditions-api-v1, fabric-resource-loader-v0, fabric-screen-api-v1, fabric-screen-handler-api-v1, fabric-sound-api-v1, fabric-transfer-api-v1, fabric-transitive-access-wideners-v1, fabricloader, yapping_tooltips]
[14:38:55] [Render thread/DEBUG] (FabricLoader/Mixin) Mixing KeyedResourceReloadListenerClientMixin from fabric-resource-loader-v0.client.mixins.json into net.minecraft.client.resources.language.LanguageManager
[14:38:55] [Render thread/DEBUG] (FabricLoader/Mixin) fabric-resource-loader-v0.client.mixins.json:KeyedResourceReloadListenerClientMixin from mod fabric-resource-loader-v0: Class version 65 required is higher than the class version supported by the current version of Mixin (JAVA_17 supports class version 61)
[14:38:55] [Render thread/DEBUG] (FabricLoader/Mixin) Mixing KeyedResourceReloadListenerClientMixin from fabric-resource-loader-v0.client.mixins.json into net.minecraft.client.renderer.texture.TextureManager
[14:38:55] [Render thread/DEBUG] (FabricLoader/Mixin) fabric-resource-loader-v0.client.mixins.json:KeyedResourceReloadListenerClientMixin from mod fabric-resource-loader-v0: Class version 65 required is higher than the class version supported by the current version of Mixin (JAVA_17 supports class version 61)
[14:38:55] [Render thread/DEBUG] (FabricLoader/Mixin) Mixing KeyedResourceReloadListenerClientMixin from fabric-resource-loader-v0.client.mixins.json into net.minecraft.client.sounds.SoundManager
[14:38:55] [Render thread/DEBUG] (FabricLoader/Mixin) fabric-resource-loader-v0.client.mixins.json:KeyedResourceReloadListenerClientMixin from mod fabric-resource-loader-v0: Class version 65 required is higher than the class version supported by the current version of Mixin (JAVA_17 supports class version 61)
[14:38:55] [Render thread/DEBUG] (FabricLoader/Mixin) Mixing modification.DynamicRegistryManagerImmutableImplMixin from fabric-biome-api-v1.mixins.json into net.minecraft.core.RegistryAccess$ImmutableRegistryAccess
[14:38:55] [Render thread/DEBUG] (FabricLoader/Mixin) fabric-biome-api-v1.mixins.json:modification.DynamicRegistryManagerImmutableImplMixin from mod fabric-biome-api-v1: Class version 65 required is higher than the class version supported by the current version of Mixin (JAVA_17 supports class version 61)
[14:38:55] [Render thread/DEBUG] (FabricLoader/Mixin) Mixing SoundSystemMixin from fabric-sound-api-v1.mixins.json into net.minecraft.client.sounds.SoundEngine
[14:38:55] [Render thread/DEBUG] (FabricLoader/Mixin) fabric-sound-api-v1.mixins.json:SoundSystemMixin from mod fabric-sound-api-v1: Class version 65 required is higher than the class version supported by the current version of Mixin (JAVA_17 supports class version 61)
[14:38:55] [Render thread/DEBUG] (FabricLoader/Mixin) Mixing FontManagerMixin from fabric-resource-loader-v0.client.mixins.json into net.minecraft.client.gui.font.FontManager
[14:38:55] [Render thread/DEBUG] (FabricLoader/Mixin) fabric-resource-loader-v0.client.mixins.json:FontManagerMixin from mod fabric-resource-loader-v0: Class version 65 required is higher than the class version supported by the current version of Mixin (JAVA_17 supports class version 61)
[14:38:55] [Render thread/DEBUG] (FabricLoader/Mixin) Mixing BlockColorsMixin from fabric-rendering-v1.mixins.json into net.minecraft.client.color.block.BlockColors
[14:38:55] [Render thread/DEBUG] (FabricLoader/Mixin) fabric-rendering-v1.mixins.json:BlockColorsMixin from mod fabric-rendering-v1: Class version 65 required is higher than the class version supported by the current version of Mixin (JAVA_17 supports class version 61)
[14:38:55] [Render thread/DEBUG] (FabricLoader/Mixin) Mixing BlockColorsMixin from fabric-registry-sync-v0.client.mixins.json into net.minecraft.client.color.block.BlockColors
[14:38:55] [Render thread/DEBUG] (FabricLoader/Mixin) fabric-registry-sync-v0.client.mixins.json:BlockColorsMixin from mod fabric-registry-sync-v0: Class version 65 required is higher than the class version supported by the current version of Mixin (JAVA_17 supports class version 61)
[14:38:55] [Render thread/DEBUG] (FabricLoader/Mixin) fabric-rendering-v1.mixins.json:BlockColorsMixin from mod fabric-rendering-v1->@Inject::create(Lorg/spongepowered/asm/mixin/injection/callback/CallbackInfoReturnable;)V does use it's CallbackInfoReturnable
[14:38:55] [Render thread/DEBUG] (FabricLoader/Mixin) fabric-registry-sync-v0.client.mixins.json:BlockColorsMixin from mod fabric-registry-sync-v0->@Inject::create(Lorg/spongepowered/asm/mixin/injection/callback/CallbackInfo;)V doesn't use it's CallbackInfo
[14:38:55] [Render thread/DEBUG] (FabricLoader/Mixin) fabric-registry-sync-v0.client.mixins.json:BlockColorsMixin from mod fabric-registry-sync-v0->@Inject::create(Lorg/spongepowered/asm/mixin/injection/callback/CallbackInfo;)V has 0 override(s) in child classes
[14:38:55] [Render thread/DEBUG] (FabricLoader/Mixin) fabric-registry-sync-v0.client.mixins.json:BlockColorsMixin from mod fabric-registry-sync-v0->@Inject::create(Lorg/spongepowered/asm/mixin/injection/callback/CallbackInfo;)V won't be passed a CallbackInfo as a result
[14:38:55] [Render thread/DEBUG] (FabricLoader/Mixin) Mixing ItemColorsMixin from fabric-rendering-v1.mixins.json into net.minecraft.client.color.item.ItemColors
[14:38:55] [Render thread/DEBUG] (FabricLoader/Mixin) fabric-rendering-v1.mixins.json:ItemColorsMixin from mod fabric-rendering-v1: Class version 65 required is higher than the class version supported by the current version of Mixin (JAVA_17 supports class version 61)
[14:38:55] [Render thread/DEBUG] (FabricLoader/Mixin) Mixing ItemColorsMixin from fabric-registry-sync-v0.client.mixins.json into net.minecraft.client.color.item.ItemColors
[14:38:55] [Render thread/DEBUG] (FabricLoader/Mixin) fabric-registry-sync-v0.client.mixins.json:ItemColorsMixin from mod fabric-registry-sync-v0: Class version 65 required is higher than the class version supported by the current version of Mixin (JAVA_17 supports class version 61)
[14:38:55] [Render thread/DEBUG] (FabricLoader/Mixin) fabric-rendering-v1.mixins.json:ItemColorsMixin from mod fabric-rendering-v1->@Inject::create(Lnet/minecraft/client/color/block/BlockColors;Lorg/spongepowered/asm/mixin/injection/callback/CallbackInfoReturnable;)V does use it's CallbackInfoReturnable
[14:38:55] [Render thread/DEBUG] (FabricLoader/Mixin) fabric-registry-sync-v0.client.mixins.json:ItemColorsMixin from mod fabric-registry-sync-v0->@Inject::create(Lorg/spongepowered/asm/mixin/injection/callback/CallbackInfo;)V doesn't use it's CallbackInfo
[14:38:55] [Render thread/DEBUG] (FabricLoader/Mixin) fabric-registry-sync-v0.client.mixins.json:ItemColorsMixin from mod fabric-registry-sync-v0->@Inject::create(Lorg/spongepowered/asm/mixin/injection/callback/CallbackInfo;)V has 0 override(s) in child classes
[14:38:55] [Render thread/DEBUG] (FabricLoader/Mixin) fabric-registry-sync-v0.client.mixins.json:ItemColorsMixin from mod fabric-registry-sync-v0->@Inject::create(Lorg/spongepowered/asm/mixin/injection/callback/CallbackInfo;)V won't be passed a CallbackInfo as a result
[14:38:55] [Render thread/DEBUG] (FabricLoader/Mixin) Mixing BakedModelManagerMixin from fabric-model-loading-api-v1.mixins.json into net.minecraft.client.resources.model.ModelManager
[14:38:55] [Render thread/DEBUG] (FabricLoader/Mixin) fabric-model-loading-api-v1.mixins.json:BakedModelManagerMixin from mod fabric-model-loading-api-v1: Class version 65 required is higher than the class version supported by the current version of Mixin (JAVA_17 supports class version 61)
[14:38:55] [Render thread/DEBUG] (FabricLoader/Mixin) Renaming synthetic method lambda$loadModelPluginData$0(Ljava/util/function/BiFunction;Lnet/minecraft/util/Tuple;Ljava/util/List;)Lnet/minecraft/client/resources/model/ModelBakery; to md95bee0$fabric-model-loading-api-v1$lambda$loadModelPluginData$0$0 in fabric-model-loading-api-v1.mixins.json:BakedModelManagerMixin from mod fabric-model-loading-api-v1
[14:38:55] [Render thread/DEBUG] (FabricLoader/Mixin) Mixing KeyedResourceReloadListenerClientMixin from fabric-resource-loader-v0.client.mixins.json into net.minecraft.client.resources.model.ModelManager
[14:38:55] [Render thread/DEBUG] (FabricLoader/Mixin) fabric-resource-loader-v0.client.mixins.json:KeyedResourceReloadListenerClientMixin from mod fabric-resource-loader-v0: Class version 65 required is higher than the class version supported by the current version of Mixin (JAVA_17 supports class version 61)
[14:38:55] [Render thread/DEBUG] (FabricLoader/Mixin) Mixing TexturedRenderLayersMixin from fabric-object-builder-v1.client.mixins.json into net.minecraft.client.renderer.Sheets
[14:38:55] [Render thread/DEBUG] (FabricLoader/Mixin) fabric-object-builder-v1.client.mixins.json:TexturedRenderLayersMixin from mod fabric-object-builder-api-v1: Class version 65 required is higher than the class version supported by the current version of Mixin (JAVA_17 supports class version 61)
[14:38:55] [Render thread/DEBUG] (FabricLoader/Mixin) fabric-object-builder-v1.client.mixins.json:TexturedRenderLayersMixin from mod fabric-object-builder-api-v1->@Inject::modifyTextureId(Lnet/minecraft/world/level/block/state/properties/WoodType;Lorg/spongepowered/asm/mixin/injection/callback/CallbackInfoReturnable;)V does use it's CallbackInfoReturnable
[14:38:55] [Render thread/DEBUG] (FabricLoader/Mixin) fabric-object-builder-v1.client.mixins.json:TexturedRenderLayersMixin from mod fabric-object-builder-api-v1->@Inject::modifyHangingTextureId(Lnet/minecraft/world/level/block/state/properties/WoodType;Lorg/spongepowered/asm/mixin/injection/callback/CallbackInfoReturnable;)V does use it's CallbackInfoReturnable
[14:38:55] [Render thread/DEBUG] (FabricLoader/Mixin) Mixing KeyedResourceReloadListenerClientMixin from fabric-resource-loader-v0.client.mixins.json into net.minecraft.client.renderer.block.BlockRenderDispatcher
[14:38:55] [Render thread/DEBUG] (FabricLoader/Mixin) fabric-resource-loader-v0.client.mixins.json:KeyedResourceReloadListenerClientMixin from mod fabric-resource-loader-v0: Class version 65 required is higher than the class version supported by the current version of Mixin (JAVA_17 supports class version 61)
[14:38:55] [Render thread/DEBUG] (FabricLoader/Mixin) Mixing BuiltinModelItemRendererMixin from fabric-rendering-v1.mixins.json into net.minecraft.client.renderer.BlockEntityWithoutLevelRenderer
[14:38:55] [Render thread/DEBUG] (FabricLoader/Mixin) fabric-rendering-v1.mixins.json:BuiltinModelItemRendererMixin from mod fabric-rendering-v1: Class version 65 required is higher than the class version supported by the current version of Mixin (JAVA_17 supports class version 61)
[14:38:55] [Render thread/DEBUG] (FabricLoader/Mixin) fabric-rendering-v1.mixins.json:BuiltinModelItemRendererMixin from mod fabric-rendering-v1->@Inject::fabric_onRender(Lnet/minecraft/world/item/ItemStack;Lnet/minecraft/world/item/ItemDisplayContext;Lcom/mojang/blaze3d/vertex/PoseStack;Lnet/minecraft/client/renderer/MultiBufferSource;IILorg/spongepowered/asm/mixin/injection/callback/CallbackInfo;)V does use it's CallbackInfo
[14:38:55] [Render thread/DEBUG] (FabricLoader/Mixin) Mixing ItemModelsMixin from fabric-registry-sync-v0.client.mixins.json into net.minecraft.client.renderer.ItemModelShaper
[14:38:55] [Render thread/DEBUG] (FabricLoader/Mixin) fabric-registry-sync-v0.client.mixins.json:ItemModelsMixin from mod fabric-registry-sync-v0: Class version 65 required is higher than the class version supported by the current version of Mixin (JAVA_17 supports class version 61)
[14:38:55] [Render thread/DEBUG] (FabricLoader/Mixin) fabric-registry-sync-v0.client.mixins.json:ItemModelsMixin from mod fabric-registry-sync-v0->@Inject::onInit(Lnet/minecraft/client/resources/model/ModelManager;Lorg/spongepowered/asm/mixin/injection/callback/CallbackInfo;)V doesn't use it's CallbackInfo
[14:38:55] [Render thread/DEBUG] (FabricLoader/Mixin) fabric-registry-sync-v0.client.mixins.json:ItemModelsMixin from mod fabric-registry-sync-v0->@Inject::onInit(Lnet/minecraft/client/resources/model/ModelManager;Lorg/spongepowered/asm/mixin/injection/callback/CallbackInfo;)V has 0 override(s) in child classes
[14:38:55] [Render thread/DEBUG] (FabricLoader/Mixin) fabric-registry-sync-v0.client.mixins.json:ItemModelsMixin from mod fabric-registry-sync-v0->@Inject::onInit(Lnet/minecraft/client/resources/model/ModelManager;Lorg/spongepowered/asm/mixin/injection/callback/CallbackInfo;)V won't be passed a CallbackInfo as a result
[14:38:55] [Render thread/DEBUG] (FabricLoader/Mixin) Mixing ModelLoaderMixin from fabric-model-loading-api-v1.mixins.json into net.minecraft.client.resources.model.ModelBakery
[14:38:55] [Render thread/DEBUG] (FabricLoader/Mixin) fabric-model-loading-api-v1.mixins.json:ModelLoaderMixin from mod fabric-model-loading-api-v1: Class version 65 required is higher than the class version supported by the current version of Mixin (JAVA_17 supports class version 61)
[14:38:55] [Render thread/DEBUG] (FabricLoader/Mixin) Renaming synthetic method lambda$allowRecursiveLoading$0(Lnet/minecraft/resources/ResourceLocation;)Ljava/lang/String; to md95bee0$fabric-model-loading-api-v1$lambda$allowRecursiveLoading$0$0 in fabric-model-loading-api-v1.mixins.json:ModelLoaderMixin from mod fabric-model-loading-api-v1
[14:38:55] [Render thread/DEBUG] (FabricLoader/Mixin) fabric-model-loading-api-v1.mixins.json:ModelLoaderMixin from mod fabric-model-loading-api-v1->@Inject::afterMissingModelInit(Lnet/minecraft/client/color/block/BlockColors;Lnet/minecraft/util/profiling/ProfilerFiller;Ljava/util/Map;Ljava/util/Map;Lorg/spongepowered/asm/mixin/injection/callback/CallbackInfo;)V doesn't use it's CallbackInfo
[14:38:55] [Render thread/DEBUG] (FabricLoader/Mixin) fabric-model-loading-api-v1.mixins.json:ModelLoaderMixin from mod fabric-model-loading-api-v1->@Inject::afterMissingModelInit(Lnet/minecraft/client/color/block/BlockColors;Lnet/minecraft/util/profiling/ProfilerFiller;Ljava/util/Map;Ljava/util/Map;Lorg/spongepowered/asm/mixin/injection/callback/CallbackInfo;)V has 0 override(s) in child classes
[14:38:55] [Render thread/DEBUG] (FabricLoader/Mixin) fabric-model-loading-api-v1.mixins.json:ModelLoaderMixin from mod fabric-model-loading-api-v1->@Inject::afterMissingModelInit(Lnet/minecraft/client/color/block/BlockColors;Lnet/minecraft/util/profiling/ProfilerFiller;Ljava/util/Map;Ljava/util/Map;Lorg/spongepowered/asm/mixin/injection/callback/CallbackInfo;)V won't be passed a CallbackInfo as a result
[14:38:55] [Render thread/DEBUG] (FabricLoader/Mixin) fabric-model-loading-api-v1.mixins.json:ModelLoaderMixin from mod fabric-model-loading-api-v1->@Inject::allowRecursiveLoading(Lnet/minecraft/resources/ResourceLocation;Lorg/spongepowered/asm/mixin/injection/callback/CallbackInfoReturnable;)V does use it's CallbackInfoReturnable
[14:38:55] [Render thread/DEBUG] (FabricLoader/Mixin) Mixing client.BakedModelMixin from fabric-renderer-api-v1.mixins.json into net.minecraft.client.resources.model.BakedModel
[14:38:55] [Render thread/DEBUG] (FabricLoader/Mixin) fabric-renderer-api-v1.mixins.json:client.BakedModelMixin from mod fabric-renderer-api-v1: Class version 65 required is higher than the class version supported by the current version of Mixin (JAVA_17 supports class version 61)
[14:38:55] [Render thread/DEBUG] (FabricLoader/Mixin) Mixing BakedModelMixin from fabric-renderer-indigo.mixins.json into net.minecraft.client.resources.model.BakedModel
[14:38:55] [Render thread/DEBUG] (FabricLoader/Mixin) fabric-renderer-indigo.mixins.json:BakedModelMixin from mod fabric-renderer-indigo: Class version 65 required is higher than the class version supported by the current version of Mixin (JAVA_17 supports class version 61)
[14:38:55] [Render thread/DEBUG] (FabricLoader/Mixin) Mixing BlockModelRendererMixin from fabric-renderer-indigo.mixins.json into net.minecraft.client.renderer.block.ModelBlockRenderer
[14:38:55] [Render thread/DEBUG] (FabricLoader/Mixin) fabric-renderer-indigo.mixins.json:BlockModelRendererMixin from mod fabric-renderer-indigo: Class version 65 required is higher than the class version supported by the current version of Mixin (JAVA_17 supports class version 61)
[14:38:55] [Render thread/DEBUG] (FabricLoader/Mixin) fabric-renderer-indigo.mixins.json:BlockModelRendererMixin from mod fabric-renderer-indigo->@Inject::hookRender(Lnet/minecraft/world/level/BlockAndTintGetter;Lnet/minecraft/client/resources/model/BakedModel;Lnet/minecraft/world/level/block/state/BlockState;Lnet/minecraft/core/BlockPos;Lcom/mojang/blaze3d/vertex/PoseStack;Lcom/mojang/blaze3d/vertex/VertexConsumer;ZLnet/minecraft/util/RandomSource;JILorg/spongepowered/asm/mixin/injection/callback/CallbackInfo;)V does use it's CallbackInfo
[14:38:55] [Render thread/DEBUG] (FabricLoader/Mixin) fabric-renderer-indigo.mixins.json:BlockModelRendererMixin from mod fabric-renderer-indigo->@Inject::onInit(Lorg/spongepowered/asm/mixin/injection/callback/CallbackInfo;)V doesn't use it's CallbackInfo
[14:38:55] [Render thread/DEBUG] (FabricLoader/Mixin) fabric-renderer-indigo.mixins.json:BlockModelRendererMixin from mod fabric-renderer-indigo->@Inject::onInit(Lorg/spongepowered/asm/mixin/injection/callback/CallbackInfo;)V has 0 override(s) in child classes
[14:38:55] [Render thread/DEBUG] (FabricLoader/Mixin) fabric-renderer-indigo.mixins.json:BlockModelRendererMixin from mod fabric-renderer-indigo->@Inject::onInit(Lorg/spongepowered/asm/mixin/injection/callback/CallbackInfo;)V won't be passed a CallbackInfo as a result
[14:38:55] [Render thread/DEBUG] (FabricLoader/Mixin) Mixing FluidRendererMixin from fabric-rendering-fluids-v1.mixins.json into net.minecraft.client.renderer.block.LiquidBlockRenderer
[14:38:55] [Render thread/DEBUG] (FabricLoader/Mixin) fabric-rendering-fluids-v1.mixins.json:FluidRendererMixin from mod fabric-rendering-fluids-v1: Class version 65 required is higher than the class version supported by the current version of Mixin (JAVA_17 supports class version 61)
[14:38:55] [Render thread/DEBUG] (FabricLoader/Mixin) fabric-rendering-fluids-v1.mixins.json:FluidRendererMixin from mod fabric-rendering-fluids-v1->@Inject::onResourceReloadReturn(Lorg/spongepowered/asm/mixin/injection/callback/CallbackInfo;)V doesn't use it's CallbackInfo
[14:38:55] [Render thread/DEBUG] (FabricLoader/Mixin) fabric-rendering-fluids-v1.mixins.json:FluidRendererMixin from mod fabric-rendering-fluids-v1->@Inject::onResourceReloadReturn(Lorg/spongepowered/asm/mixin/injection/callback/CallbackInfo;)V has 0 override(s) in child classes
[14:38:55] [Render thread/DEBUG] (FabricLoader/Mixin) fabric-rendering-fluids-v1.mixins.json:FluidRendererMixin from mod fabric-rendering-fluids-v1->@Inject::onResourceReloadReturn(Lorg/spongepowered/asm/mixin/injection/callback/CallbackInfo;)V won't be passed a CallbackInfo as a result
[14:38:55] [Render thread/DEBUG] (FabricLoader/Mixin) fabric-rendering-fluids-v1.mixins.json:FluidRendererMixin from mod fabric-rendering-fluids-v1->@Inject::onHeadRender(Lnet/minecraft/world/level/BlockAndTintGetter;Lnet/minecraft/core/BlockPos;Lcom/mojang/blaze3d/vertex/VertexConsumer;Lnet/minecraft/world/level/block/state/BlockState;Lnet/minecraft/world/level/material/FluidState;Lorg/spongepowered/asm/mixin/injection/callback/CallbackInfo;)V does use it's CallbackInfo
[14:38:55] [Render thread/DEBUG] (FabricLoader/Mixin) Mixing HeldItemRendererMixin from fabric-item-api-v1.client.mixins.json into net.minecraft.client.renderer.ItemInHandRenderer
[14:38:55] [Render thread/DEBUG] (FabricLoader/Mixin) fabric-item-api-v1.client.mixins.json:HeldItemRendererMixin from mod fabric-item-api-v1: Class version 65 required is higher than the class version supported by the current version of Mixin (JAVA_17 supports class version 61)
[14:38:55] [Render thread/DEBUG] (FabricLoader/Mixin) fabric-item-api-v1.client.mixins.json:HeldItemRendererMixin from mod fabric-item-api-v1->@Inject::modifyProgressAnimation(Lorg/spongepowered/asm/mixin/injection/callback/CallbackInfo;)V doesn't use it's CallbackInfo
[14:38:55] [Render thread/DEBUG] (FabricLoader/Mixin) fabric-item-api-v1.client.mixins.json:HeldItemRendererMixin from mod fabric-item-api-v1->@Inject::modifyProgressAnimation(Lorg/spongepowered/asm/mixin/injection/callback/CallbackInfo;)V has 0 override(s) in child classes
[14:38:55] [Render thread/DEBUG] (FabricLoader/Mixin) fabric-item-api-v1.client.mixins.json:HeldItemRendererMixin from mod fabric-item-api-v1->@Inject::modifyProgressAnimation(Lorg/spongepowered/asm/mixin/injection/callback/CallbackInfo;)V won't be passed a CallbackInfo as a result
[14:38:55] [Render thread/DEBUG] (FabricLoader/Mixin) Mixing ParticleManagerMixin from fabric-registry-sync-v0.client.mixins.json into net.minecraft.client.particle.ParticleEngine
[14:38:55] [Render thread/DEBUG] (FabricLoader/Mixin) fabric-registry-sync-v0.client.mixins.json:ParticleManagerMixin from mod fabric-registry-sync-v0: Class version 65 required is higher than the class version supported by the current version of Mixin (JAVA_17 supports class version 61)
[14:38:55] [Render thread/DEBUG] (FabricLoader/Mixin) Mixing ParticleManagerMixin from fabric-particles-v1.client.mixins.json into net.minecraft.client.particle.ParticleEngine
[14:38:55] [Render thread/DEBUG] (FabricLoader/Mixin) fabric-particles-v1.client.mixins.json:ParticleManagerMixin from mod fabric-particles-v1: Class version 65 required is higher than the class version supported by the current version of Mixin (JAVA_17 supports class version 61)
[14:38:55] [Render thread/DEBUG] (FabricLoader/Mixin) Mixing ParticleManagerAccessor from fabric-particles-v1.client.mixins.json into net.minecraft.client.particle.ParticleEngine
[14:38:55] [Render thread/DEBUG] (FabricLoader/Mixin) fabric-particles-v1.client.mixins.json:ParticleManagerAccessor from mod fabric-particles-v1: Class version 65 required is higher than the class version supported by the current version of Mixin (JAVA_17 supports class version 61)
[14:38:55] [Render thread/DEBUG] (FabricLoader/Mixin) fabric-registry-sync-v0.client.mixins.json:ParticleManagerMixin from mod fabric-registry-sync-v0->@Inject::onInit(Lnet/minecraft/client/multiplayer/ClientLevel;Lnet/minecraft/client/renderer/texture/TextureManager;Lorg/spongepowered/asm/mixin/injection/callback/CallbackInfo;)V doesn't use it's CallbackInfo
[14:38:55] [Render thread/DEBUG] (FabricLoader/Mixin) fabric-registry-sync-v0.client.mixins.json:ParticleManagerMixin from mod fabric-registry-sync-v0->@Inject::onInit(Lnet/minecraft/client/multiplayer/ClientLevel;Lnet/minecraft/client/renderer/texture/TextureManager;Lorg/spongepowered/asm/mixin/injection/callback/CallbackInfo;)V has 0 override(s) in child classes
[14:38:55] [Render thread/DEBUG] (FabricLoader/Mixin) fabric-registry-sync-v0.client.mixins.json:ParticleManagerMixin from mod fabric-registry-sync-v0->@Inject::onInit(Lnet/minecraft/client/multiplayer/ClientLevel;Lnet/minecraft/client/renderer/texture/TextureManager;Lorg/spongepowered/asm/mixin/injection/callback/CallbackInfo;)V won't be passed a CallbackInfo as a result
[14:38:55] [Render thread/DEBUG] (FabricLoader/Mixin) fabric-particles-v1.client.mixins.json:ParticleManagerMixin from mod fabric-particles-v1->@Inject::onRegisterDefaultFactories(Lorg/spongepowered/asm/mixin/injection/callback/CallbackInfo;)V doesn't use it's CallbackInfo
[14:38:55] [Render thread/DEBUG] (FabricLoader/Mixin) fabric-particles-v1.client.mixins.json:ParticleManagerMixin from mod fabric-particles-v1->@Inject::onRegisterDefaultFactories(Lorg/spongepowered/asm/mixin/injection/callback/CallbackInfo;)V has 0 override(s) in child classes
[14:38:55] [Render thread/DEBUG] (FabricLoader/Mixin) fabric-particles-v1.client.mixins.json:ParticleManagerMixin from mod fabric-particles-v1->@Inject::onRegisterDefaultFactories(Lorg/spongepowered/asm/mixin/injection/callback/CallbackInfo;)V won't be passed a CallbackInfo as a result
[14:38:55] [Render thread/DEBUG] (FabricLoader/Mixin) Mixing BlockDustParticleMixin from fabric-particles-v1.client.mixins.json into net.minecraft.client.particle.TerrainParticle
[14:38:55] [Render thread/DEBUG] (FabricLoader/Mixin) fabric-particles-v1.client.mixins.json:BlockDustParticleMixin from mod fabric-particles-v1: Class version 65 required is higher than the class version supported by the current version of Mixin (JAVA_17 supports class version 61)
[14:38:55] [Render thread/DEBUG] (FabricLoader/Mixin) Mixing ParticleManagerAccessor$SimpleSpriteProviderAccessor from fabric-particles-v1.client.mixins.json into net.minecraft.client.particle.ParticleEngine$MutableSpriteSet
[14:38:55] [Render thread/DEBUG] (FabricLoader/Mixin) fabric-particles-v1.client.mixins.json:ParticleManagerAccessor$SimpleSpriteProviderAccessor from mod fabric-particles-v1: Class version 65 required is higher than the class version supported by the current version of Mixin (JAVA_17 supports class version 61)
[14:38:56] [Render thread/DEBUG] (com.mojang.blaze3d.systems.RenderSystem) Growing IndexBuffer: Old limit 0, new limit 9360.
[14:38:56] [Render thread/DEBUG] (com.mojang.blaze3d.systems.RenderSystem) Growing IndexBuffer: Old limit 0, new limit 20.
[14:38:56] [Render thread/DEBUG] (FabricLoader/Mixin) Mixing InGameHudMixin from fabric-rendering-v1.mixins.json into net.minecraft.client.gui.Gui
[14:38:56] [Render thread/DEBUG] (FabricLoader/Mixin) fabric-rendering-v1.mixins.json:InGameHudMixin from mod fabric-rendering-v1: Class version 65 required is higher than the class version supported by the current version of Mixin (JAVA_17 supports class version 61)
[14:38:56] [Render thread/DEBUG] (FabricLoader/Mixin) fabric-rendering-v1.mixins.json:InGameHudMixin from mod fabric-rendering-v1->@Inject::render(Lnet/minecraft/client/gui/GuiGraphics;Lnet/minecraft/client/DeltaTracker;Lorg/spongepowered/asm/mixin/injection/callback/CallbackInfo;)V doesn't use it's CallbackInfo
[14:38:56] [Render thread/DEBUG] (FabricLoader/Mixin) fabric-rendering-v1.mixins.json:InGameHudMixin from mod fabric-rendering-v1->@Inject::render(Lnet/minecraft/client/gui/GuiGraphics;Lnet/minecraft/client/DeltaTracker;Lorg/spongepowered/asm/mixin/injection/callback/CallbackInfo;)V has 0 override(s) in child classes
[14:38:56] [Render thread/DEBUG] (FabricLoader/Mixin) fabric-rendering-v1.mixins.json:InGameHudMixin from mod fabric-rendering-v1->@Inject::render(Lnet/minecraft/client/gui/GuiGraphics;Lnet/minecraft/client/DeltaTracker;Lorg/spongepowered/asm/mixin/injection/callback/CallbackInfo;)V won't be passed a CallbackInfo as a result
[14:38:56] [Render thread/DEBUG] (FabricLoader/Mixin) Mixing DebugHudMixin from fabric-renderer-api-v1.debughud.mixins.json into net.minecraft.client.gui.components.DebugScreenOverlay
[14:38:56] [Render thread/DEBUG] (FabricLoader/Mixin) fabric-renderer-api-v1.debughud.mixins.json:DebugHudMixin from mod fabric-renderer-api-v1: Class version 65 required is higher than the class version supported by the current version of Mixin (JAVA_17 supports class version 61)
[14:38:56] [Render thread/DEBUG] (FabricLoader/Mixin) fabric-renderer-api-v1.debughud.mixins.json:DebugHudMixin from mod fabric-renderer-api-v1->@Inject::getLeftText(Lorg/spongepowered/asm/mixin/injection/callback/CallbackInfoReturnable;)V does use it's CallbackInfoReturnable
[14:38:56] [Render thread/DEBUG] (FabricLoader/Mixin) fabric-renderer-api-v1.debughud.mixins.json:DebugHudMixin from mod fabric-renderer-api-v1->@Inject::getLeftText(Lorg/spongepowered/asm/mixin/injection/callback/CallbackInfoReturnable;)V does use it's CallbackInfoReturnable
[14:38:56] [Render thread/DEBUG] (FabricLoader/Mixin) Mixing shader.ShaderProgramImportProcessorMixin from fabric-rendering-v1.mixins.json into net.minecraft.client.renderer.ShaderInstance$1
[14:38:56] [Render thread/DEBUG] (FabricLoader/Mixin) fabric-rendering-v1.mixins.json:shader.ShaderProgramImportProcessorMixin from mod fabric-rendering-v1: Class version 65 required is higher than the class version supported by the current version of Mixin (JAVA_17 supports class version 61)
[14:38:56] [Render thread/DEBUG] (FabricLoader/Mixin) fabric-rendering-v1.mixins.json:shader.ShaderProgramImportProcessorMixin from mod fabric-rendering-v1->@Inject::captureImport(ZLjava/lang/String;Lorg/spongepowered/asm/mixin/injection/callback/CallbackInfoReturnable;)V doesn't use it's CallbackInfoReturnable
[14:38:56] [Render thread/DEBUG] (FabricLoader/Mixin) fabric-rendering-v1.mixins.json:shader.ShaderProgramImportProcessorMixin from mod fabric-rendering-v1->@Inject::captureImport(ZLjava/lang/String;Lorg/spongepowered/asm/mixin/injection/callback/CallbackInfoReturnable;)V has 0 override(s) in child classes
[14:38:56] [Render thread/DEBUG] (FabricLoader/Mixin) fabric-rendering-v1.mixins.json:shader.ShaderProgramImportProcessorMixin from mod fabric-rendering-v1->@Inject::captureImport(ZLjava/lang/String;Lorg/spongepowered/asm/mixin/injection/callback/CallbackInfoReturnable;)V won't be passed a CallbackInfoReturnable as a result
[14:38:56] [Render thread/DEBUG] (FabricLoader/Mixin) fabric-rendering-v1.mixins.json:shader.ShaderProgramImportProcessorMixin from mod fabric-rendering-v1->@Inject::uncaptureImport(ZLjava/lang/String;Lorg/spongepowered/asm/mixin/injection/callback/CallbackInfoReturnable;)V doesn't use it's CallbackInfoReturnable
[14:38:56] [Render thread/DEBUG] (FabricLoader/Mixin) fabric-rendering-v1.mixins.json:shader.ShaderProgramImportProcessorMixin from mod fabric-rendering-v1->@Inject::uncaptureImport(ZLjava/lang/String;Lorg/spongepowered/asm/mixin/injection/callback/CallbackInfoReturnable;)V has 0 override(s) in child classes
[14:38:56] [Render thread/DEBUG] (FabricLoader/Mixin) fabric-rendering-v1.mixins.json:shader.ShaderProgramImportProcessorMixin from mod fabric-rendering-v1->@Inject::uncaptureImport(ZLjava/lang/String;Lorg/spongepowered/asm/mixin/injection/callback/CallbackInfoReturnable;)V won't be passed a CallbackInfoReturnable as a result
[14:38:56] [Render thread/DEBUG] (FabricLoader/Mixin) fabric-rendering-v1.mixins.json:shader.ShaderProgramImportProcessorMixin from mod fabric-rendering-v1->@Inject::uncaptureImport(ZLjava/lang/String;Lorg/spongepowered/asm/mixin/injection/callback/CallbackInfoReturnable;)V doesn't use it's CallbackInfoReturnable
[14:38:56] [Render thread/DEBUG] (FabricLoader/Mixin) fabric-rendering-v1.mixins.json:shader.ShaderProgramImportProcessorMixin from mod fabric-rendering-v1->@Inject::uncaptureImport(ZLjava/lang/String;Lorg/spongepowered/asm/mixin/injection/callback/CallbackInfoReturnable;)V has 0 override(s) in child classes
[14:38:56] [Render thread/DEBUG] (FabricLoader/Mixin) fabric-rendering-v1.mixins.json:shader.ShaderProgramImportProcessorMixin from mod fabric-rendering-v1->@Inject::uncaptureImport(ZLjava/lang/String;Lorg/spongepowered/asm/mixin/injection/callback/CallbackInfoReturnable;)V won't be passed a CallbackInfoReturnable as a result
[14:38:56] [Render thread/DEBUG] (FabricLoader/Mixin) fabric-rendering-v1.mixins.json:shader.ShaderProgramImportProcessorMixin from mod fabric-rendering-v1->@Inject::uncaptureImport(ZLjava/lang/String;Lorg/spongepowered/asm/mixin/injection/callback/CallbackInfoReturnable;)V doesn't use it's CallbackInfoReturnable
[14:38:56] [Render thread/DEBUG] (FabricLoader/Mixin) fabric-rendering-v1.mixins.json:shader.ShaderProgramImportProcessorMixin from mod fabric-rendering-v1->@Inject::uncaptureImport(ZLjava/lang/String;Lorg/spongepowered/asm/mixin/injection/callback/CallbackInfoReturnable;)V has 0 override(s) in child classes
[14:38:56] [Render thread/DEBUG] (FabricLoader/Mixin) fabric-rendering-v1.mixins.json:shader.ShaderProgramImportProcessorMixin from mod fabric-rendering-v1->@Inject::uncaptureImport(ZLjava/lang/String;Lorg/spongepowered/asm/mixin/injection/callback/CallbackInfoReturnable;)V won't be passed a CallbackInfoReturnable as a result
[14:38:56] [Render thread/DEBUG] (FabricLoader/Mixin) Mixing ResourceMixin from fabric-resource-loader-v0.mixins.json into net.minecraft.server.packs.resources.Resource
[14:38:56] [Render thread/DEBUG] (FabricLoader/Mixin) fabric-resource-loader-v0.mixins.json:ResourceMixin from mod fabric-resource-loader-v0: Class version 65 required is higher than the class version supported by the current version of Mixin (JAVA_17 supports class version 61)
[14:38:56] [Render thread/DEBUG] (FabricLoader/Mixin) Mixing MessageHandlerMixin from fabric-message-api-v1.client.mixins.json into net.minecraft.client.multiplayer.chat.ChatListener
[14:38:56] [Render thread/DEBUG] (FabricLoader/Mixin) fabric-message-api-v1.client.mixins.json:MessageHandlerMixin from mod fabric-message-api-v1: Class version 65 required is higher than the class version supported by the current version of Mixin (JAVA_17 supports class version 61)
[14:38:56] [Render thread/DEBUG] (FabricLoader/Mixin) fabric-message-api-v1.client.mixins.json:MessageHandlerMixin from mod fabric-message-api-v1->@Inject::fabric_onSignedChatMessage(Lnet/minecraft/network/chat/ChatType$Bound;Lnet/minecraft/network/chat/PlayerChatMessage;Lnet/minecraft/network/chat/Component;Lcom/mojang/authlib/GameProfile;ZLjava/time/Instant;Lorg/spongepowered/asm/mixin/injection/callback/CallbackInfoReturnable;)V does use it's CallbackInfoReturnable
[14:38:56] [Render thread/DEBUG] (FabricLoader/Mixin) fabric-message-api-v1.client.mixins.json:MessageHandlerMixin from mod fabric-message-api-v1->@Inject::fabric_onFilteredSignedChatMessage(Lnet/minecraft/network/chat/ChatType$Bound;Lnet/minecraft/network/chat/PlayerChatMessage;Lnet/minecraft/network/chat/Component;Lcom/mojang/authlib/GameProfile;ZLjava/time/Instant;Lorg/spongepowered/asm/mixin/injection/callback/CallbackInfoReturnable;)V does use it's CallbackInfoReturnable
[14:38:56] [Render thread/DEBUG] (FabricLoader/Mixin) fabric-message-api-v1.client.mixins.json:MessageHandlerMixin from mod fabric-message-api-v1->@Inject::fabric_onProfilelessChatMessage(Lnet/minecraft/network/chat/ChatType$Bound;Lnet/minecraft/network/chat/Component;Ljava/time/Instant;Lorg/spongepowered/asm/mixin/injection/callback/CallbackInfoReturnable;)V does use it's CallbackInfoReturnable
[14:38:56] [Render thread/DEBUG] (FabricLoader/Mixin) fabric-message-api-v1.client.mixins.json:MessageHandlerMixin from mod fabric-message-api-v1->@Inject::fabric_allowGameMessage(Lnet/minecraft/network/chat/Component;ZLorg/spongepowered/asm/mixin/injection/callback/CallbackInfo;)V does use it's CallbackInfo
[14:38:56] [Render thread/INFO] (net.minecraft.server.packs.resources.ReloadableResourceManager) Reloading ResourceManager: vanilla, fabric, fabric-api, fabric-api-base, fabric-api-lookup-api-v1, fabric-biome-api-v1, fabric-block-api-v1, fabric-block-view-api-v2, fabric-blockrenderlayer-v1, fabric-client-tags-api-v1, fabric-command-api-v1, fabric-command-api-v2, fabric-commands-v0, fabric-content-registries-v0, fabric-convention-tags-v1, fabric-convention-tags-v2, fabric-crash-report-info-v1, fabric-data-attachment-api-v1, fabric-data-generation-api-v1, fabric-dimensions-v1, fabric-entity-events-v1, fabric-events-interaction-v0, fabric-game-rule-api-v1, fabric-gametest-api-v1, fabric-item-api-v1, fabric-item-group-api-v1, fabric-key-binding-api-v1, fabric-keybindings-v0, fabric-lifecycle-events-v1, fabric-loot-api-v2, fabric-message-api-v1, fabric-model-loading-api-v1, fabric-networking-api-v1, fabric-object-builder-api-v1, fabric-particles-v1, fabric-recipe-api-v1, fabric-registry-sync-v0, fabric-renderer-api-v1, fabric-renderer-indigo, fabric-renderer-registries-v1, fabric-rendering-data-attachment-v1, fabric-rendering-fluids-v1, fabric-rendering-v0, fabric-rendering-v1, fabric-resource-conditions-api-v1, fabric-resource-loader-v0, fabric-screen-api-v1, fabric-screen-handler-api-v1, fabric-sound-api-v1, fabric-transfer-api-v1, fabric-transitive-access-wideners-v1, fabricloader, yapping_tooltips
[14:38:56] [Render thread/DEBUG] (FabricLoader/Mixin) Mixing SimpleResourceReloadMixin from fabric-resource-loader-v0.mixins.json into net.minecraft.server.packs.resources.SimpleReloadInstance
[14:38:56] [Render thread/DEBUG] (FabricLoader/Mixin) fabric-resource-loader-v0.mixins.json:SimpleResourceReloadMixin from mod fabric-resource-loader-v0: Class version 65 required is higher than the class version supported by the current version of Mixin (JAVA_17 supports class version 61)
[14:38:56] [Render thread/DEBUG] (FabricLoader/Mixin) fabric-resource-loader-v0.mixins.json:SimpleResourceReloadMixin from mod fabric-resource-loader-v0->@Inject::method_40087(Lnet/minecraft/server/packs/resources/ResourceManager;Ljava/util/List;Ljava/util/concurrent/Executor;Ljava/util/concurrent/Executor;Ljava/util/concurrent/CompletableFuture;ZLorg/spongepowered/asm/mixin/injection/callback/CallbackInfoReturnable;)V doesn't use it's CallbackInfoReturnable
[14:38:56] [Worker-Main-3/DEBUG] (FabricLoader/Mixin) Mixing BlockStatesLoaderMixin from fabric-model-loading-api-v1.mixins.json into net.minecraft.client.resources.model.BlockStateModelLoader
[14:38:56] [Worker-Main-3/DEBUG] (FabricLoader/Mixin) fabric-model-loading-api-v1.mixins.json:BlockStatesLoaderMixin from mod fabric-model-loading-api-v1: Class version 65 required is higher than the class version supported by the current version of Mixin (JAVA_17 supports class version 61)
[14:38:56] [Worker-Main-3/DEBUG] (FabricLoader/Mixin) fabric-model-loading-api-v1.mixins.json:BlockStatesLoaderMixin from mod fabric-model-loading-api-v1->@Inject::onHeadLoadBlockStates(Lnet/minecraft/resources/ResourceLocation;Lnet/minecraft/world/level/block/state/StateDefinition;Lorg/spongepowered/asm/mixin/injection/callback/CallbackInfo;)V does use it's CallbackInfo
[14:38:56] [Worker-Main-2/INFO] (net.minecraft.client.gui.font.providers.UnihexProvider) Found unifont_all_no_pua-15.1.05.hex, loading
[14:38:57] [Worker-Main-3/DEBUG] (FabricLoader/Mixin) Mixing AtlasSourceManagerAccessor from fabric-rendering-v1.mixins.json into net.minecraft.client.renderer.texture.atlas.SpriteSources
[14:38:57] [Worker-Main-3/DEBUG] (FabricLoader/Mixin) fabric-rendering-v1.mixins.json:AtlasSourceManagerAccessor from mod fabric-rendering-v1: Class version 65 required is higher than the class version supported by the current version of Mixin (JAVA_17 supports class version 61)
[14:38:57] [Worker-Main-3/DEBUG] (FabricLoader/Mixin) Renaming @Accessor method getSourceTypeById()Lcom/google/common/collect/BiMap; to getSourceTypeById$fabric-rendering-v1_$md$95bee0$0 in fabric-rendering-v1.mixins.json:AtlasSourceManagerAccessor from mod fabric-rendering-v1
[14:38:57] [Worker-Main-2/INFO] (net.minecraft.client.gui.font.providers.UnihexProvider) Found unifont_jp_patch-15.1.05.hex, loading
[14:38:59] [Worker-Main-1/DEBUG] (FabricLoader/Mixin) Mixing ModelLoaderBakerImplMixin from fabric-model-loading-api-v1.mixins.json into net.minecraft.client.resources.model.ModelBakery$ModelBakerImpl
[14:38:59] [Worker-Main-1/DEBUG] (FabricLoader/Mixin) fabric-model-loading-api-v1.mixins.json:ModelLoaderBakerImplMixin from mod fabric-model-loading-api-v1: Class version 65 required is higher than the class version supported by the current version of Mixin (JAVA_17 supports class version 61)
[14:38:59] [Worker-Main-1/DEBUG] (FabricLoader/Mixin) Mixing client.MultipartBakedModelMixin from fabric-renderer-api-v1.mixins.json into net.minecraft.client.resources.model.MultiPartBakedModel
[14:38:59] [Worker-Main-1/DEBUG] (FabricLoader/Mixin) fabric-renderer-api-v1.mixins.json:client.MultipartBakedModelMixin from mod fabric-renderer-api-v1: Class version 65 required is higher than the class version supported by the current version of Mixin (JAVA_17 supports class version 61)
[14:38:59] [Worker-Main-1/DEBUG] (FabricLoader/Mixin) Renaming synthetic method lambda$emitBlockQuads$0(Lnet/minecraft/util/RandomSource;J)Lnet/minecraft/util/RandomSource; to md95bee0$fabric-renderer-api-v1$lambda$emitBlockQuads$0$0 in fabric-renderer-api-v1.mixins.json:client.MultipartBakedModelMixin from mod fabric-renderer-api-v1
[14:38:59] [Worker-Main-1/DEBUG] (FabricLoader/Mixin) fabric-renderer-api-v1.mixins.json:client.MultipartBakedModelMixin from mod fabric-renderer-api-v1->@Inject::onInit(Ljava/util/List;Lorg/spongepowered/asm/mixin/injection/callback/CallbackInfo;)V doesn't use it's CallbackInfo
[14:38:59] [Worker-Main-1/DEBUG] (FabricLoader/Mixin) fabric-renderer-api-v1.mixins.json:client.MultipartBakedModelMixin from mod fabric-renderer-api-v1->@Inject::onInit(Ljava/util/List;Lorg/spongepowered/asm/mixin/injection/callback/CallbackInfo;)V has 0 override(s) in child classes
[14:38:59] [Worker-Main-1/DEBUG] (FabricLoader/Mixin) fabric-renderer-api-v1.mixins.json:client.MultipartBakedModelMixin from mod fabric-renderer-api-v1->@Inject::onInit(Ljava/util/List;Lorg/spongepowered/asm/mixin/injection/callback/CallbackInfo;)V won't be passed a CallbackInfo as a result
[14:38:59] [Worker-Main-1/DEBUG] (FabricLoader/Mixin) Mixing client.WeightedBakedModelMixin from fabric-renderer-api-v1.mixins.json into net.minecraft.client.resources.model.WeightedBakedModel
[14:38:59] [Worker-Main-1/DEBUG] (FabricLoader/Mixin) fabric-renderer-api-v1.mixins.json:client.WeightedBakedModelMixin from mod fabric-renderer-api-v1: Class version 65 required is higher than the class version supported by the current version of Mixin (JAVA_17 supports class version 61)
[14:38:59] [Worker-Main-1/DEBUG] (FabricLoader/Mixin) Renaming synthetic method lambda$emitItemQuads$1(Ljava/util/function/Supplier;)Lnet/minecraft/util/RandomSource; to md95bee0$fabric-renderer-api-v1$lambda$emitItemQuads$1$0 in fabric-renderer-api-v1.mixins.json:client.WeightedBakedModelMixin from mod fabric-renderer-api-v1
[14:38:59] [Worker-Main-1/DEBUG] (FabricLoader/Mixin) Renaming synthetic method lambda$emitBlockQuads$0(Ljava/util/function/Supplier;)Lnet/minecraft/util/RandomSource; to md95bee0$fabric-renderer-api-v1$lambda$emitBlockQuads$0$1 in fabric-renderer-api-v1.mixins.json:client.WeightedBakedModelMixin from mod fabric-renderer-api-v1
[14:38:59] [Worker-Main-1/DEBUG] (FabricLoader/Mixin) fabric-renderer-api-v1.mixins.json:client.WeightedBakedModelMixin from mod fabric-renderer-api-v1->@Inject::onInit(Ljava/util/List;Lorg/spongepowered/asm/mixin/injection/callback/CallbackInfo;)V doesn't use it's CallbackInfo
[14:38:59] [Worker-Main-1/DEBUG] (FabricLoader/Mixin) fabric-renderer-api-v1.mixins.json:client.WeightedBakedModelMixin from mod fabric-renderer-api-v1->@Inject::onInit(Ljava/util/List;Lorg/spongepowered/asm/mixin/injection/callback/CallbackInfo;)V has 0 override(s) in child classes
[14:38:59] [Worker-Main-1/DEBUG] (FabricLoader/Mixin) fabric-renderer-api-v1.mixins.json:client.WeightedBakedModelMixin from mod fabric-renderer-api-v1->@Inject::onInit(Ljava/util/List;Lorg/spongepowered/asm/mixin/injection/callback/CallbackInfo;)V won't be passed a CallbackInfo as a result
[14:39:00] [Render thread/WARN] (net.minecraft.client.sounds.SoundEngine) Missing sound for event: minecraft:item.goat_horn.play
[14:39:00] [Render thread/WARN] (net.minecraft.client.sounds.SoundEngine) Missing sound for event: minecraft:entity.goat.screaming.horn_break
[14:39:00] [Render thread/INFO] (com.mojang.blaze3d.audio.Library) OpenAL initialized on device OpenAL Soft on Speakers (HyperX Cloud Stinger Core (Wireless) – PS)
[14:39:00] [Render thread/INFO] (net.minecraft.client.sounds.SoundEngine) Sound engine started
[14:39:01] [Render thread/INFO] (net.minecraft.client.renderer.texture.TextureAtlas) Created: 1024x512x4 minecraft:textures/atlas/blocks.png-atlas
[14:39:01] [Render thread/INFO] (net.minecraft.client.renderer.texture.TextureAtlas) Created: 256x256x4 minecraft:textures/atlas/signs.png-atlas
[14:39:01] [Render thread/INFO] (net.minecraft.client.renderer.texture.TextureAtlas) Created: 512x512x4 minecraft:textures/atlas/banner_patterns.png-atlas
[14:39:01] [Render thread/INFO] (net.minecraft.client.renderer.texture.TextureAtlas) Created: 512x512x4 minecraft:textures/atlas/shield_patterns.png-atlas
[14:39:01] [Render thread/INFO] (net.minecraft.client.renderer.texture.TextureAtlas) Created: 1024x1024x4 minecraft:textures/atlas/armor_trims.png-atlas
[14:39:01] [Render thread/INFO] (net.minecraft.client.renderer.texture.TextureAtlas) Created: 128x64x4 minecraft:textures/atlas/decorated_pot.png-atlas
[14:39:01] [Render thread/INFO] (net.minecraft.client.renderer.texture.TextureAtlas) Created: 256x256x4 minecraft:textures/atlas/chest.png-atlas
[14:39:01] [Render thread/INFO] (net.minecraft.client.renderer.texture.TextureAtlas) Created: 512x256x4 minecraft:textures/atlas/shulker_boxes.png-atlas
[14:39:01] [Render thread/INFO] (net.minecraft.client.renderer.texture.TextureAtlas) Created: 512x256x4 minecraft:textures/atlas/beds.png-atlas
[14:39:01] [Render thread/DEBUG] (FabricLoader/Mixin) Mixing EntityModelsMixin from fabric-rendering-v1.mixins.json into net.minecraft.client.model.geom.LayerDefinitions
[14:39:01] [Render thread/DEBUG] (FabricLoader/Mixin) fabric-rendering-v1.mixins.json:EntityModelsMixin from mod fabric-rendering-v1: Class version 65 required is higher than the class version supported by the current version of Mixin (JAVA_17 supports class version 61)
[14:39:01] [Render thread/DEBUG] (FabricLoader/Mixin) fabric-rendering-v1.mixins.json:EntityModelsMixin from mod fabric-rendering-v1->@Inject::registerExtraModelData(Lorg/spongepowered/asm/mixin/injection/callback/CallbackInfoReturnable;Lcom/google/common/collect/ImmutableMap$Builder;)V doesn't use it's CallbackInfoReturnable
[14:39:01] [Render thread/DEBUG] (FabricLoader/Mixin) Mixing EntityModelLayersMixin from fabric-object-builder-v1.client.mixins.json into net.minecraft.client.model.geom.ModelLayers
[14:39:01] [Render thread/DEBUG] (FabricLoader/Mixin) fabric-object-builder-v1.client.mixins.json:EntityModelLayersMixin from mod fabric-object-builder-api-v1: Class version 65 required is higher than the class version supported by the current version of Mixin (JAVA_17 supports class version 61)
[14:39:01] [Render thread/DEBUG] (FabricLoader/Mixin) Mixing EntityModelLayersAccessor from fabric-rendering-v1.mixins.json into net.minecraft.client.model.geom.ModelLayers
[14:39:01] [Render thread/DEBUG] (FabricLoader/Mixin) fabric-rendering-v1.mixins.json:EntityModelLayersAccessor from mod fabric-rendering-v1: Class version 65 required is higher than the class version supported by the current version of Mixin (JAVA_17 supports class version 61)
[14:39:01] [Render thread/DEBUG] (FabricLoader/Mixin) Renaming @Accessor method getLayers()Ljava/util/Set; to getLayers$fabric-rendering-v1_$md$95bee0$0 in fabric-rendering-v1.mixins.json:EntityModelLayersAccessor from mod fabric-rendering-v1
[14:39:01] [Render thread/DEBUG] (FabricLoader/Mixin) fabric-object-builder-v1.client.mixins.json:EntityModelLayersMixin from mod fabric-object-builder-api-v1->@Inject::createSign(Lnet/minecraft/world/level/block/state/properties/WoodType;Lorg/spongepowered/asm/mixin/injection/callback/CallbackInfoReturnable;)V does use it's CallbackInfoReturnable
[14:39:01] [Render thread/DEBUG] (FabricLoader/Mixin) fabric-object-builder-v1.client.mixins.json:EntityModelLayersMixin from mod fabric-object-builder-api-v1->@Inject::createHangingSign(Lnet/minecraft/world/level/block/state/properties/WoodType;Lorg/spongepowered/asm/mixin/injection/callback/CallbackInfoReturnable;)V does use it's CallbackInfoReturnable
[14:39:02] [Render thread/DEBUG] (FabricLoader/Mixin) Mixing BlockEntityRendererFactoriesMixin from fabric-rendering-v1.mixins.json into net.minecraft.client.renderer.blockentity.BlockEntityRenderers
[14:39:02] [Render thread/DEBUG] (FabricLoader/Mixin) fabric-rendering-v1.mixins.json:BlockEntityRendererFactoriesMixin from mod fabric-rendering-v1: Class version 65 required is higher than the class version supported by the current version of Mixin (JAVA_17 supports class version 61)
[14:39:02] [Render thread/DEBUG] (FabricLoader/Mixin) Renaming synthetic method lambda$init$0(Lnet/minecraft/world/level/block/entity/BlockEntityType;Lnet/minecraft/client/renderer/blockentity/BlockEntityRendererProvider;)V to md95bee0$fabric-rendering-v1$lambda$init$0$0 in fabric-rendering-v1.mixins.json:BlockEntityRendererFactoriesMixin from mod fabric-rendering-v1
[14:39:02] [Render thread/DEBUG] (FabricLoader/Mixin) fabric-rendering-v1.mixins.json:BlockEntityRendererFactoriesMixin from mod fabric-rendering-v1->@Inject::init(Lorg/spongepowered/asm/mixin/injection/callback/CallbackInfo;)V doesn't use it's CallbackInfo
[14:39:02] [Render thread/DEBUG] (FabricLoader/Mixin) Mixing EntityRenderersMixin from fabric-rendering-v1.mixins.json into net.minecraft.client.renderer.entity.EntityRenderers
[14:39:02] [Render thread/DEBUG] (FabricLoader/Mixin) fabric-rendering-v1.mixins.json:EntityRenderersMixin from mod fabric-rendering-v1: Class version 65 required is higher than the class version supported by the current version of Mixin (JAVA_17 supports class version 61)
[14:39:02] [Render thread/DEBUG] (FabricLoader/Mixin) Renaming synthetic method lambda$onRegisterRenderers$0(Lnet/minecraft/world/entity/EntityType;Lnet/minecraft/client/renderer/entity/EntityRendererProvider;)V to md95bee0$fabric-rendering-v1$lambda$onRegisterRenderers$0$0 in fabric-rendering-v1.mixins.json:EntityRenderersMixin from mod fabric-rendering-v1
[14:39:02] [Render thread/DEBUG] (FabricLoader/Mixin) fabric-rendering-v1.mixins.json:EntityRenderersMixin from mod fabric-rendering-v1->@Inject::onRegisterRenderers(Lorg/spongepowered/asm/mixin/injection/callback/CallbackInfo;)V doesn't use it's CallbackInfo
[14:39:02] [Render thread/DEBUG] (FabricLoader/Mixin) Mixing LivingEntityRendererAccessor from fabric-rendering-v1.mixins.json into net.minecraft.client.renderer.entity.LivingEntityRenderer
[14:39:02] [Render thread/DEBUG] (FabricLoader/Mixin) fabric-rendering-v1.mixins.json:LivingEntityRendererAccessor from mod fabric-rendering-v1: Class version 65 required is higher than the class version supported by the current version of Mixin (JAVA_17 supports class version 61)
[14:39:02] [Render thread/DEBUG] (FabricLoader/Mixin) Mixing ArmorFeatureRendererMixin from fabric-rendering-v1.mixins.json into net.minecraft.client.renderer.entity.layers.HumanoidArmorLayer
[14:39:02] [Render thread/DEBUG] (FabricLoader/Mixin) fabric-rendering-v1.mixins.json:ArmorFeatureRendererMixin from mod fabric-rendering-v1: Class version 65 required is higher than the class version supported by the current version of Mixin (JAVA_17 supports class version 61)
[14:39:02] [Render thread/DEBUG] (FabricLoader/Mixin) fabric-rendering-v1.mixins.json:ArmorFeatureRendererMixin from mod fabric-rendering-v1->@Inject::renderArmor(Lcom/mojang/blaze3d/vertex/PoseStack;Lnet/minecraft/client/renderer/MultiBufferSource;Lnet/minecraft/world/entity/LivingEntity;Lnet/minecraft/world/entity/EquipmentSlot;ILnet/minecraft/client/model/HumanoidModel;Lorg/spongepowered/asm/mixin/injection/callback/CallbackInfo;)V does use it's CallbackInfo
[14:39:02] [Render thread/DEBUG] (FabricLoader/Mixin) Mixing CapeFeatureRendererMixin from fabric-rendering-v1.mixins.json into net.minecraft.client.renderer.entity.layers.CapeLayer
[14:39:02] [Render thread/DEBUG] (FabricLoader/Mixin) fabric-rendering-v1.mixins.json:CapeFeatureRendererMixin from mod fabric-rendering-v1: Class version 65 required is higher than the class version supported by the current version of Mixin (JAVA_17 supports class version 61)
[14:39:02] [Render thread/DEBUG] (FabricLoader/Mixin) fabric-rendering-v1.mixins.json:CapeFeatureRendererMixin from mod fabric-rendering-v1->@Inject::injectCapeRenderCheck(Lcom/mojang/blaze3d/vertex/PoseStack;Lnet/minecraft/client/renderer/MultiBufferSource;ILnet/minecraft/client/player/AbstractClientPlayer;FFFFFFLorg/spongepowered/asm/mixin/injection/callback/CallbackInfo;)V does use it's CallbackInfo
[14:39:02] [Render thread/INFO] (net.minecraft.client.renderer.texture.TextureAtlas) Created: 512x256x0 minecraft:textures/atlas/particles.png-atlas
[14:39:02] [Render thread/INFO] (net.minecraft.client.renderer.texture.TextureAtlas) Created: 512x256x0 minecraft:textures/atlas/paintings.png-atlas
[14:39:02] [Render thread/INFO] (net.minecraft.client.renderer.texture.TextureAtlas) Created: 256x128x0 minecraft:textures/atlas/mob_effects.png-atlas
[14:39:02] [Render thread/INFO] (net.minecraft.client.renderer.texture.TextureAtlas) Created: 64x64x0 minecraft:textures/atlas/map_decorations.png-atlas
[14:39:03] [Render thread/INFO] (net.minecraft.client.renderer.texture.TextureAtlas) Created: 1024x512x0 minecraft:textures/atlas/gui.png-atlas
[14:39:03] [Render thread/WARN] (net.minecraft.client.renderer.ShaderInstance) Shader rendertype_entity_translucent_emissive could not find sampler named Sampler2 in the specified shader program.
[14:39:21] [Worker-Main-2/DEBUG] (FabricLoader/Mixin) Mixing GameRulesAccessor from fabric-game-rule-api-v1.mixins.json into net.minecraft.world.level.GameRules
[14:39:21] [Worker-Main-2/DEBUG] (FabricLoader/Mixin) fabric-game-rule-api-v1.mixins.json:GameRulesAccessor from mod fabric-game-rule-api-v1: Class version 65 required is higher than the class version supported by the current version of Mixin (JAVA_17 supports class version 61)
[14:39:21] [Worker-Main-2/DEBUG] (FabricLoader/Mixin) Renaming @Invoker method callRegister(Ljava/lang/String;Lnet/minecraft/world/level/GameRules$Category;Lnet/minecraft/world/level/GameRules$Type;)Lnet/minecraft/world/level/GameRules$Key; to callRegister$fabric-game-rule-api-v1_$md$95bee0$0 in fabric-game-rule-api-v1.mixins.json:GameRulesAccessor from mod fabric-game-rule-api-v1
[14:39:21] [Worker-Main-2/DEBUG] (FabricLoader/Mixin) Renaming @Accessor method getRuleTypes()Ljava/util/Map; to getRuleTypes$fabric-game-rule-api-v1_$md$95bee0$1 in fabric-game-rule-api-v1.mixins.json:GameRulesAccessor from mod fabric-game-rule-api-v1
[14:39:21] [Worker-Main-2/DEBUG] (FabricLoader/Mixin) Mixing GameRulesKeyMixin from fabric-game-rule-api-v1.mixins.json into net.minecraft.world.level.GameRules$Key
[14:39:21] [Worker-Main-2/DEBUG] (FabricLoader/Mixin) fabric-game-rule-api-v1.mixins.json:GameRulesKeyMixin from mod fabric-game-rule-api-v1: Class version 65 required is higher than the class version supported by the current version of Mixin (JAVA_17 supports class version 61)
[14:39:21] [Worker-Main-2/DEBUG] (FabricLoader/Mixin) Mixing GameRulesBooleanRuleAccessor from fabric-game-rule-api-v1.mixins.json into net.minecraft.world.level.GameRules$BooleanValue
[14:39:21] [Worker-Main-2/DEBUG] (FabricLoader/Mixin) fabric-game-rule-api-v1.mixins.json:GameRulesBooleanRuleAccessor from mod fabric-game-rule-api-v1: Class version 65 required is higher than the class version supported by the current version of Mixin (JAVA_17 supports class version 61)
[14:39:21] [Worker-Main-2/DEBUG] (FabricLoader/Mixin) Renaming @Invoker method invokeCreate(ZLjava/util/function/BiConsumer;)Lnet/minecraft/world/level/GameRules$Type; to invokeCreate$fabric-game-rule-api-v1_$md$95bee0$0 in fabric-game-rule-api-v1.mixins.json:GameRulesBooleanRuleAccessor from mod fabric-game-rule-api-v1
[14:39:21] [Worker-Main-2/DEBUG] (FabricLoader/Mixin) Mixing GameRulesIntRuleAccessor from fabric-game-rule-api-v1.mixins.json into net.minecraft.world.level.GameRules$IntegerValue
[14:39:21] [Worker-Main-2/DEBUG] (FabricLoader/Mixin) fabric-game-rule-api-v1.mixins.json:GameRulesIntRuleAccessor from mod fabric-game-rule-api-v1: Class version 65 required is higher than the class version supported by the current version of Mixin (JAVA_17 supports class version 61)
[14:39:21] [Render thread/DEBUG] (FabricLoader/Mixin) Mixing CreateWorldScreenMixin from fabric-resource-loader-v0.client.mixins.json into net.minecraft.client.gui.screens.worldselection.CreateWorldScreen
[14:39:21] [Render thread/DEBUG] (FabricLoader/Mixin) fabric-resource-loader-v0.client.mixins.json:CreateWorldScreenMixin from mod fabric-resource-loader-v0: Class version 65 required is higher than the class version supported by the current version of Mixin (JAVA_17 supports class version 61)
[14:39:21] [Render thread/DEBUG] (FabricLoader/Mixin) fabric-resource-loader-v0.client.mixins.json:CreateWorldScreenMixin from mod fabric-resource-loader-v0->@Inject::onScanPacks(Lorg/spongepowered/asm/mixin/injection/callback/CallbackInfoReturnable;)V doesn't use it's CallbackInfoReturnable
[14:39:21] [Render thread/DEBUG] (FabricLoader/Mixin) fabric-resource-loader-v0.client.mixins.json:CreateWorldScreenMixin from mod fabric-resource-loader-v0->@Inject::onScanPacks(Lorg/spongepowered/asm/mixin/injection/callback/CallbackInfoReturnable;)V has 0 override(s) in child classes
[14:39:21] [Render thread/DEBUG] (FabricLoader/Mixin) fabric-resource-loader-v0.client.mixins.json:CreateWorldScreenMixin from mod fabric-resource-loader-v0->@Inject::onScanPacks(Lorg/spongepowered/asm/mixin/injection/callback/CallbackInfoReturnable;)V won't be passed a CallbackInfoReturnable as a result
[14:39:22] [Render thread/DEBUG] (FabricLoader/Mixin) Mixing DataPackContentsMixin from fabric-resource-conditions-api-v1.mixins.json into net.minecraft.server.ReloadableServerResources
[14:39:22] [Render thread/DEBUG] (FabricLoader/Mixin) fabric-resource-conditions-api-v1.mixins.json:DataPackContentsMixin from mod fabric-resource-conditions-api-v1: Class version 65 required is higher than the class version supported by the current version of Mixin (JAVA_17 supports class version 61)
[14:39:22] [Render thread/DEBUG] (FabricLoader/Mixin) Mixing DataPackContentsMixin from fabric-lifecycle-events-v1.mixins.json into net.minecraft.server.ReloadableServerResources
[14:39:22] [Render thread/DEBUG] (FabricLoader/Mixin) fabric-lifecycle-events-v1.mixins.json:DataPackContentsMixin from mod fabric-lifecycle-events-v1: Class version 65 required is higher than the class version supported by the current version of Mixin (JAVA_17 supports class version 61)
[14:39:22] [Render thread/DEBUG] (FabricLoader/Mixin) fabric-resource-conditions-api-v1.mixins.json:DataPackContentsMixin from mod fabric-resource-conditions-api-v1->@Inject::hookRefresh(Lorg/spongepowered/asm/mixin/injection/callback/CallbackInfo;)V doesn't use it's CallbackInfo
[14:39:22] [Render thread/DEBUG] (FabricLoader/Mixin) fabric-resource-conditions-api-v1.mixins.json:DataPackContentsMixin from mod fabric-resource-conditions-api-v1->@Inject::hookRefresh(Lorg/spongepowered/asm/mixin/injection/callback/CallbackInfo;)V has 0 override(s) in child classes
[14:39:22] [Render thread/DEBUG] (FabricLoader/Mixin) fabric-resource-conditions-api-v1.mixins.json:DataPackContentsMixin from mod fabric-resource-conditions-api-v1->@Inject::hookRefresh(Lorg/spongepowered/asm/mixin/injection/callback/CallbackInfo;)V won't be passed a CallbackInfo as a result
[14:39:22] [Render thread/DEBUG] (FabricLoader/Mixin) fabric-resource-conditions-api-v1.mixins.json:DataPackContentsMixin from mod fabric-resource-conditions-api-v1->@Inject::hookReload(Lnet/minecraft/server/packs/resources/ResourceManager;Lnet/minecraft/core/LayeredRegistryAccess;Lnet/minecraft/world/flag/FeatureFlagSet;Lnet/minecraft/commands/Commands$CommandSelection;ILjava/util/concurrent/Executor;Ljava/util/concurrent/Executor;Lorg/spongepowered/asm/mixin/injection/callback/CallbackInfoReturnable;)V doesn't use it's CallbackInfoReturnable
[14:39:22] [Render thread/DEBUG] (FabricLoader/Mixin) fabric-lifecycle-events-v1.mixins.json:DataPackContentsMixin from mod fabric-lifecycle-events-v1->@Inject::hookRefresh(Lorg/spongepowered/asm/mixin/injection/callback/CallbackInfo;)V doesn't use it's CallbackInfo
[14:39:22] [Render thread/DEBUG] (FabricLoader/Mixin) fabric-lifecycle-events-v1.mixins.json:DataPackContentsMixin from mod fabric-lifecycle-events-v1->@Inject::hookRefresh(Lorg/spongepowered/asm/mixin/injection/callback/CallbackInfo;)V has 0 override(s) in child classes
[14:39:22] [Render thread/DEBUG] (FabricLoader/Mixin) fabric-lifecycle-events-v1.mixins.json:DataPackContentsMixin from mod fabric-lifecycle-events-v1->@Inject::hookRefresh(Lorg/spongepowered/asm/mixin/injection/callback/CallbackInfo;)V won't be passed a CallbackInfo as a result
[14:39:22] [Render thread/DEBUG] (FabricLoader/Mixin) Mixing SaveLoadingMixin from fabric-registry-sync-v0.mixins.json into net.minecraft.server.WorldLoader
[14:39:22] [Render thread/DEBUG] (FabricLoader/Mixin) fabric-registry-sync-v0.mixins.json:SaveLoadingMixin from mod fabric-registry-sync-v0: Class version 65 required is higher than the class version supported by the current version of Mixin (JAVA_17 supports class version 61)
[14:39:22] [Render thread/DEBUG] (FabricLoader/Mixin) Mixing ServerPlayerInteractionManagerMixin from fabric-events-interaction-v0.mixins.json into net.minecraft.server.level.ServerPlayerGameMode
[14:39:22] [Render thread/DEBUG] (FabricLoader/Mixin) fabric-events-interaction-v0.mixins.json:ServerPlayerInteractionManagerMixin from mod fabric-events-interaction-v0: Class version 65 required is higher than the class version supported by the current version of Mixin (JAVA_17 supports class version 61)
[14:39:22] [Render thread/DEBUG] (FabricLoader/Mixin) fabric-events-interaction-v0.mixins.json:ServerPlayerInteractionManagerMixin from mod fabric-events-interaction-v0->@Inject::startBlockBreak(Lnet/minecraft/core/BlockPos;Lnet/minecraft/network/protocol/game/ServerboundPlayerActionPacket$Action;Lnet/minecraft/core/Direction;IILorg/spongepowered/asm/mixin/injection/callback/CallbackInfo;)V does use it's CallbackInfo
[14:39:22] [Render thread/DEBUG] (FabricLoader/Mixin) fabric-events-interaction-v0.mixins.json:ServerPlayerInteractionManagerMixin from mod fabric-events-interaction-v0->@Inject::interactBlock(Lnet/minecraft/server/level/ServerPlayer;Lnet/minecraft/world/level/Level;Lnet/minecraft/world/item/ItemStack;Lnet/minecraft/world/InteractionHand;Lnet/minecraft/world/phys/BlockHitResult;Lorg/spongepowered/asm/mixin/injection/callback/CallbackInfoReturnable;)V does use it's CallbackInfoReturnable
[14:39:22] [Render thread/DEBUG] (FabricLoader/Mixin) fabric-events-interaction-v0.mixins.json:ServerPlayerInteractionManagerMixin from mod fabric-events-interaction-v0->@Inject::interactItem(Lnet/minecraft/server/level/ServerPlayer;Lnet/minecraft/world/level/Level;Lnet/minecraft/world/item/ItemStack;Lnet/minecraft/world/InteractionHand;Lorg/spongepowered/asm/mixin/injection/callback/CallbackInfoReturnable;)V does use it's CallbackInfoReturnable
[14:39:22] [Render thread/DEBUG] (FabricLoader/Mixin) fabric-events-interaction-v0.mixins.json:ServerPlayerInteractionManagerMixin from mod fabric-events-interaction-v0->@Inject::breakBlock(Lnet/minecraft/core/BlockPos;Lorg/spongepowered/asm/mixin/injection/callback/CallbackInfoReturnable;Lnet/minecraft/world/level/block/entity/BlockEntity;Lnet/minecraft/world/level/block/Block;Lnet/minecraft/world/level/block/state/BlockState;)V does use it's CallbackInfoReturnable
[14:39:22] [Render thread/DEBUG] (FabricLoader/Mixin) fabric-events-interaction-v0.mixins.json:ServerPlayerInteractionManagerMixin from mod fabric-events-interaction-v0->@Inject::onBlockBroken(Lnet/minecraft/core/BlockPos;Lorg/spongepowered/asm/mixin/injection/callback/CallbackInfoReturnable;Lnet/minecraft/world/level/block/entity/BlockEntity;Lnet/minecraft/world/level/block/Block;Lnet/minecraft/world/level/block/state/BlockState;Z)V doesn't use it's CallbackInfoReturnable
[14:39:22] [Render thread/DEBUG] (FabricLoader/Mixin) fabric-events-interaction-v0.mixins.json:ServerPlayerInteractionManagerMixin from mod fabric-events-interaction-v0->@Inject::onBlockBroken(Lnet/minecraft/core/BlockPos;Lorg/spongepowered/asm/mixin/injection/callback/CallbackInfoReturnable;Lnet/minecraft/world/level/block/entity/BlockEntity;Lnet/minecraft/world/level/block/Block;Lnet/minecraft/world/level/block/state/BlockState;Z)V has 0 override(s) in child classes
[14:39:22] [Render thread/DEBUG] (FabricLoader/Mixin) fabric-events-interaction-v0.mixins.json:ServerPlayerInteractionManagerMixin from mod fabric-events-interaction-v0->@Inject::onBlockBroken(Lnet/minecraft/core/BlockPos;Lorg/spongepowered/asm/mixin/injection/callback/CallbackInfoReturnable;Lnet/minecraft/world/level/block/entity/BlockEntity;Lnet/minecraft/world/level/block/Block;Lnet/minecraft/world/level/block/state/BlockState;Z)V won't be passed a CallbackInfoReturnable as a result
[14:39:22] [Render thread/DEBUG] (net.fabricmc.fabric.impl.resource.loader.ModResourcePackUtil) [Fabric] Starting internal pack sorting with: [fabric, fabric-convention-tags-v2, fabric-gametest-api-v1]
[14:39:22] [Render thread/DEBUG] (net.fabricmc.fabric.impl.resource.loader.ModResourcePackUtil) [Fabric] Removed all internal packs, result: [fabric]
[14:39:22] [Render thread/DEBUG] (net.fabricmc.fabric.impl.resource.loader.ModResourcePackUtil) [Fabric] cur @ fabric, auto-enabled fabric-convention-tags-v2, currently enabled: [fabric, fabric-convention-tags-v2]
[14:39:22] [Render thread/DEBUG] (net.fabricmc.fabric.impl.resource.loader.ModResourcePackUtil) [Fabric] cur @ fabric, auto-enabled fabric-gametest-api-v1, currently enabled: [fabric, fabric-convention-tags-v2, fabric-gametest-api-v1]
[14:39:22] [Render thread/DEBUG] (net.fabricmc.fabric.impl.resource.loader.ModResourcePackUtil) [Fabric] Final sorting result: [fabric, fabric-convention-tags-v2, fabric-gametest-api-v1]
[14:39:22] [Render thread/DEBUG] (net.fabricmc.fabric.impl.resource.loader.ModResourcePackUtil) [Fabric] Starting internal pack sorting with: [vanilla, fabric, fabric-convention-tags-v2, fabric-gametest-api-v1]
[14:39:22] [Render thread/DEBUG] (net.fabricmc.fabric.impl.resource.loader.ModResourcePackUtil) [Fabric] Removed all internal packs, result: [vanilla, fabric]
[14:39:22] [Render thread/DEBUG] (net.fabricmc.fabric.impl.resource.loader.ModResourcePackUtil) [Fabric] cur @ fabric, auto-enabled fabric-convention-tags-v2, currently enabled: [vanilla, fabric, fabric-convention-tags-v2]
[14:39:22] [Render thread/DEBUG] (net.fabricmc.fabric.impl.resource.loader.ModResourcePackUtil) [Fabric] cur @ fabric, auto-enabled fabric-gametest-api-v1, currently enabled: [vanilla, fabric, fabric-convention-tags-v2, fabric-gametest-api-v1]
[14:39:22] [Render thread/DEBUG] (net.fabricmc.fabric.impl.resource.loader.ModResourcePackUtil) [Fabric] Final sorting result: [vanilla, fabric, fabric-convention-tags-v2, fabric-gametest-api-v1]
[14:39:22] [Render thread/DEBUG] (FabricLoader/Mixin) Mixing RegistryLoaderMixin from fabric-registry-sync-v0.mixins.json into net.minecraft.resources.RegistryDataLoader
[14:39:22] [Render thread/DEBUG] (FabricLoader/Mixin) fabric-registry-sync-v0.mixins.json:RegistryLoaderMixin from mod fabric-registry-sync-v0: Class version 65 required is higher than the class version supported by the current version of Mixin (JAVA_17 supports class version 61)
[14:39:22] [Render thread/DEBUG] (FabricLoader/Mixin) Renaming synthetic method lambda$static$0()Ljava/lang/Boolean; to md95bee0$fabric-registry-sync-v0$lambda$static$0$0 in fabric-registry-sync-v0.mixins.json:RegistryLoaderMixin from mod fabric-registry-sync-v0
[14:39:22] [Render thread/DEBUG] (FabricLoader/Mixin) Mixing RegistryLoaderMixin from fabric-resource-conditions-api-v1.mixins.json into net.minecraft.resources.RegistryDataLoader
[14:39:22] [Render thread/DEBUG] (FabricLoader/Mixin) fabric-resource-conditions-api-v1.mixins.json:RegistryLoaderMixin from mod fabric-resource-conditions-api-v1: Class version 65 required is higher than the class version supported by the current version of Mixin (JAVA_17 supports class version 61)
[14:39:22] [Render thread/DEBUG] (FabricLoader/Mixin) fabric-registry-sync-v0.mixins.json:RegistryLoaderMixin from mod fabric-registry-sync-v0->@Inject::beforeLoad(Ljava/lang/Object;Lnet/minecraft/core/RegistryAccess;Ljava/util/List;Lorg/spongepowered/asm/mixin/injection/callback/CallbackInfoReturnable;)V doesn't use it's CallbackInfoReturnable
[14:39:22] [Render thread/DEBUG] (FabricLoader/Mixin) fabric-resource-conditions-api-v1.mixins.json:RegistryLoaderMixin from mod fabric-resource-conditions-api-v1->@Inject::checkResourceCondition(Lnet/minecraft/core/WritableRegistry;Lcom/mojang/serialization/Decoder;Lnet/minecraft/resources/RegistryOps;Lnet/minecraft/resources/ResourceKey;Lnet/minecraft/server/packs/resources/Resource;Lnet/minecraft/core/RegistrationInfo;Lorg/spongepowered/asm/mixin/injection/callback/CallbackInfo;)V does use it's CallbackInfo
[14:39:23] [Render thread/DEBUG] (FabricLoader/Mixin) Mixing DimensionOptionsRegistryHolderMixin from fabric-dimensions-v1.mixins.json into net.minecraft.world.level.levelgen.WorldDimensions
[14:39:23] [Render thread/DEBUG] (FabricLoader/Mixin) fabric-dimensions-v1.mixins.json:DimensionOptionsRegistryHolderMixin from mod fabric-dimensions-v1: Class version 65 required is higher than the class version supported by the current version of Mixin (JAVA_17 supports class version 61)
[14:39:23] [Render thread/DEBUG] (FabricLoader/Mixin) Mixing ReloadableRegistriesMixin from fabric-resource-conditions-api-v1.mixins.json into net.minecraft.server.ReloadableServerRegistries
[14:39:23] [Render thread/DEBUG] (FabricLoader/Mixin) fabric-resource-conditions-api-v1.mixins.json:ReloadableRegistriesMixin from mod fabric-resource-conditions-api-v1: Class version 65 required is higher than the class version supported by the current version of Mixin (JAVA_17 supports class version 61)
[14:39:23] [Render thread/DEBUG] (FabricLoader/Mixin) Mixing ReloadableRegistriesMixin from fabric-loot-api-v2.mixins.json into net.minecraft.server.ReloadableServerRegistries
[14:39:23] [Render thread/DEBUG] (FabricLoader/Mixin) fabric-loot-api-v2.mixins.json:ReloadableRegistriesMixin from mod fabric-loot-api-v2: Class version 65 required is higher than the class version supported by the current version of Mixin (JAVA_17 supports class version 61)
[14:39:23] [Render thread/DEBUG] (FabricLoader/Mixin) fabric-resource-conditions-api-v1.mixins.json:ReloadableRegistriesMixin from mod fabric-resource-conditions-api-v1->@Inject::storeWrapperLookup(Lnet/minecraft/core/LayeredRegistryAccess;Lnet/minecraft/server/packs/resources/ResourceManager;Ljava/util/concurrent/Executor;Lorg/spongepowered/asm/mixin/injection/callback/CallbackInfoReturnable;)V doesn't use it's CallbackInfoReturnable
[14:39:23] [Render thread/DEBUG] (FabricLoader/Mixin) fabric-resource-conditions-api-v1.mixins.json:ReloadableRegistriesMixin from mod fabric-resource-conditions-api-v1->@Inject::applyConditions(Lnet/minecraft/world/level/storage/loot/LootDataType;Lnet/minecraft/resources/RegistryOps;Lnet/minecraft/core/WritableRegistry;Lnet/minecraft/resources/ResourceLocation;Lcom/google/gson/JsonElement;Lorg/spongepowered/asm/mixin/injection/callback/CallbackInfo;)V does use it's CallbackInfo
[14:39:23] [Render thread/DEBUG] (FabricLoader/Mixin) fabric-loot-api-v2.mixins.json:ReloadableRegistriesMixin from mod fabric-loot-api-v2->@Inject::onLootTablesLoaded(Lnet/minecraft/world/level/storage/loot/LootDataType;Lnet/minecraft/server/packs/resources/ResourceManager;Lnet/minecraft/resources/RegistryOps;Lorg/spongepowered/asm/mixin/injection/callback/CallbackInfoReturnable;)V does use it's CallbackInfoReturnable
[14:39:23] [Worker-Main-2/DEBUG] (FabricLoader/Mixin) Mixing JsonDataLoaderMixin from fabric-resource-conditions-api-v1.mixins.json into net.minecraft.server.packs.resources.SimpleJsonResourceReloadListener
[14:39:23] [Worker-Main-2/DEBUG] (FabricLoader/Mixin) fabric-resource-conditions-api-v1.mixins.json:JsonDataLoaderMixin from mod fabric-resource-conditions-api-v1: Class version 65 required is higher than the class version supported by the current version of Mixin (JAVA_17 supports class version 61)
[14:39:23] [Worker-Main-2/DEBUG] (FabricLoader/Mixin) Mixing JsonDataLoaderMixin from fabric-loot-api-v2.mixins.json into net.minecraft.server.packs.resources.SimpleJsonResourceReloadListener
[14:39:23] [Worker-Main-2/DEBUG] (FabricLoader/Mixin) fabric-loot-api-v2.mixins.json:JsonDataLoaderMixin from mod fabric-loot-api-v2: Class version 65 required is higher than the class version supported by the current version of Mixin (JAVA_17 supports class version 61)
[14:39:23] [Worker-Main-2/DEBUG] (FabricLoader/Mixin) fabric-loot-api-v2.mixins.json:JsonDataLoaderMixin from mod fabric-loot-api-v2->@Inject::fillSourceMap(Lnet/minecraft/server/packs/resources/ResourceManager;Ljava/lang/String;Lcom/google/gson/Gson;Ljava/util/Map;Lorg/spongepowered/asm/mixin/injection/callback/CallbackInfo;)V doesn't use it's CallbackInfo
[14:39:23] [Worker-Main-1/DEBUG] (FabricLoader/Mixin) Mixing LootTableBuilderMixin from fabric-loot-api-v2.mixins.json into net.minecraft.world.level.storage.loot.LootTable$Builder
[14:39:23] [Worker-Main-1/DEBUG] (FabricLoader/Mixin) fabric-loot-api-v2.mixins.json:LootTableBuilderMixin from mod fabric-loot-api-v2: Class version 65 required is higher than the class version supported by the current version of Mixin (JAVA_17 supports class version 61)
[14:39:23] [Worker-Main-1/DEBUG] (FabricLoader/Mixin) Mixing RecipeManagerMixin from fabric-resource-conditions-api-v1.mixins.json into net.minecraft.world.item.crafting.RecipeManager
[14:39:23] [Worker-Main-1/DEBUG] (FabricLoader/Mixin) fabric-resource-conditions-api-v1.mixins.json:RecipeManagerMixin from mod fabric-resource-conditions-api-v1: Class version 65 required is higher than the class version supported by the current version of Mixin (JAVA_17 supports class version 61)
[14:39:23] [Worker-Main-1/DEBUG] (FabricLoader/Mixin) Mixing KeyedResourceReloadListenerMixin from fabric-resource-loader-v0.mixins.json into net.minecraft.world.item.crafting.RecipeManager
[14:39:23] [Worker-Main-1/DEBUG] (FabricLoader/Mixin) fabric-resource-loader-v0.mixins.json:KeyedResourceReloadListenerMixin from mod fabric-resource-loader-v0: Class version 65 required is higher than the class version supported by the current version of Mixin (JAVA_17 supports class version 61)
[14:39:23] [Worker-Main-1/DEBUG] (FabricLoader/Mixin) Mixing TagManagerLoaderMixin from fabric-registry-sync-v0.mixins.json into net.minecraft.tags.TagManager
[14:39:23] [Worker-Main-1/DEBUG] (FabricLoader/Mixin) fabric-registry-sync-v0.mixins.json:TagManagerLoaderMixin from mod fabric-registry-sync-v0: Class version 65 required is higher than the class version supported by the current version of Mixin (JAVA_17 supports class version 61)
[14:39:23] [Worker-Main-1/DEBUG] (FabricLoader/Mixin) Mixing TagManagerLoaderMixin from fabric-resource-conditions-api-v1.mixins.json into net.minecraft.tags.TagManager
[14:39:23] [Worker-Main-1/DEBUG] (FabricLoader/Mixin) fabric-resource-conditions-api-v1.mixins.json:TagManagerLoaderMixin from mod fabric-resource-conditions-api-v1: Class version 65 required is higher than the class version supported by the current version of Mixin (JAVA_17 supports class version 61)
[14:39:23] [Worker-Main-1/DEBUG] (FabricLoader/Mixin) Mixing KeyedResourceReloadListenerMixin from fabric-resource-loader-v0.mixins.json into net.minecraft.tags.TagManager
[14:39:23] [Worker-Main-1/DEBUG] (FabricLoader/Mixin) fabric-resource-loader-v0.mixins.json:KeyedResourceReloadListenerMixin from mod fabric-resource-loader-v0: Class version 65 required is higher than the class version supported by the current version of Mixin (JAVA_17 supports class version 61)
[14:39:23] [Worker-Main-1/DEBUG] (FabricLoader/Mixin) fabric-resource-conditions-api-v1.mixins.json:TagManagerLoaderMixin from mod fabric-resource-conditions-api-v1->@Inject::hookApply(Ljava/util/List;Ljava/lang/Void;Lorg/spongepowered/asm/mixin/injection/callback/CallbackInfo;)V doesn't use it's CallbackInfo
[14:39:23] [Worker-Main-1/DEBUG] (FabricLoader/Mixin) fabric-resource-conditions-api-v1.mixins.json:TagManagerLoaderMixin from mod fabric-resource-conditions-api-v1->@Inject::hookApply(Ljava/util/List;Ljava/lang/Void;Lorg/spongepowered/asm/mixin/injection/callback/CallbackInfo;)V has 0 override(s) in child classes
[14:39:23] [Worker-Main-1/DEBUG] (FabricLoader/Mixin) fabric-resource-conditions-api-v1.mixins.json:TagManagerLoaderMixin from mod fabric-resource-conditions-api-v1->@Inject::hookApply(Ljava/util/List;Ljava/lang/Void;Lorg/spongepowered/asm/mixin/injection/callback/CallbackInfo;)V won't be passed a CallbackInfo as a result
[14:39:23] [Worker-Main-1/DEBUG] (FabricLoader/Mixin) Mixing CommandManagerMixin from fabric-command-api-v2.mixins.json into net.minecraft.commands.Commands
[14:39:23] [Worker-Main-1/DEBUG] (FabricLoader/Mixin) fabric-command-api-v2.mixins.json:CommandManagerMixin from mod fabric-command-api-v2: Class version 65 required is higher than the class version supported by the current version of Mixin (JAVA_17 supports class version 61)
[14:39:23] [Worker-Main-1/DEBUG] (FabricLoader/Mixin) Mixing CommandManagerMixin from fabric-gametest-api-v1.mixins.json into net.minecraft.commands.Commands
[14:39:23] [Worker-Main-1/DEBUG] (FabricLoader/Mixin) fabric-gametest-api-v1.mixins.json:CommandManagerMixin from mod fabric-gametest-api-v1: Class version 65 required is higher than the class version supported by the current version of Mixin (JAVA_17 supports class version 61)
[14:39:23] [Worker-Main-1/DEBUG] (FabricLoader/Mixin) Mixing CommandManagerMixin from fabric-networking-api-v1.mixins.json into net.minecraft.commands.Commands
[14:39:23] [Worker-Main-1/DEBUG] (FabricLoader/Mixin) fabric-networking-api-v1.mixins.json:CommandManagerMixin from mod fabric-networking-api-v1: Class version 65 required is higher than the class version supported by the current version of Mixin (JAVA_17 supports class version 61)
[14:39:23] [Worker-Main-1/DEBUG] (FabricLoader/Mixin) fabric-command-api-v2.mixins.json:CommandManagerMixin from mod fabric-command-api-v2->@Inject::fabric_addCommands(Lnet/minecraft/commands/Commands$CommandSelection;Lnet/minecraft/commands/CommandBuildContext;Lorg/spongepowered/asm/mixin/injection/callback/CallbackInfo;)V doesn't use it's CallbackInfo
[14:39:23] [Worker-Main-1/DEBUG] (FabricLoader/Mixin) fabric-command-api-v2.mixins.json:CommandManagerMixin from mod fabric-command-api-v2->@Inject::fabric_addCommands(Lnet/minecraft/commands/Commands$CommandSelection;Lnet/minecraft/commands/CommandBuildContext;Lorg/spongepowered/asm/mixin/injection/callback/CallbackInfo;)V has 0 override(s) in child classes
[14:39:23] [Worker-Main-1/DEBUG] (FabricLoader/Mixin) fabric-command-api-v2.mixins.json:CommandManagerMixin from mod fabric-command-api-v2->@Inject::fabric_addCommands(Lnet/minecraft/commands/Commands$CommandSelection;Lnet/minecraft/commands/CommandBuildContext;Lorg/spongepowered/asm/mixin/injection/callback/CallbackInfo;)V won't be passed a CallbackInfo as a result
[14:39:23] [Worker-Main-1/DEBUG] (FabricLoader/Mixin) fabric-gametest-api-v1.mixins.json:CommandManagerMixin from mod fabric-gametest-api-v1->@Inject::construct(Lnet/minecraft/commands/Commands$CommandSelection;Lnet/minecraft/commands/CommandBuildContext;Lorg/spongepowered/asm/mixin/injection/callback/CallbackInfo;)V doesn't use it's CallbackInfo
[14:39:23] [Worker-Main-1/DEBUG] (FabricLoader/Mixin) fabric-gametest-api-v1.mixins.json:CommandManagerMixin from mod fabric-gametest-api-v1->@Inject::construct(Lnet/minecraft/commands/Commands$CommandSelection;Lnet/minecraft/commands/CommandBuildContext;Lorg/spongepowered/asm/mixin/injection/callback/CallbackInfo;)V has 0 override(s) in child classes
[14:39:23] [Worker-Main-1/DEBUG] (FabricLoader/Mixin) fabric-gametest-api-v1.mixins.json:CommandManagerMixin from mod fabric-gametest-api-v1->@Inject::construct(Lnet/minecraft/commands/Commands$CommandSelection;Lnet/minecraft/commands/CommandBuildContext;Lorg/spongepowered/asm/mixin/injection/callback/CallbackInfo;)V won't be passed a CallbackInfo as a result
[14:39:23] [Worker-Main-1/DEBUG] (FabricLoader/Mixin) fabric-networking-api-v1.mixins.json:CommandManagerMixin from mod fabric-networking-api-v1->@Inject::init(Lnet/minecraft/commands/Commands$CommandSelection;Lnet/minecraft/commands/CommandBuildContext;Lorg/spongepowered/asm/mixin/injection/callback/CallbackInfo;)V doesn't use it's CallbackInfo
[14:39:23] [Worker-Main-1/DEBUG] (FabricLoader/Mixin) fabric-networking-api-v1.mixins.json:CommandManagerMixin from mod fabric-networking-api-v1->@Inject::init(Lnet/minecraft/commands/Commands$CommandSelection;Lnet/minecraft/commands/CommandBuildContext;Lorg/spongepowered/asm/mixin/injection/callback/CallbackInfo;)V has 0 override(s) in child classes
[14:39:23] [Worker-Main-1/DEBUG] (FabricLoader/Mixin) fabric-networking-api-v1.mixins.json:CommandManagerMixin from mod fabric-networking-api-v1->@Inject::init(Lnet/minecraft/commands/Commands$CommandSelection;Lnet/minecraft/commands/CommandBuildContext;Lorg/spongepowered/asm/mixin/injection/callback/CallbackInfo;)V won't be passed a CallbackInfo as a result
[14:39:24] [Worker-Main-1/DEBUG] (FabricLoader/Mixin) Mixing DatapackCommandMixin from fabric-resource-loader-v0.mixins.json into net.minecraft.server.commands.DataPackCommand
[14:39:24] [Worker-Main-1/DEBUG] (FabricLoader/Mixin) fabric-resource-loader-v0.mixins.json:DatapackCommandMixin from mod fabric-resource-loader-v0: Class version 65 required is higher than the class version supported by the current version of Mixin (JAVA_17 supports class version 61)
[14:39:24] [Worker-Main-1/DEBUG] (FabricLoader/Mixin) Renaming synthetic method lambda$filterDisabledPackSuggestions$2(Lnet/minecraft/server/packs/repository/Pack;)Z to md95bee0$fabric-resource-loader-v0$lambda$filterDisabledPackSuggestions$2$0 in fabric-resource-loader-v0.mixins.json:DatapackCommandMixin from mod fabric-resource-loader-v0
[14:39:24] [Worker-Main-1/DEBUG] (FabricLoader/Mixin) Renaming synthetic method lambda$filterEnabledPackSuggestions$1(Lnet/minecraft/server/packs/repository/Pack;)Z to md95bee0$fabric-resource-loader-v0$lambda$filterEnabledPackSuggestions$1$1 in fabric-resource-loader-v0.mixins.json:DatapackCommandMixin from mod fabric-resource-loader-v0
[14:39:24] [Worker-Main-1/DEBUG] (FabricLoader/Mixin) Renaming synthetic method lambda$static$0(Ljava/lang/Object;)Lcom/mojang/brigadier/Message; to md95bee0$fabric-resource-loader-v0$lambda$static$0$2 in fabric-resource-loader-v0.mixins.json:DatapackCommandMixin from mod fabric-resource-loader-v0
[14:39:24] [Worker-Main-1/DEBUG] (FabricLoader/Mixin) fabric-resource-loader-v0.mixins.json:DatapackCommandMixin from mod fabric-resource-loader-v0->@Inject::errorOnInternalPack(Lcom/mojang/brigadier/context/CommandContext;Ljava/lang/String;ZLorg/spongepowered/asm/mixin/injection/callback/CallbackInfoReturnable;)V doesn't use it's CallbackInfoReturnable
[14:39:24] [Worker-Main-1/DEBUG] (FabricLoader/Mixin) Mixing EnchantCommandMixin from fabric-item-api-v1.mixins.json into net.minecraft.server.commands.EnchantCommand
[14:39:24] [Worker-Main-1/DEBUG] (FabricLoader/Mixin) fabric-item-api-v1.mixins.json:EnchantCommandMixin from mod fabric-item-api-v1: Class version 65 required is higher than the class version supported by the current version of Mixin (JAVA_17 supports class version 61)
[14:39:24] [Worker-Main-1/DEBUG] (FabricLoader/Mixin) Mixing GameRuleCommandAccessor from fabric-game-rule-api-v1.mixins.json into net.minecraft.server.commands.GameRuleCommand
[14:39:24] [Worker-Main-1/DEBUG] (FabricLoader/Mixin) fabric-game-rule-api-v1.mixins.json:GameRuleCommandAccessor from mod fabric-game-rule-api-v1: Class version 65 required is higher than the class version supported by the current version of Mixin (JAVA_17 supports class version 61)
[14:39:24] [Worker-Main-1/DEBUG] (FabricLoader/Mixin) Renaming @Invoker method invokeExecuteSet(Lcom/mojang/brigadier/context/CommandContext;Lnet/minecraft/world/level/GameRules$Key;)I to invokeExecuteSet$fabric-game-rule-api-v1_$md$95bee0$0 in fabric-game-rule-api-v1.mixins.json:GameRuleCommandAccessor from mod fabric-game-rule-api-v1
[14:39:24] [Worker-Main-1/DEBUG] (FabricLoader/Mixin) Renaming @Invoker method invokeExecuteQuery(Lnet/minecraft/commands/CommandSourceStack;Lnet/minecraft/world/level/GameRules$Key;)I to invokeExecuteQuery$fabric-game-rule-api-v1_$md$95bee0$1 in fabric-game-rule-api-v1.mixins.json:GameRuleCommandAccessor from mod fabric-game-rule-api-v1
[14:39:24] [Worker-Main-1/DEBUG] (FabricLoader/Mixin) Mixing GameRuleCommandVisitorMixin from fabric-game-rule-api-v1.mixins.json into net.minecraft.server.commands.GameRuleCommand$1
[14:39:24] [Worker-Main-1/DEBUG] (FabricLoader/Mixin) fabric-game-rule-api-v1.mixins.json:GameRuleCommandVisitorMixin from mod fabric-game-rule-api-v1: Class version 65 required is higher than the class version supported by the current version of Mixin (JAVA_17 supports class version 61)
[14:39:24] [Worker-Main-1/DEBUG] (FabricLoader/Mixin) fabric-game-rule-api-v1.mixins.json:GameRuleCommandVisitorMixin from mod fabric-game-rule-api-v1->@Inject::onRegisterCommand(Lnet/minecraft/world/level/GameRules$Key;Lnet/minecraft/world/level/GameRules$Type;Lorg/spongepowered/asm/mixin/injection/callback/CallbackInfo;)V does use it's CallbackInfo
[14:39:24] [Worker-Main-1/DEBUG] (FabricLoader/Mixin) Mixing HelpCommandAccessor from fabric-command-api-v2.mixins.json into net.minecraft.server.commands.HelpCommand
[14:39:24] [Worker-Main-1/DEBUG] (FabricLoader/Mixin) fabric-command-api-v2.mixins.json:HelpCommandAccessor from mod fabric-command-api-v2: Class version 65 required is higher than the class version supported by the current version of Mixin (JAVA_17 supports class version 61)
[14:39:24] [Worker-Main-1/DEBUG] (FabricLoader/Mixin) Renaming @Accessor method getFailedException()Lcom/mojang/brigadier/exceptions/SimpleCommandExceptionType; to getFailedException$fabric-command-api-v2_$md$95bee0$0 in fabric-command-api-v2.mixins.json:HelpCommandAccessor from mod fabric-command-api-v2
[14:39:24] [Worker-Main-1/DEBUG] (FabricLoader/Mixin) Mixing TestCommandMixin from fabric-gametest-api-v1.mixins.json into net.minecraft.gametest.framework.TestCommand
[14:39:24] [Worker-Main-1/DEBUG] (FabricLoader/Mixin) fabric-gametest-api-v1.mixins.json:TestCommandMixin from mod fabric-gametest-api-v1: Class version 65 required is higher than the class version supported by the current version of Mixin (JAVA_17 supports class version 61)
[14:39:24] [Worker-Main-1/DEBUG] (FabricLoader/Mixin) Mixing ServerAdvancementLoaderMixin from fabric-resource-conditions-api-v1.mixins.json into net.minecraft.server.ServerAdvancementManager
[14:39:24] [Worker-Main-1/DEBUG] (FabricLoader/Mixin) fabric-resource-conditions-api-v1.mixins.json:ServerAdvancementLoaderMixin from mod fabric-resource-conditions-api-v1: Class version 65 required is higher than the class version supported by the current version of Mixin (JAVA_17 supports class version 61)
[14:39:24] [Worker-Main-1/DEBUG] (FabricLoader/Mixin) Mixing KeyedResourceReloadListenerMixin from fabric-resource-loader-v0.mixins.json into net.minecraft.server.ServerAdvancementManager
[14:39:24] [Worker-Main-1/DEBUG] (FabricLoader/Mixin) fabric-resource-loader-v0.mixins.json:KeyedResourceReloadListenerMixin from mod fabric-resource-loader-v0: Class version 65 required is higher than the class version supported by the current version of Mixin (JAVA_17 supports class version 61)
[14:39:24] [Worker-Main-1/DEBUG] (FabricLoader/Mixin) Mixing KeyedResourceReloadListenerMixin from fabric-resource-loader-v0.mixins.json into net.minecraft.server.ServerFunctionLibrary
[14:39:24] [Worker-Main-1/DEBUG] (FabricLoader/Mixin) fabric-resource-loader-v0.mixins.json:KeyedResourceReloadListenerMixin from mod fabric-resource-loader-v0: Class version 65 required is higher than the class version supported by the current version of Mixin (JAVA_17 supports class version 61)
[14:39:24] [Render thread/INFO] (net.minecraft.world.item.crafting.RecipeManager) Loaded 1290 recipes
[14:39:25] [Render thread/INFO] (net.minecraft.advancements.AdvancementTree) Loaded 1399 advancements
[14:39:26] [Render thread/DEBUG] (FabricLoader/Mixin) Mixing PlayerManagerMixin from fabric-entity-events-v1.mixins.json into net.minecraft.server.players.PlayerList
[14:39:26] [Render thread/DEBUG] (FabricLoader/Mixin) fabric-entity-events-v1.mixins.json:PlayerManagerMixin from mod fabric-entity-events-v1: Class version 65 required is higher than the class version supported by the current version of Mixin (JAVA_17 supports class version 61)
[14:39:26] [Render thread/DEBUG] (FabricLoader/Mixin) Mixing PlayerManagerMixin from fabric-lifecycle-events-v1.mixins.json into net.minecraft.server.players.PlayerList
[14:39:26] [Render thread/DEBUG] (FabricLoader/Mixin) fabric-lifecycle-events-v1.mixins.json:PlayerManagerMixin from mod fabric-lifecycle-events-v1: Class version 65 required is higher than the class version supported by the current version of Mixin (JAVA_17 supports class version 61)
[14:39:26] [Render thread/DEBUG] (FabricLoader/Mixin) Mixing PlayerManagerMixin from fabric-networking-api-v1.mixins.json into net.minecraft.server.players.PlayerList
[14:39:26] [Render thread/DEBUG] (FabricLoader/Mixin) fabric-networking-api-v1.mixins.json:PlayerManagerMixin from mod fabric-networking-api-v1: Class version 65 required is higher than the class version supported by the current version of Mixin (JAVA_17 supports class version 61)
[14:39:26] [Render thread/DEBUG] (FabricLoader/Mixin) Mixing PlayerManagerMixin from fabric-message-api-v1.mixins.json into net.minecraft.server.players.PlayerList
[14:39:26] [Render thread/DEBUG] (FabricLoader/Mixin) fabric-message-api-v1.mixins.json:PlayerManagerMixin from mod fabric-message-api-v1: Class version 65 required is higher than the class version supported by the current version of Mixin (JAVA_17 supports class version 61)
[14:39:26] [Render thread/DEBUG] (FabricLoader/Mixin) fabric-entity-events-v1.mixins.json:PlayerManagerMixin from mod fabric-entity-events-v1->@Inject::afterRespawn(Lnet/minecraft/server/level/ServerPlayer;ZLnet/minecraft/world/entity/Entity$RemovalReason;Lorg/spongepowered/asm/mixin/injection/callback/CallbackInfoReturnable;)V does use it's CallbackInfoReturnable
[14:39:26] [Render thread/DEBUG] (FabricLoader/Mixin) fabric-lifecycle-events-v1.mixins.json:PlayerManagerMixin from mod fabric-lifecycle-events-v1->@Inject::hookOnPlayerConnect(Lnet/minecraft/network/Connection;Lnet/minecraft/server/level/ServerPlayer;Lnet/minecraft/server/network/CommonListenerCookie;Lorg/spongepowered/asm/mixin/injection/callback/CallbackInfo;)V doesn't use it's CallbackInfo
[14:39:26] [Render thread/DEBUG] (FabricLoader/Mixin) fabric-lifecycle-events-v1.mixins.json:PlayerManagerMixin from mod fabric-lifecycle-events-v1->@Inject::hookOnPlayerConnect(Lnet/minecraft/network/Connection;Lnet/minecraft/server/level/ServerPlayer;Lnet/minecraft/server/network/CommonListenerCookie;Lorg/spongepowered/asm/mixin/injection/callback/CallbackInfo;)V has 0 override(s) in child classes
[14:39:26] [Render thread/DEBUG] (FabricLoader/Mixin) fabric-lifecycle-events-v1.mixins.json:PlayerManagerMixin from mod fabric-lifecycle-events-v1->@Inject::hookOnPlayerConnect(Lnet/minecraft/network/Connection;Lnet/minecraft/server/level/ServerPlayer;Lnet/minecraft/server/network/CommonListenerCookie;Lorg/spongepowered/asm/mixin/injection/callback/CallbackInfo;)V won't be passed a CallbackInfo as a result
[14:39:26] [Render thread/DEBUG] (FabricLoader/Mixin) fabric-lifecycle-events-v1.mixins.json:PlayerManagerMixin from mod fabric-lifecycle-events-v1->@Inject::hookOnDataPacksReloaded(Lorg/spongepowered/asm/mixin/injection/callback/CallbackInfo;)V doesn't use it's CallbackInfo
[14:39:26] [Render thread/DEBUG] (FabricLoader/Mixin) fabric-lifecycle-events-v1.mixins.json:PlayerManagerMixin from mod fabric-lifecycle-events-v1->@Inject::hookOnDataPacksReloaded(Lorg/spongepowered/asm/mixin/injection/callback/CallbackInfo;)V has 0 override(s) in child classes
[14:39:26] [Render thread/DEBUG] (FabricLoader/Mixin) fabric-lifecycle-events-v1.mixins.json:PlayerManagerMixin from mod fabric-lifecycle-events-v1->@Inject::hookOnDataPacksReloaded(Lorg/spongepowered/asm/mixin/injection/callback/CallbackInfo;)V won't be passed a CallbackInfo as a result
[14:39:26] [Render thread/DEBUG] (FabricLoader/Mixin) fabric-networking-api-v1.mixins.json:PlayerManagerMixin from mod fabric-networking-api-v1->@Inject::handlePlayerConnection(Lnet/minecraft/network/Connection;Lnet/minecraft/server/level/ServerPlayer;Lnet/minecraft/server/network/CommonListenerCookie;Lorg/spongepowered/asm/mixin/injection/callback/CallbackInfo;)V doesn't use it's CallbackInfo
[14:39:26] [Render thread/DEBUG] (FabricLoader/Mixin) fabric-networking-api-v1.mixins.json:PlayerManagerMixin from mod fabric-networking-api-v1->@Inject::handlePlayerConnection(Lnet/minecraft/network/Connection;Lnet/minecraft/server/level/ServerPlayer;Lnet/minecraft/server/network/CommonListenerCookie;Lorg/spongepowered/asm/mixin/injection/callback/CallbackInfo;)V has 0 override(s) in child classes
[14:39:26] [Render thread/DEBUG] (FabricLoader/Mixin) fabric-networking-api-v1.mixins.json:PlayerManagerMixin from mod fabric-networking-api-v1->@Inject::handlePlayerConnection(Lnet/minecraft/network/Connection;Lnet/minecraft/server/level/ServerPlayer;Lnet/minecraft/server/network/CommonListenerCookie;Lorg/spongepowered/asm/mixin/injection/callback/CallbackInfo;)V won't be passed a CallbackInfo as a result
[14:39:26] [Render thread/DEBUG] (FabricLoader/Mixin) fabric-message-api-v1.mixins.json:PlayerManagerMixin from mod fabric-message-api-v1->@Inject::onSendChatMessage(Lnet/minecraft/network/chat/PlayerChatMessage;Lnet/minecraft/server/level/ServerPlayer;Lnet/minecraft/network/chat/ChatType$Bound;Lorg/spongepowered/asm/mixin/injection/callback/CallbackInfo;)V does use it's CallbackInfo
[14:39:26] [Render thread/DEBUG] (FabricLoader/Mixin) fabric-message-api-v1.mixins.json:PlayerManagerMixin from mod fabric-message-api-v1->@Inject::onSendGameMessage(Lnet/minecraft/network/chat/Component;Ljava/util/function/Function;ZLorg/spongepowered/asm/mixin/injection/callback/CallbackInfo;)V does use it's CallbackInfo
[14:39:26] [Render thread/DEBUG] (FabricLoader/Mixin) fabric-message-api-v1.mixins.json:PlayerManagerMixin from mod fabric-message-api-v1->@Inject::onSendCommandMessage(Lnet/minecraft/network/chat/PlayerChatMessage;Lnet/minecraft/commands/CommandSourceStack;Lnet/minecraft/network/chat/ChatType$Bound;Lorg/spongepowered/asm/mixin/injection/callback/CallbackInfo;)V does use it's CallbackInfo
[14:39:26] [Render thread/DEBUG] (FabricLoader/Mixin) Mixing BrewingRecipeRegistryBuilderMixin from fabric-content-registries-v0.mixins.json into net.minecraft.world.item.alchemy.PotionBrewing$Builder
[14:39:26] [Render thread/DEBUG] (FabricLoader/Mixin) fabric-content-registries-v0.mixins.json:BrewingRecipeRegistryBuilderMixin from mod fabric-content-registries-v0: Class version 65 required is higher than the class version supported by the current version of Mixin (JAVA_17 supports class version 61)
[14:39:26] [Render thread/DEBUG] (FabricLoader/Mixin) fabric-content-registries-v0.mixins.json:BrewingRecipeRegistryBuilderMixin from mod fabric-content-registries-v0->@Inject::build(Lorg/spongepowered/asm/mixin/injection/callback/CallbackInfoReturnable;)V doesn't use it's CallbackInfoReturnable
[14:39:26] [Render thread/DEBUG] (FabricLoader/Mixin) fabric-content-registries-v0.mixins.json:BrewingRecipeRegistryBuilderMixin from mod fabric-content-registries-v0->@Inject::build(Lorg/spongepowered/asm/mixin/injection/callback/CallbackInfoReturnable;)V has 0 override(s) in child classes
[14:39:26] [Render thread/DEBUG] (FabricLoader/Mixin) fabric-content-registries-v0.mixins.json:BrewingRecipeRegistryBuilderMixin from mod fabric-content-registries-v0->@Inject::build(Lorg/spongepowered/asm/mixin/injection/callback/CallbackInfoReturnable;)V won't be passed a CallbackInfoReturnable as a result
[14:39:26] [Render thread/INFO] (net.fabricmc.fabric.impl.biome.modification.BiomeModificationImpl) Applied 0 biome modifications to 0 of 64 new biomes in 3.922 ms
[14:39:26] [Server thread/INFO] (net.minecraft.client.server.IntegratedServer) Starting integrated minecraft server version 1.21
[14:39:26] [Server thread/INFO] (net.minecraft.server.MinecraftServer) Generating keypair
[14:39:26] [Server thread/DEBUG] (FabricLoader/Mixin) Mixing ChunkGeneratingMixin from fabric-lifecycle-events-v1.mixins.json into net.minecraft.world.level.chunk.status.ChunkStatusTasks
[14:39:26] [Server thread/DEBUG] (FabricLoader/Mixin) fabric-lifecycle-events-v1.mixins.json:ChunkGeneratingMixin from mod fabric-lifecycle-events-v1: Class version 65 required is higher than the class version supported by the current version of Mixin (JAVA_17 supports class version 61)
[14:39:26] [Server thread/DEBUG] (FabricLoader/Mixin) fabric-lifecycle-events-v1.mixins.json:ChunkGeneratingMixin from mod fabric-lifecycle-events-v1->@Inject::onChunkLoad(Lnet/minecraft/world/level/chunk/ChunkAccess;Lnet/minecraft/world/level/chunk/status/WorldGenContext;Lnet/minecraft/server/level/GenerationChunkHolder;Lorg/spongepowered/asm/mixin/injection/callback/CallbackInfoReturnable;)V does use it's CallbackInfoReturnable
[14:39:26] [Server thread/DEBUG] (FabricLoader/Mixin) Mixing ServerWorldServerEntityHandlerMixin from fabric-lifecycle-events-v1.mixins.json into net.minecraft.server.level.ServerLevel$EntityCallbacks
[14:39:26] [Server thread/DEBUG] (FabricLoader/Mixin) fabric-lifecycle-events-v1.mixins.json:ServerWorldServerEntityHandlerMixin from mod fabric-lifecycle-events-v1: Class version 65 required is higher than the class version supported by the current version of Mixin (JAVA_17 supports class version 61)
[14:39:26] [Server thread/DEBUG] (FabricLoader/Mixin) fabric-lifecycle-events-v1.mixins.json:ServerWorldServerEntityHandlerMixin from mod fabric-lifecycle-events-v1->@Inject::invokeEntityLoadEvent(Lnet/minecraft/world/entity/Entity;Lorg/spongepowered/asm/mixin/injection/callback/CallbackInfo;)V doesn't use it's CallbackInfo
[14:39:26] [Server thread/DEBUG] (FabricLoader/Mixin) fabric-lifecycle-events-v1.mixins.json:ServerWorldServerEntityHandlerMixin from mod fabric-lifecycle-events-v1->@Inject::invokeEntityUnloadEvent(Lnet/minecraft/world/entity/Entity;Lorg/spongepowered/asm/mixin/injection/callback/CallbackInfo;)V doesn't use it's CallbackInfo
[14:39:26] [Server thread/DEBUG] (FabricLoader/Mixin) Mixing PersistentStateManagerMixin from fabric-object-builder-v1.mixins.json into net.minecraft.world.level.storage.DimensionDataStorage
[14:39:26] [Server thread/DEBUG] (FabricLoader/Mixin) fabric-object-builder-v1.mixins.json:PersistentStateManagerMixin from mod fabric-object-builder-api-v1: Class version 65 required is higher than the class version supported by the current version of Mixin (JAVA_17 supports class version 61)
[14:39:26] [Server thread/DEBUG] (FabricLoader/Mixin) Mixing ServerChunkLoadingManagerMixin from fabric-lifecycle-events-v1.mixins.json into net.minecraft.server.level.ChunkMap
[14:39:26] [Server thread/DEBUG] (FabricLoader/Mixin) fabric-lifecycle-events-v1.mixins.json:ServerChunkLoadingManagerMixin from mod fabric-lifecycle-events-v1: Class version 65 required is higher than the class version supported by the current version of Mixin (JAVA_17 supports class version 61)
[14:39:26] [Server thread/DEBUG] (FabricLoader/Mixin) Mixing accessor.ServerChunkLoadingManagerAccessor from fabric-networking-api-v1.mixins.json into net.minecraft.server.level.ChunkMap
[14:39:26] [Server thread/DEBUG] (FabricLoader/Mixin) fabric-networking-api-v1.mixins.json:accessor.ServerChunkLoadingManagerAccessor from mod fabric-networking-api-v1: Class version 65 required is higher than the class version supported by the current version of Mixin (JAVA_17 supports class version 61)
[14:39:26] [Server thread/DEBUG] (FabricLoader/Mixin) fabric-lifecycle-events-v1.mixins.json:ServerChunkLoadingManagerMixin from mod fabric-lifecycle-events-v1->@Inject::onChunkUnload(Lnet/minecraft/server/level/ChunkHolder;JLorg/spongepowered/asm/mixin/injection/callback/CallbackInfo;)V doesn't use it's CallbackInfo
[14:39:26] [Server thread/DEBUG] (FabricLoader/Mixin) fabric-lifecycle-events-v1.mixins.json:ServerChunkLoadingManagerMixin from mod fabric-lifecycle-events-v1->@Inject::onChunkUnload(Lnet/minecraft/server/level/ChunkHolder;JLorg/spongepowered/asm/mixin/injection/callback/CallbackInfo;)V has 0 override(s) in child classes
[14:39:26] [Server thread/DEBUG] (FabricLoader/Mixin) fabric-lifecycle-events-v1.mixins.json:ServerChunkLoadingManagerMixin from mod fabric-lifecycle-events-v1->@Inject::onChunkUnload(Lnet/minecraft/server/level/ChunkHolder;JLorg/spongepowered/asm/mixin/injection/callback/CallbackInfo;)V won't be passed a CallbackInfo as a result
[14:39:26] [Server thread/DEBUG] (FabricLoader/Mixin) Mixing NoiseConfigMixin from fabric-biome-api-v1.mixins.json into net.minecraft.world.level.levelgen.RandomState
[14:39:26] [Server thread/DEBUG] (FabricLoader/Mixin) fabric-biome-api-v1.mixins.json:NoiseConfigMixin from mod fabric-biome-api-v1: Class version 65 required is higher than the class version supported by the current version of Mixin (JAVA_17 supports class version 61)
[14:39:26] [Server thread/DEBUG] (FabricLoader/Mixin) fabric-biome-api-v1.mixins.json:NoiseConfigMixin from mod fabric-biome-api-v1->@Inject::init(Lnet/minecraft/world/level/levelgen/NoiseGeneratorSettings;Lnet/minecraft/core/HolderGetter;JLorg/spongepowered/asm/mixin/injection/callback/CallbackInfo;)V doesn't use it's CallbackInfo
[14:39:26] [Server thread/DEBUG] (FabricLoader/Mixin) Mixing MultiNoiseUtilMultiNoiseSamplerMixin from fabric-biome-api-v1.mixins.json into net.minecraft.world.level.biome.Climate$Sampler
[14:39:26] [Server thread/DEBUG] (FabricLoader/Mixin) fabric-biome-api-v1.mixins.json:MultiNoiseUtilMultiNoiseSamplerMixin from mod fabric-biome-api-v1: Class version 65 required is higher than the class version supported by the current version of Mixin (JAVA_17 supports class version 61)
[14:39:26] [Server thread/INFO] (net.minecraft.server.MinecraftServer) Preparing start region for dimension minecraft:overworld
[14:39:27] [Server thread/DEBUG] (FabricLoader/Mixin) Mixing ChunkSerializerMixin from fabric-registry-sync-v0.mixins.json into net.minecraft.world.level.chunk.storage.ChunkSerializer
[14:39:27] [Server thread/DEBUG] (FabricLoader/Mixin) fabric-registry-sync-v0.mixins.json:ChunkSerializerMixin from mod fabric-registry-sync-v0: Class version 65 required is higher than the class version supported by the current version of Mixin (JAVA_17 supports class version 61)
[14:39:27] [Server thread/DEBUG] (FabricLoader/Mixin) Mixing ChunkSerializerMixin from fabric-data-attachment-api-v1.mixins.json into net.minecraft.world.level.chunk.storage.ChunkSerializer
[14:39:27] [Server thread/DEBUG] (FabricLoader/Mixin) fabric-data-attachment-api-v1.mixins.json:ChunkSerializerMixin from mod fabric-data-attachment-api-v1: Class version 65 required is higher than the class version supported by the current version of Mixin (JAVA_17 supports class version 61)
[14:39:27] [Server thread/DEBUG] (FabricLoader/Mixin) fabric-data-attachment-api-v1.mixins.json:ChunkSerializerMixin from mod fabric-data-attachment-api-v1->@Inject::writeChunkAttachments(Lnet/minecraft/server/level/ServerLevel;Lnet/minecraft/world/level/chunk/ChunkAccess;Lorg/spongepowered/asm/mixin/injection/callback/CallbackInfoReturnable;)V does use it's CallbackInfoReturnable
[14:39:27] [Server thread/DEBUG] (FabricLoader/Mixin) Mixing WrapperProtoChunkMixin from fabric-data-attachment-api-v1.mixins.json into net.minecraft.world.level.chunk.ImposterProtoChunk
[14:39:27] [Server thread/DEBUG] (FabricLoader/Mixin) fabric-data-attachment-api-v1.mixins.json:WrapperProtoChunkMixin from mod fabric-data-attachment-api-v1: Class version 65 required is higher than the class version supported by the current version of Mixin (JAVA_17 supports class version 61)
[14:39:27] [Server thread/DEBUG] (FabricLoader/Mixin) Mixing ChunkSectionMixin from fabric-block-api-v1.mixins.json into net.minecraft.world.level.chunk.LevelChunkSection
[14:39:27] [Server thread/DEBUG] (FabricLoader/Mixin) fabric-block-api-v1.mixins.json:ChunkSectionMixin from mod fabric-block-api-v1: Class version 65 required is higher than the class version supported by the current version of Mixin (JAVA_17 supports class version 61)
[14:39:27] [Server thread/DEBUG] (FabricLoader/Mixin) Mixing ChunkSectionBlockStateCounterMixin from fabric-block-api-v1.mixins.json into net.minecraft.world.level.chunk.LevelChunkSection$1BlockCounter
[14:39:27] [Server thread/DEBUG] (FabricLoader/Mixin) fabric-block-api-v1.mixins.json:ChunkSectionBlockStateCounterMixin from mod fabric-block-api-v1: Class version 65 required is higher than the class version supported by the current version of Mixin (JAVA_17 supports class version 61)
[14:39:27] [Render thread/INFO] (net.minecraft.server.level.progress.LoggerChunkProgressListener) Preparing spawn area: 0%
[14:39:27] [Render thread/INFO] (net.minecraft.server.level.progress.LoggerChunkProgressListener) Time elapsed: 471 ms
[14:39:27] [Server thread/INFO] (net.minecraft.client.server.IntegratedServer) Changing view distance to 8, from 10
[14:39:27] [Server thread/INFO] (net.minecraft.client.server.IntegratedServer) Changing simulation distance to 5, from 0
[14:39:27] [Server thread/DEBUG] (FabricLoader/Mixin) Mixing LandPathNodeMakerMixin from fabric-content-registries-v0.mixins.json into net.minecraft.world.level.pathfinder.WalkNodeEvaluator
[14:39:27] [Server thread/DEBUG] (FabricLoader/Mixin) fabric-content-registries-v0.mixins.json:LandPathNodeMakerMixin from mod fabric-content-registries-v0: Class version 65 required is higher than the class version supported by the current version of Mixin (JAVA_17 supports class version 61)
[14:39:27] [Server thread/DEBUG] (FabricLoader/Mixin) fabric-content-registries-v0.mixins.json:LandPathNodeMakerMixin from mod fabric-content-registries-v0->@Inject::getCommonNodeType(Lnet/minecraft/world/level/BlockGetter;Lnet/minecraft/core/BlockPos;Lorg/spongepowered/asm/mixin/injection/callback/CallbackInfoReturnable;)V does use it's CallbackInfoReturnable
[14:39:27] [Server thread/DEBUG] (FabricLoader/Mixin) Mixing accessor.EntityTrackerAccessor from fabric-networking-api-v1.mixins.json into net.minecraft.server.level.ChunkMap$TrackedEntity
[14:39:27] [Server thread/DEBUG] (FabricLoader/Mixin) fabric-networking-api-v1.mixins.json:accessor.EntityTrackerAccessor from mod fabric-networking-api-v1: Class version 65 required is higher than the class version supported by the current version of Mixin (JAVA_17 supports class version 61)
[14:39:27] [Render thread/DEBUG] (io.netty.channel.MultithreadEventLoopGroup) -Dio.netty.eventLoopThreads: 8
[14:39:27] [Server thread/DEBUG] (FabricLoader/Mixin) Mixing EntityTrackerEntryMixin from fabric-networking-api-v1.mixins.json into net.minecraft.server.level.ServerEntity
[14:39:27] [Server thread/DEBUG] (FabricLoader/Mixin) fabric-networking-api-v1.mixins.json:EntityTrackerEntryMixin from mod fabric-networking-api-v1: Class version 65 required is higher than the class version supported by the current version of Mixin (JAVA_17 supports class version 61)
[14:39:27] [Server thread/DEBUG] (FabricLoader/Mixin) fabric-networking-api-v1.mixins.json:EntityTrackerEntryMixin from mod fabric-networking-api-v1->@Inject::onStartTracking(Lnet/minecraft/server/level/ServerPlayer;Lorg/spongepowered/asm/mixin/injection/callback/CallbackInfo;)V doesn't use it's CallbackInfo
[14:39:27] [Server thread/DEBUG] (FabricLoader/Mixin) fabric-networking-api-v1.mixins.json:EntityTrackerEntryMixin from mod fabric-networking-api-v1->@Inject::onStartTracking(Lnet/minecraft/server/level/ServerPlayer;Lorg/spongepowered/asm/mixin/injection/callback/CallbackInfo;)V has 0 override(s) in child classes
[14:39:27] [Server thread/DEBUG] (FabricLoader/Mixin) fabric-networking-api-v1.mixins.json:EntityTrackerEntryMixin from mod fabric-networking-api-v1->@Inject::onStartTracking(Lnet/minecraft/server/level/ServerPlayer;Lorg/spongepowered/asm/mixin/injection/callback/CallbackInfo;)V won't be passed a CallbackInfo as a result
[14:39:27] [Server thread/DEBUG] (FabricLoader/Mixin) fabric-networking-api-v1.mixins.json:EntityTrackerEntryMixin from mod fabric-networking-api-v1->@Inject::onStopTracking(Lnet/minecraft/server/level/ServerPlayer;Lorg/spongepowered/asm/mixin/injection/callback/CallbackInfo;)V doesn't use it's CallbackInfo
[14:39:27] [Server thread/DEBUG] (FabricLoader/Mixin) fabric-networking-api-v1.mixins.json:EntityTrackerEntryMixin from mod fabric-networking-api-v1->@Inject::onStopTracking(Lnet/minecraft/server/level/ServerPlayer;Lorg/spongepowered/asm/mixin/injection/callback/CallbackInfo;)V has 0 override(s) in child classes
[14:39:27] [Server thread/DEBUG] (FabricLoader/Mixin) fabric-networking-api-v1.mixins.json:EntityTrackerEntryMixin from mod fabric-networking-api-v1->@Inject::onStopTracking(Lnet/minecraft/server/level/ServerPlayer;Lorg/spongepowered/asm/mixin/injection/callback/CallbackInfo;)V won't be passed a CallbackInfo as a result
[14:39:27] [Render thread/DEBUG] (io.netty.util.concurrent.GlobalEventExecutor) -Dio.netty.globalEventExecutor.quietPeriodSeconds: 1
[14:39:27] [Render thread/DEBUG] (io.netty.util.internal.InternalThreadLocalMap) -Dio.netty.threadLocalMap.stringBuilder.initialSize: 1024
[14:39:27] [Render thread/DEBUG] (io.netty.util.internal.InternalThreadLocalMap) -Dio.netty.threadLocalMap.stringBuilder.maxSize: 4096
[14:39:27] [Render thread/DEBUG] (io.netty.util.internal.PlatformDependent0) -Dio.netty.noUnsafe: false
[14:39:27] [Render thread/DEBUG] (io.netty.util.internal.PlatformDependent0) Java version: 21
[14:39:27] [Render thread/DEBUG] (io.netty.util.internal.PlatformDependent0) sun.misc.Unsafe.theUnsafe: available
[14:39:27] [Render thread/DEBUG] (io.netty.util.internal.PlatformDependent0) sun.misc.Unsafe.copyMemory: available
[14:39:27] [Render thread/DEBUG] (io.netty.util.internal.PlatformDependent0) sun.misc.Unsafe.storeFence: available
[14:39:27] [Render thread/DEBUG] (io.netty.util.internal.PlatformDependent0) java.nio.Buffer.address: available
[14:39:27] [Render thread/DEBUG] (io.netty.util.internal.PlatformDependent0) direct buffer constructor: unavailable
java.lang.UnsupportedOperationException: Reflective setAccessible(true) disabled
	at io.netty.util.internal.ReflectionUtil.trySetAccessible(ReflectionUtil.java:31) ~[netty-common-4.1.97.Final.jar:?]
	at io.netty.util.internal.PlatformDependent0$5.run(PlatformDependent0.java:289) ~[netty-common-4.1.97.Final.jar:?]
	at java.base/java.security.AccessController.doPrivileged(AccessController.java:319) ~[?:?]
	at io.netty.util.internal.PlatformDependent0.<clinit>(PlatformDependent0.java:282) ~[netty-common-4.1.97.Final.jar:?]
	at io.netty.util.internal.PlatformDependent.isAndroid(PlatformDependent.java:333) ~[netty-common-4.1.97.Final.jar:?]
	at io.netty.util.internal.PlatformDependent.<clinit>(PlatformDependent.java:88) ~[netty-common-4.1.97.Final.jar:?]
	at io.netty.channel.nio.NioEventLoop.<clinit>(NioEventLoop.java:84) ~[netty-transport-4.1.97.Final.jar:?]
	at io.netty.channel.nio.NioEventLoopGroup.newChild(NioEventLoopGroup.java:182) ~[netty-transport-4.1.97.Final.jar:?]
	at io.netty.channel.nio.NioEventLoopGroup.newChild(NioEventLoopGroup.java:38) ~[netty-transport-4.1.97.Final.jar:?]
	at io.netty.util.concurrent.MultithreadEventExecutorGroup.<init>(MultithreadEventExecutorGroup.java:84) ~[netty-common-4.1.97.Final.jar:?]
	at io.netty.util.concurrent.MultithreadEventExecutorGroup.<init>(MultithreadEventExecutorGroup.java:60) ~[netty-common-4.1.97.Final.jar:?]
	at io.netty.util.concurrent.MultithreadEventExecutorGroup.<init>(MultithreadEventExecutorGroup.java:49) ~[netty-common-4.1.97.Final.jar:?]
	at io.netty.channel.MultithreadEventLoopGroup.<init>(MultithreadEventLoopGroup.java:59) ~[netty-transport-4.1.97.Final.jar:?]
	at io.netty.channel.nio.NioEventLoopGroup.<init>(NioEventLoopGroup.java:87) ~[netty-transport-4.1.97.Final.jar:?]
	at io.netty.channel.nio.NioEventLoopGroup.<init>(NioEventLoopGroup.java:82) ~[netty-transport-4.1.97.Final.jar:?]
	at io.netty.channel.nio.NioEventLoopGroup.<init>(NioEventLoopGroup.java:69) ~[netty-transport-4.1.97.Final.jar:?]
	at net.minecraft.server.network.ServerConnectionListener.method_14348(ServerConnectionListener.java:55) ~[minecraft-merged-4eb0fe4bb6-1.21-loom.mappings.1_21.layered+hash.1010942874-v2.jar:?]
	at com.google.common.base.Suppliers$NonSerializableMemoizingSupplier.get(Suppliers.java:181) ~[guava-32.1.2-jre.jar:?]
	at net.minecraft.server.network.ServerConnectionListener.startMemoryChannel(ServerConnectionListener.java:141) ~[minecraft-merged-4eb0fe4bb6-1.21-loom.mappings.1_21.layered+hash.1010942874-v2.jar:?]
	at net.minecraft.client.Minecraft.doWorldLoad(Minecraft.java:2190) ~[minecraft-merged-4eb0fe4bb6-1.21-loom.mappings.1_21.layered+hash.1010942874-v2.jar:?]
	at net.minecraft.client.gui.screens.worldselection.WorldOpenFlows.openWorldDoLoad(WorldOpenFlows.java:410) ~[minecraft-merged-4eb0fe4bb6-1.21-loom.mappings.1_21.layered+hash.1010942874-v2.jar:?]
	at net.minecraft.client.gui.screens.worldselection.WorldOpenFlows.openWorldCheckDiskSpace(WorldOpenFlows.java:405) ~[minecraft-merged-4eb0fe4bb6-1.21-loom.mappings.1_21.layered+hash.1010942874-v2.jar:?]
	at net.minecraft.client.gui.screens.worldselection.WorldOpenFlows.method_57777(WorldOpenFlows.java:372) ~[minecraft-merged-4eb0fe4bb6-1.21-loom.mappings.1_21.layered+hash.1010942874-v2.jar:?]
	at java.base/java.util.concurrent.CompletableFuture$UniAccept.tryFire(CompletableFuture.java:718) ~[?:?]
	at java.base/java.util.concurrent.CompletableFuture$Completion.run(CompletableFuture.java:482) ~[?:?]
	at net.minecraft.util.thread.BlockableEventLoop.execute(BlockableEventLoop.java:108) ~[minecraft-merged-4eb0fe4bb6-1.21-loom.mappings.1_21.layered+hash.1010942874-v2.jar:?]
	at java.base/java.util.concurrent.CompletableFuture.uniAcceptNow(CompletableFuture.java:754) ~[?:?]
	at java.base/java.util.concurrent.CompletableFuture.uniAcceptStage(CompletableFuture.java:735) ~[?:?]
	at java.base/java.util.concurrent.CompletableFuture.thenAcceptAsync(CompletableFuture.java:2223) ~[?:?]
	at net.minecraft.client.gui.screens.worldselection.WorldOpenFlows.openWorldLoadBundledResourcePack(WorldOpenFlows.java:370) ~[minecraft-merged-4eb0fe4bb6-1.21-loom.mappings.1_21.layered+hash.1010942874-v2.jar:?]
	at net.minecraft.client.gui.screens.worldselection.WorldOpenFlows.openWorldCheckWorldStemCompatibility(WorldOpenFlows.java:359) ~[minecraft-merged-4eb0fe4bb6-1.21-loom.mappings.1_21.layered+hash.1010942874-v2.jar:?]
	at net.minecraft.client.gui.screens.worldselection.WorldOpenFlows.openWorldLoadLevelStem(WorldOpenFlows.java:341) ~[minecraft-merged-4eb0fe4bb6-1.21-loom.mappings.1_21.layered+hash.1010942874-v2.jar:?]
	at net.minecraft.client.gui.screens.worldselection.WorldOpenFlows.openWorldCheckVersionCompatibility(WorldOpenFlows.java:313) ~[minecraft-merged-4eb0fe4bb6-1.21-loom.mappings.1_21.layered+hash.1010942874-v2.jar:?]
	at net.minecraft.client.gui.screens.worldselection.WorldOpenFlows.openWorldLoadLevelData(WorldOpenFlows.java:278) ~[minecraft-merged-4eb0fe4bb6-1.21-loom.mappings.1_21.layered+hash.1010942874-v2.jar:?]
	at net.minecraft.client.gui.screens.worldselection.WorldOpenFlows.openWorld(WorldOpenFlows.java:243) ~[minecraft-merged-4eb0fe4bb6-1.21-loom.mappings.1_21.layered+hash.1010942874-v2.jar:?]
	at net.minecraft.client.gui.screens.worldselection.WorldSelectionList$WorldListEntry.joinWorld(WorldSelectionList.java:434) ~[minecraft-merged-4eb0fe4bb6-1.21-loom.mappings.1_21.layered+hash.1010942874-v2.jar:?]
	at net.minecraft.client.gui.screens.worldselection.WorldSelectionList$WorldListEntry.mouseClicked(WorldSelectionList.java:411) ~[minecraft-merged-4eb0fe4bb6-1.21-loom.mappings.1_21.layered+hash.1010942874-v2.jar:?]
	at net.minecraft.client.gui.components.AbstractSelectionList.mouseClicked(AbstractSelectionList.java:315) ~[minecraft-merged-4eb0fe4bb6-1.21-loom.mappings.1_21.layered+hash.1010942874-v2.jar:?]
	at net.minecraft.client.gui.components.events.ContainerEventHandler.mouseClicked(ContainerEventHandler.java:38) ~[minecraft-merged-4eb0fe4bb6-1.21-loom.mappings.1_21.layered+hash.1010942874-v2.jar:?]
	at net.minecraft.client.MouseHandler.method_1611(MouseHandler.java:107) ~[minecraft-merged-4eb0fe4bb6-1.21-loom.mappings.1_21.layered+hash.1010942874-v2.jar:?]
	at net.minecraft.client.gui.screens.Screen.wrapScreenError(Screen.java:431) ~[minecraft-merged-4eb0fe4bb6-1.21-loom.mappings.1_21.layered+hash.1010942874-v2.jar:?]
	at net.minecraft.client.MouseHandler.onPress(MouseHandler.java:107) ~[minecraft-merged-4eb0fe4bb6-1.21-loom.mappings.1_21.layered+hash.1010942874-v2.jar:?]
	at net.minecraft.client.MouseHandler.method_22686(MouseHandler.java:196) ~[minecraft-merged-4eb0fe4bb6-1.21-loom.mappings.1_21.layered+hash.1010942874-v2.jar:?]
	at net.minecraft.util.thread.BlockableEventLoop.execute(BlockableEventLoop.java:108) ~[minecraft-merged-4eb0fe4bb6-1.21-loom.mappings.1_21.layered+hash.1010942874-v2.jar:?]
	at net.minecraft.client.MouseHandler.method_22684(MouseHandler.java:196) ~[minecraft-merged-4eb0fe4bb6-1.21-loom.mappings.1_21.layered+hash.1010942874-v2.jar:?]
	at org.lwjgl.glfw.GLFWMouseButtonCallbackI.callback(GLFWMouseButtonCallbackI.java:43) [lwjgl-glfw-3.3.3.jar:?]
	at org.lwjgl.system.JNI.invokeV(Native Method) ~[lwjgl-3.3.3.jar:?]
	at org.lwjgl.glfw.GLFW.glfwWaitEventsTimeout(GLFW.java:3509) [lwjgl-glfw-3.3.3.jar:?]
	at com.mojang.blaze3d.systems.RenderSystem.limitDisplayFPS(RenderSystem.java:184) [minecraft-merged-4eb0fe4bb6-1.21-loom.mappings.1_21.layered+hash.1010942874-v2.jar:?]
	at net.minecraft.client.Minecraft.runTick(Minecraft.java:1310) [minecraft-merged-4eb0fe4bb6-1.21-loom.mappings.1_21.layered+hash.1010942874-v2.jar:?]
	at net.minecraft.client.Minecraft.run(Minecraft.java:882) [minecraft-merged-4eb0fe4bb6-1.21-loom.mappings.1_21.layered+hash.1010942874-v2.jar:?]
	at net.minecraft.client.main.Main.main(Main.java:256) [minecraft-merged-4eb0fe4bb6-1.21-loom.mappings.1_21.layered+hash.1010942874-v2.jar:?]
	at net.fabricmc.loader.impl.game.minecraft.MinecraftGameProvider.launch(MinecraftGameProvider.java:470) [fabric-loader-0.15.11.jar:?]
	at net.fabricmc.loader.impl.launch.knot.Knot.launch(Knot.java:74) [fabric-loader-0.15.11.jar:?]
	at net.fabricmc.loader.impl.launch.knot.KnotClient.main(KnotClient.java:23) [fabric-loader-0.15.11.jar:?]
	at net.fabricmc.devlaunchinjector.Main.main(Main.java:86) [dev-launch-injector-0.2.1+build.8.jar:?]
[14:39:27] [Render thread/DEBUG] (io.netty.util.internal.PlatformDependent0) java.nio.Bits.unaligned: available, true
[14:39:27] [Render thread/DEBUG] (io.netty.util.internal.PlatformDependent0) jdk.internal.misc.Unsafe.allocateUninitializedArray(int): unavailable
java.lang.IllegalAccessException: class io.netty.util.internal.PlatformDependent0$7 cannot access class jdk.internal.misc.Unsafe (in module java.base) because module java.base does not export jdk.internal.misc to unnamed module @43c1b556
	at java.base/jdk.internal.reflect.Reflection.newIllegalAccessException(Reflection.java:394) ~[?:?]
	at java.base/java.lang.reflect.AccessibleObject.checkAccess(AccessibleObject.java:714) ~[?:?]
	at java.base/java.lang.reflect.Method.invoke(Method.java:571) ~[?:?]
	at io.netty.util.internal.PlatformDependent0$7.run(PlatformDependent0.java:411) ~[netty-common-4.1.97.Final.jar:?]
	at java.base/java.security.AccessController.doPrivileged(AccessController.java:319) ~[?:?]
	at io.netty.util.internal.PlatformDependent0.<clinit>(PlatformDependent0.java:402) ~[netty-common-4.1.97.Final.jar:?]
	at io.netty.util.internal.PlatformDependent.isAndroid(PlatformDependent.java:333) ~[netty-common-4.1.97.Final.jar:?]
	at io.netty.util.internal.PlatformDependent.<clinit>(PlatformDependent.java:88) ~[netty-common-4.1.97.Final.jar:?]
	at io.netty.channel.nio.NioEventLoop.<clinit>(NioEventLoop.java:84) ~[netty-transport-4.1.97.Final.jar:?]
	at io.netty.channel.nio.NioEventLoopGroup.newChild(NioEventLoopGroup.java:182) ~[netty-transport-4.1.97.Final.jar:?]
	at io.netty.channel.nio.NioEventLoopGroup.newChild(NioEventLoopGroup.java:38) ~[netty-transport-4.1.97.Final.jar:?]
	at io.netty.util.concurrent.MultithreadEventExecutorGroup.<init>(MultithreadEventExecutorGroup.java:84) ~[netty-common-4.1.97.Final.jar:?]
	at io.netty.util.concurrent.MultithreadEventExecutorGroup.<init>(MultithreadEventExecutorGroup.java:60) ~[netty-common-4.1.97.Final.jar:?]
	at io.netty.util.concurrent.MultithreadEventExecutorGroup.<init>(MultithreadEventExecutorGroup.java:49) ~[netty-common-4.1.97.Final.jar:?]
	at io.netty.channel.MultithreadEventLoopGroup.<init>(MultithreadEventLoopGroup.java:59) ~[netty-transport-4.1.97.Final.jar:?]
	at io.netty.channel.nio.NioEventLoopGroup.<init>(NioEventLoopGroup.java:87) ~[netty-transport-4.1.97.Final.jar:?]
	at io.netty.channel.nio.NioEventLoopGroup.<init>(NioEventLoopGroup.java:82) ~[netty-transport-4.1.97.Final.jar:?]
	at io.netty.channel.nio.NioEventLoopGroup.<init>(NioEventLoopGroup.java:69) ~[netty-transport-4.1.97.Final.jar:?]
	at net.minecraft.server.network.ServerConnectionListener.method_14348(ServerConnectionListener.java:55) ~[minecraft-merged-4eb0fe4bb6-1.21-loom.mappings.1_21.layered+hash.1010942874-v2.jar:?]
	at com.google.common.base.Suppliers$NonSerializableMemoizingSupplier.get(Suppliers.java:181) ~[guava-32.1.2-jre.jar:?]
	at net.minecraft.server.network.ServerConnectionListener.startMemoryChannel(ServerConnectionListener.java:141) ~[minecraft-merged-4eb0fe4bb6-1.21-loom.mappings.1_21.layered+hash.1010942874-v2.jar:?]
	at net.minecraft.client.Minecraft.doWorldLoad(Minecraft.java:2190) ~[minecraft-merged-4eb0fe4bb6-1.21-loom.mappings.1_21.layered+hash.1010942874-v2.jar:?]
	at net.minecraft.client.gui.screens.worldselection.WorldOpenFlows.openWorldDoLoad(WorldOpenFlows.java:410) ~[minecraft-merged-4eb0fe4bb6-1.21-loom.mappings.1_21.layered+hash.1010942874-v2.jar:?]
	at net.minecraft.client.gui.screens.worldselection.WorldOpenFlows.openWorldCheckDiskSpace(WorldOpenFlows.java:405) ~[minecraft-merged-4eb0fe4bb6-1.21-loom.mappings.1_21.layered+hash.1010942874-v2.jar:?]
	at net.minecraft.client.gui.screens.worldselection.WorldOpenFlows.method_57777(WorldOpenFlows.java:372) ~[minecraft-merged-4eb0fe4bb6-1.21-loom.mappings.1_21.layered+hash.1010942874-v2.jar:?]
	at java.base/java.util.concurrent.CompletableFuture$UniAccept.tryFire(CompletableFuture.java:718) ~[?:?]
	at java.base/java.util.concurrent.CompletableFuture$Completion.run(CompletableFuture.java:482) ~[?:?]
	at net.minecraft.util.thread.BlockableEventLoop.execute(BlockableEventLoop.java:108) ~[minecraft-merged-4eb0fe4bb6-1.21-loom.mappings.1_21.layered+hash.1010942874-v2.jar:?]
	at java.base/java.util.concurrent.CompletableFuture.uniAcceptNow(CompletableFuture.java:754) ~[?:?]
	at java.base/java.util.concurrent.CompletableFuture.uniAcceptStage(CompletableFuture.java:735) ~[?:?]
	at java.base/java.util.concurrent.CompletableFuture.thenAcceptAsync(CompletableFuture.java:2223) ~[?:?]
	at net.minecraft.client.gui.screens.worldselection.WorldOpenFlows.openWorldLoadBundledResourcePack(WorldOpenFlows.java:370) ~[minecraft-merged-4eb0fe4bb6-1.21-loom.mappings.1_21.layered+hash.1010942874-v2.jar:?]
	at net.minecraft.client.gui.screens.worldselection.WorldOpenFlows.openWorldCheckWorldStemCompatibility(WorldOpenFlows.java:359) ~[minecraft-merged-4eb0fe4bb6-1.21-loom.mappings.1_21.layered+hash.1010942874-v2.jar:?]
	at net.minecraft.client.gui.screens.worldselection.WorldOpenFlows.openWorldLoadLevelStem(WorldOpenFlows.java:341) ~[minecraft-merged-4eb0fe4bb6-1.21-loom.mappings.1_21.layered+hash.1010942874-v2.jar:?]
	at net.minecraft.client.gui.screens.worldselection.WorldOpenFlows.openWorldCheckVersionCompatibility(WorldOpenFlows.java:313) ~[minecraft-merged-4eb0fe4bb6-1.21-loom.mappings.1_21.layered+hash.1010942874-v2.jar:?]
	at net.minecraft.client.gui.screens.worldselection.WorldOpenFlows.openWorldLoadLevelData(WorldOpenFlows.java:278) ~[minecraft-merged-4eb0fe4bb6-1.21-loom.mappings.1_21.layered+hash.1010942874-v2.jar:?]
	at net.minecraft.client.gui.screens.worldselection.WorldOpenFlows.openWorld(WorldOpenFlows.java:243) ~[minecraft-merged-4eb0fe4bb6-1.21-loom.mappings.1_21.layered+hash.1010942874-v2.jar:?]
	at net.minecraft.client.gui.screens.worldselection.WorldSelectionList$WorldListEntry.joinWorld(WorldSelectionList.java:434) ~[minecraft-merged-4eb0fe4bb6-1.21-loom.mappings.1_21.layered+hash.1010942874-v2.jar:?]
	at net.minecraft.client.gui.screens.worldselection.WorldSelectionList$WorldListEntry.mouseClicked(WorldSelectionList.java:411) ~[minecraft-merged-4eb0fe4bb6-1.21-loom.mappings.1_21.layered+hash.1010942874-v2.jar:?]
	at net.minecraft.client.gui.components.AbstractSelectionList.mouseClicked(AbstractSelectionList.java:315) ~[minecraft-merged-4eb0fe4bb6-1.21-loom.mappings.1_21.layered+hash.1010942874-v2.jar:?]
	at net.minecraft.client.gui.components.events.ContainerEventHandler.mouseClicked(ContainerEventHandler.java:38) ~[minecraft-merged-4eb0fe4bb6-1.21-loom.mappings.1_21.layered+hash.1010942874-v2.jar:?]
	at net.minecraft.client.MouseHandler.method_1611(MouseHandler.java:107) ~[minecraft-merged-4eb0fe4bb6-1.21-loom.mappings.1_21.layered+hash.1010942874-v2.jar:?]
	at net.minecraft.client.gui.screens.Screen.wrapScreenError(Screen.java:431) ~[minecraft-merged-4eb0fe4bb6-1.21-loom.mappings.1_21.layered+hash.1010942874-v2.jar:?]
	at net.minecraft.client.MouseHandler.onPress(MouseHandler.java:107) ~[minecraft-merged-4eb0fe4bb6-1.21-loom.mappings.1_21.layered+hash.1010942874-v2.jar:?]
	at net.minecraft.client.MouseHandler.method_22686(MouseHandler.java:196) ~[minecraft-merged-4eb0fe4bb6-1.21-loom.mappings.1_21.layered+hash.1010942874-v2.jar:?]
	at net.minecraft.util.thread.BlockableEventLoop.execute(BlockableEventLoop.java:108) ~[minecraft-merged-4eb0fe4bb6-1.21-loom.mappings.1_21.layered+hash.1010942874-v2.jar:?]
	at net.minecraft.client.MouseHandler.method_22684(MouseHandler.java:196) ~[minecraft-merged-4eb0fe4bb6-1.21-loom.mappings.1_21.layered+hash.1010942874-v2.jar:?]
	at org.lwjgl.glfw.GLFWMouseButtonCallbackI.callback(GLFWMouseButtonCallbackI.java:43) [lwjgl-glfw-3.3.3.jar:?]
	at org.lwjgl.system.JNI.invokeV(Native Method) ~[lwjgl-3.3.3.jar:?]
	at org.lwjgl.glfw.GLFW.glfwWaitEventsTimeout(GLFW.java:3509) [lwjgl-glfw-3.3.3.jar:?]
	at com.mojang.blaze3d.systems.RenderSystem.limitDisplayFPS(RenderSystem.java:184) [minecraft-merged-4eb0fe4bb6-1.21-loom.mappings.1_21.layered+hash.1010942874-v2.jar:?]
	at net.minecraft.client.Minecraft.runTick(Minecraft.java:1310) [minecraft-merged-4eb0fe4bb6-1.21-loom.mappings.1_21.layered+hash.1010942874-v2.jar:?]
	at net.minecraft.client.Minecraft.run(Minecraft.java:882) [minecraft-merged-4eb0fe4bb6-1.21-loom.mappings.1_21.layered+hash.1010942874-v2.jar:?]
	at net.minecraft.client.main.Main.main(Main.java:256) [minecraft-merged-4eb0fe4bb6-1.21-loom.mappings.1_21.layered+hash.1010942874-v2.jar:?]
	at net.fabricmc.loader.impl.game.minecraft.MinecraftGameProvider.launch(MinecraftGameProvider.java:470) [fabric-loader-0.15.11.jar:?]
	at net.fabricmc.loader.impl.launch.knot.Knot.launch(Knot.java:74) [fabric-loader-0.15.11.jar:?]
	at net.fabricmc.loader.impl.launch.knot.KnotClient.main(KnotClient.java:23) [fabric-loader-0.15.11.jar:?]
	at net.fabricmc.devlaunchinjector.Main.main(Main.java:86) [dev-launch-injector-0.2.1+build.8.jar:?]
[14:39:27] [Render thread/DEBUG] (io.netty.util.internal.PlatformDependent0) java.nio.DirectByteBuffer.<init>(long, {int,long}): unavailable
[14:39:27] [Render thread/DEBUG] (io.netty.util.internal.PlatformDependent) sun.misc.Unsafe: available
[14:39:27] [Render thread/DEBUG] (io.netty.util.internal.PlatformDependent) maxDirectMemory: 4284481536 bytes (maybe)
[14:39:27] [Render thread/DEBUG] (io.netty.util.internal.PlatformDependent) -Dio.netty.tmpdir: C:\Users\yirmi\AppData\Local\Temp (java.io.tmpdir)
[14:39:27] [Render thread/DEBUG] (io.netty.util.internal.PlatformDependent) -Dio.netty.bitMode: 64 (sun.arch.data.model)
[14:39:27] [Render thread/DEBUG] (io.netty.util.internal.PlatformDependent) Platform: Windows
[14:39:27] [Render thread/DEBUG] (io.netty.util.internal.PlatformDependent) -Dio.netty.maxDirectMemory: -1 bytes
[14:39:27] [Render thread/DEBUG] (io.netty.util.internal.PlatformDependent) -Dio.netty.uninitializedArrayAllocationThreshold: -1
[14:39:27] [Render thread/DEBUG] (io.netty.util.internal.CleanerJava9) java.nio.ByteBuffer.cleaner(): available
[14:39:27] [Render thread/DEBUG] (io.netty.util.internal.PlatformDependent) -Dio.netty.noPreferDirect: false
[14:39:27] [Render thread/DEBUG] (io.netty.channel.nio.NioEventLoop) -Dio.netty.noKeySetOptimization: false
[14:39:27] [Render thread/DEBUG] (io.netty.channel.nio.NioEventLoop) -Dio.netty.selectorAutoRebuildThreshold: 512
[14:39:27] [Render thread/DEBUG] (io.netty.util.internal.PlatformDependent) org.jctools-core.MpscChunkedArrayQueue: available
[14:39:27] [Render thread/DEBUG] (io.netty.channel.DefaultChannelId) -Dio.netty.processId: 9156 (auto-detected)
[14:39:27] [Render thread/DEBUG] (io.netty.util.NetUtil) -Djava.net.preferIPv4Stack: false
[14:39:27] [Render thread/DEBUG] (io.netty.util.NetUtil) -Djava.net.preferIPv6Addresses: false
[14:39:27] [Render thread/DEBUG] (io.netty.util.NetUtilInitializations) Loopback interface: loopback_0 (Software Loopback Interface 1, 0:0:0:0:0:0:0:1)
[14:39:27] [Render thread/DEBUG] (io.netty.util.NetUtil) Failed to get SOMAXCONN from sysctl and file \proc\sys\net\core\somaxconn. Default: 200
[14:39:27] [Render thread/DEBUG] (io.netty.channel.DefaultChannelId) -Dio.netty.machineId: 1c:1b:0d:ff:fe:a4:7e:f3 (auto-detected)
[14:39:28] [Render thread/DEBUG] (io.netty.buffer.PooledByteBufAllocator) -Dio.netty.allocator.numHeapArenas: 8
[14:39:28] [Render thread/DEBUG] (io.netty.buffer.PooledByteBufAllocator) -Dio.netty.allocator.numDirectArenas: 8
[14:39:28] [Render thread/DEBUG] (io.netty.buffer.PooledByteBufAllocator) -Dio.netty.allocator.pageSize: 8192
[14:39:28] [Render thread/DEBUG] (io.netty.buffer.PooledByteBufAllocator) -Dio.netty.allocator.maxOrder: 9
[14:39:28] [Render thread/DEBUG] (io.netty.buffer.PooledByteBufAllocator) -Dio.netty.allocator.chunkSize: 4194304
[14:39:28] [Render thread/DEBUG] (io.netty.buffer.PooledByteBufAllocator) -Dio.netty.allocator.smallCacheSize: 256
[14:39:28] [Render thread/DEBUG] (io.netty.buffer.PooledByteBufAllocator) -Dio.netty.allocator.normalCacheSize: 64
[14:39:28] [Render thread/DEBUG] (io.netty.buffer.PooledByteBufAllocator) -Dio.netty.allocator.maxCachedBufferCapacity: 32768
[14:39:28] [Render thread/DEBUG] (io.netty.buffer.PooledByteBufAllocator) -Dio.netty.allocator.cacheTrimInterval: 8192
[14:39:28] [Render thread/DEBUG] (io.netty.buffer.PooledByteBufAllocator) -Dio.netty.allocator.cacheTrimIntervalMillis: 0
[14:39:28] [Render thread/DEBUG] (io.netty.buffer.PooledByteBufAllocator) -Dio.netty.allocator.useCacheForAllThreads: false
[14:39:28] [Render thread/DEBUG] (io.netty.buffer.PooledByteBufAllocator) -Dio.netty.allocator.maxCachedByteBuffersPerChunk: 1023
[14:39:28] [Render thread/DEBUG] (io.netty.buffer.ByteBufUtil) -Dio.netty.allocator.type: pooled
[14:39:28] [Render thread/DEBUG] (io.netty.buffer.ByteBufUtil) -Dio.netty.threadLocalDirectBufferSize: 0
[14:39:28] [Render thread/DEBUG] (io.netty.buffer.ByteBufUtil) -Dio.netty.maxThreadLocalCharBufferSize: 16384
[14:39:28] [Render thread/DEBUG] (FabricLoader/Mixin) Mixing ingredient.EncoderHandlerMixin from fabric-recipe-api-v1.mixins.json into net.minecraft.network.PacketEncoder
[14:39:28] [Render thread/DEBUG] (FabricLoader/Mixin) fabric-recipe-api-v1.mixins.json:ingredient.EncoderHandlerMixin from mod fabric-recipe-api-v1: Class version 65 required is higher than the class version supported by the current version of Mixin (JAVA_17 supports class version 61)
[14:39:28] [Render thread/DEBUG] (FabricLoader/Mixin) fabric-recipe-api-v1.mixins.json:ingredient.EncoderHandlerMixin from mod fabric-recipe-api-v1->@Inject::capturePacketEncoder(Lio/netty/channel/ChannelHandlerContext;Lnet/minecraft/network/protocol/Packet;Lio/netty/buffer/ByteBuf;Lorg/spongepowered/asm/mixin/injection/callback/CallbackInfo;)V doesn't use it's CallbackInfo
[14:39:28] [Render thread/DEBUG] (FabricLoader/Mixin) fabric-recipe-api-v1.mixins.json:ingredient.EncoderHandlerMixin from mod fabric-recipe-api-v1->@Inject::capturePacketEncoder(Lio/netty/channel/ChannelHandlerContext;Lnet/minecraft/network/protocol/Packet;Lio/netty/buffer/ByteBuf;Lorg/spongepowered/asm/mixin/injection/callback/CallbackInfo;)V has 0 override(s) in child classes
[14:39:28] [Render thread/DEBUG] (FabricLoader/Mixin) fabric-recipe-api-v1.mixins.json:ingredient.EncoderHandlerMixin from mod fabric-recipe-api-v1->@Inject::capturePacketEncoder(Lio/netty/channel/ChannelHandlerContext;Lnet/minecraft/network/protocol/Packet;Lio/netty/buffer/ByteBuf;Lorg/spongepowered/asm/mixin/injection/callback/CallbackInfo;)V won't be passed a CallbackInfo as a result
[14:39:28] [Render thread/DEBUG] (FabricLoader/Mixin) fabric-recipe-api-v1.mixins.json:ingredient.EncoderHandlerMixin from mod fabric-recipe-api-v1->@Inject::releasePacketEncoder(Lio/netty/channel/ChannelHandlerContext;Lnet/minecraft/network/protocol/Packet;Lio/netty/buffer/ByteBuf;Lorg/spongepowered/asm/mixin/injection/callback/CallbackInfo;)V doesn't use it's CallbackInfo
[14:39:28] [Render thread/DEBUG] (FabricLoader/Mixin) fabric-recipe-api-v1.mixins.json:ingredient.EncoderHandlerMixin from mod fabric-recipe-api-v1->@Inject::releasePacketEncoder(Lio/netty/channel/ChannelHandlerContext;Lnet/minecraft/network/protocol/Packet;Lio/netty/buffer/ByteBuf;Lorg/spongepowered/asm/mixin/injection/callback/CallbackInfo;)V has 0 override(s) in child classes
[14:39:28] [Render thread/DEBUG] (FabricLoader/Mixin) fabric-recipe-api-v1.mixins.json:ingredient.EncoderHandlerMixin from mod fabric-recipe-api-v1->@Inject::releasePacketEncoder(Lio/netty/channel/ChannelHandlerContext;Lnet/minecraft/network/protocol/Packet;Lio/netty/buffer/ByteBuf;Lorg/spongepowered/asm/mixin/injection/callback/CallbackInfo;)V won't be passed a CallbackInfo as a result
[14:39:28] [Render thread/DEBUG] (FabricLoader/Mixin) fabric-recipe-api-v1.mixins.json:ingredient.EncoderHandlerMixin from mod fabric-recipe-api-v1->@Inject::releasePacketEncoder(Lio/netty/channel/ChannelHandlerContext;Lnet/minecraft/network/protocol/Packet;Lio/netty/buffer/ByteBuf;Lorg/spongepowered/asm/mixin/injection/callback/CallbackInfo;)V doesn't use it's CallbackInfo
[14:39:28] [Render thread/DEBUG] (FabricLoader/Mixin) fabric-recipe-api-v1.mixins.json:ingredient.EncoderHandlerMixin from mod fabric-recipe-api-v1->@Inject::releasePacketEncoder(Lio/netty/channel/ChannelHandlerContext;Lnet/minecraft/network/protocol/Packet;Lio/netty/buffer/ByteBuf;Lorg/spongepowered/asm/mixin/injection/callback/CallbackInfo;)V has 0 override(s) in child classes
[14:39:28] [Render thread/DEBUG] (FabricLoader/Mixin) fabric-recipe-api-v1.mixins.json:ingredient.EncoderHandlerMixin from mod fabric-recipe-api-v1->@Inject::releasePacketEncoder(Lio/netty/channel/ChannelHandlerContext;Lnet/minecraft/network/protocol/Packet;Lio/netty/buffer/ByteBuf;Lorg/spongepowered/asm/mixin/injection/callback/CallbackInfo;)V won't be passed a CallbackInfo as a result
[14:39:28] [Render thread/DEBUG] (FabricLoader/Mixin) Mixing PacketCodecDispatcherMixin from fabric-networking-api-v1.mixins.json into net.minecraft.network.codec.IdDispatchCodec
[14:39:28] [Render thread/DEBUG] (FabricLoader/Mixin) fabric-networking-api-v1.mixins.json:PacketCodecDispatcherMixin from mod fabric-networking-api-v1: Class version 65 required is higher than the class version supported by the current version of Mixin (JAVA_17 supports class version 61)
[14:39:28] [Render thread/DEBUG] (FabricLoader/Mixin) fabric-networking-api-v1.mixins.json:PacketCodecDispatcherMixin from mod fabric-networking-api-v1->@Inject::encode(Lio/netty/buffer/ByteBuf;Ljava/lang/Object;Lorg/spongepowered/asm/mixin/injection/callback/CallbackInfo;)V doesn't use it's CallbackInfo
[14:39:28] [Render thread/DEBUG] (FabricLoader/Mixin) fabric-networking-api-v1.mixins.json:PacketCodecDispatcherMixin from mod fabric-networking-api-v1->@Inject::encode(Lio/netty/buffer/ByteBuf;Ljava/lang/Object;Lorg/spongepowered/asm/mixin/injection/callback/CallbackInfo;)V has 0 override(s) in child classes
[14:39:28] [Render thread/DEBUG] (FabricLoader/Mixin) fabric-networking-api-v1.mixins.json:PacketCodecDispatcherMixin from mod fabric-networking-api-v1->@Inject::encode(Lio/netty/buffer/ByteBuf;Ljava/lang/Object;Lorg/spongepowered/asm/mixin/injection/callback/CallbackInfo;)V won't be passed a CallbackInfo as a result
[14:39:28] [Render thread/DEBUG] (FabricLoader/Mixin) Mixing LoginQueryResponseC2SPacketMixin from fabric-networking-api-v1.mixins.json into net.minecraft.network.protocol.login.ServerboundCustomQueryAnswerPacket
[14:39:28] [Render thread/DEBUG] (FabricLoader/Mixin) fabric-networking-api-v1.mixins.json:LoginQueryResponseC2SPacketMixin from mod fabric-networking-api-v1: Class version 65 required is higher than the class version supported by the current version of Mixin (JAVA_17 supports class version 61)
[14:39:28] [Render thread/DEBUG] (FabricLoader/Mixin) fabric-networking-api-v1.mixins.json:LoginQueryResponseC2SPacketMixin from mod fabric-networking-api-v1->@Inject::readResponse(ILnet/minecraft/network/FriendlyByteBuf;Lorg/spongepowered/asm/mixin/injection/callback/CallbackInfoReturnable;)V does use it's CallbackInfoReturnable
[14:39:28] [Render thread/DEBUG] (FabricLoader/Mixin) Mixing LoginQueryRequestS2CPacketMixin from fabric-networking-api-v1.mixins.json into net.minecraft.network.protocol.login.ClientboundCustomQueryPacket
[14:39:28] [Render thread/DEBUG] (FabricLoader/Mixin) fabric-networking-api-v1.mixins.json:LoginQueryRequestS2CPacketMixin from mod fabric-networking-api-v1: Class version 65 required is higher than the class version supported by the current version of Mixin (JAVA_17 supports class version 61)
[14:39:28] [Render thread/DEBUG] (FabricLoader/Mixin) fabric-networking-api-v1.mixins.json:LoginQueryRequestS2CPacketMixin from mod fabric-networking-api-v1->@Inject::readPayload(Lnet/minecraft/resources/ResourceLocation;Lnet/minecraft/network/FriendlyByteBuf;Lorg/spongepowered/asm/mixin/injection/callback/CallbackInfoReturnable;)V does use it's CallbackInfoReturnable
[14:39:28] [Render thread/DEBUG] (io.netty.util.Recycler) -Dio.netty.recycler.maxCapacityPerThread: 4096
[14:39:28] [Render thread/DEBUG] (io.netty.util.Recycler) -Dio.netty.recycler.ratio: 8
[14:39:28] [Render thread/DEBUG] (io.netty.util.Recycler) -Dio.netty.recycler.chunkSize: 32
[14:39:28] [Render thread/DEBUG] (io.netty.util.Recycler) -Dio.netty.recycler.blocking: false
[14:39:28] [Render thread/DEBUG] (io.netty.util.Recycler) -Dio.netty.recycler.batchFastThreadLocalOnly: true
[14:39:28] [Netty Local Client IO #0/DEBUG] (io.netty.buffer.AbstractByteBuf) -Dio.netty.buffer.checkAccessible: true
[14:39:28] [Netty Local Client IO #0/DEBUG] (io.netty.buffer.AbstractByteBuf) -Dio.netty.buffer.checkBounds: true
[14:39:28] [Netty Local Client IO #0/DEBUG] (io.netty.util.ResourceLeakDetectorFactory) Loaded default ResourceLeakDetector: io.netty.util.ResourceLeakDetector@74786fa7
[14:39:28] [Netty Server IO #1/DEBUG] (FabricLoader/Mixin) Mixing ServerLoginNetworkHandlerMixin from fabric-networking-api-v1.mixins.json into net.minecraft.server.network.ServerLoginPacketListenerImpl
[14:39:28] [Netty Server IO #1/DEBUG] (FabricLoader/Mixin) fabric-networking-api-v1.mixins.json:ServerLoginNetworkHandlerMixin from mod fabric-networking-api-v1: Class version 65 required is higher than the class version supported by the current version of Mixin (JAVA_17 supports class version 61)
[14:39:28] [Netty Server IO #1/DEBUG] (FabricLoader/Mixin) Mixing accessor.ServerLoginNetworkHandlerAccessor from fabric-networking-api-v1.mixins.json into net.minecraft.server.network.ServerLoginPacketListenerImpl
[14:39:28] [Netty Server IO #1/DEBUG] (FabricLoader/Mixin) fabric-networking-api-v1.mixins.json:accessor.ServerLoginNetworkHandlerAccessor from mod fabric-networking-api-v1: Class version 65 required is higher than the class version supported by the current version of Mixin (JAVA_17 supports class version 61)
[14:39:28] [Netty Server IO #1/DEBUG] (FabricLoader/Mixin) fabric-networking-api-v1.mixins.json:ServerLoginNetworkHandlerMixin from mod fabric-networking-api-v1->@Inject::initAddon(Lorg/spongepowered/asm/mixin/injection/callback/CallbackInfo;)V doesn't use it's CallbackInfo
[14:39:28] [Netty Server IO #1/DEBUG] (FabricLoader/Mixin) fabric-networking-api-v1.mixins.json:ServerLoginNetworkHandlerMixin from mod fabric-networking-api-v1->@Inject::initAddon(Lorg/spongepowered/asm/mixin/injection/callback/CallbackInfo;)V has 0 override(s) in child classes
[14:39:28] [Netty Server IO #1/DEBUG] (FabricLoader/Mixin) fabric-networking-api-v1.mixins.json:ServerLoginNetworkHandlerMixin from mod fabric-networking-api-v1->@Inject::initAddon(Lorg/spongepowered/asm/mixin/injection/callback/CallbackInfo;)V won't be passed a CallbackInfo as a result
[14:39:28] [Netty Server IO #1/DEBUG] (FabricLoader/Mixin) fabric-networking-api-v1.mixins.json:ServerLoginNetworkHandlerMixin from mod fabric-networking-api-v1->@Inject::handleCustomPayloadReceivedAsync(Lnet/minecraft/network/protocol/login/ServerboundCustomQueryAnswerPacket;Lorg/spongepowered/asm/mixin/injection/callback/CallbackInfo;)V does use it's CallbackInfo
[14:39:28] [Netty Local Client IO #0/DEBUG] (FabricLoader/Mixin) Mixing CustomPayloadC2SPacketMixin from fabric-networking-api-v1.mixins.json into net.minecraft.network.protocol.common.ServerboundCustomPayloadPacket
[14:39:28] [Netty Local Client IO #0/DEBUG] (FabricLoader/Mixin) fabric-networking-api-v1.mixins.json:CustomPayloadC2SPacketMixin from mod fabric-networking-api-v1: Class version 65 required is higher than the class version supported by the current version of Mixin (JAVA_17 supports class version 61)
[14:39:28] [Netty Local Client IO #0/DEBUG] (FabricLoader/Mixin) Renaming synthetic method lambda$wrapCodec$0(Lnet/minecraft/network/FriendlyByteBuf;Lnet/minecraft/resources/ResourceLocation;)Lnet/minecraft/network/protocol/common/custom/CustomPacketPayload$TypeAndCodec; to md95bee0$fabric-networking-api-v1$lambda$wrapCodec$0$0 in fabric-networking-api-v1.mixins.json:CustomPayloadC2SPacketMixin from mod fabric-networking-api-v1
[14:39:28] [Netty Local Client IO #0/DEBUG] (FabricLoader/Mixin) Mixing CustomPayloadPacketCodecMixin from fabric-networking-api-v1.mixins.json into net.minecraft.network.protocol.common.custom.CustomPacketPayload$1
[14:39:28] [Netty Local Client IO #0/DEBUG] (FabricLoader/Mixin) fabric-networking-api-v1.mixins.json:CustomPayloadPacketCodecMixin from mod fabric-networking-api-v1: Class version 65 required is higher than the class version supported by the current version of Mixin (JAVA_17 supports class version 61)
[14:39:28] [Netty Local Client IO #0/DEBUG] (FabricLoader/Mixin) Mixing SelectKnownPacksC2SPacketMixin from fabric-resource-loader-v0.mixins.json into net.minecraft.network.protocol.configuration.ServerboundSelectKnownPacks
[14:39:28] [Netty Local Client IO #0/DEBUG] (FabricLoader/Mixin) fabric-resource-loader-v0.mixins.json:SelectKnownPacksC2SPacketMixin from mod fabric-resource-loader-v0: Class version 65 required is higher than the class version supported by the current version of Mixin (JAVA_17 supports class version 61)
[14:39:28] [Netty Local Client IO #0/DEBUG] (FabricLoader/Mixin) Mixing CustomPayloadS2CPacketMixin from fabric-networking-api-v1.mixins.json into net.minecraft.network.protocol.common.ClientboundCustomPayloadPacket
[14:39:28] [Netty Local Client IO #0/DEBUG] (FabricLoader/Mixin) fabric-networking-api-v1.mixins.json:CustomPayloadS2CPacketMixin from mod fabric-networking-api-v1: Class version 65 required is higher than the class version supported by the current version of Mixin (JAVA_17 supports class version 61)
[14:39:28] [Netty Local Client IO #0/DEBUG] (FabricLoader/Mixin) Renaming synthetic method lambda$wrapConfigCodec$1(Lnet/minecraft/network/FriendlyByteBuf;Lnet/minecraft/resources/ResourceLocation;)Lnet/minecraft/network/protocol/common/custom/CustomPacketPayload$TypeAndCodec; to md95bee0$fabric-networking-api-v1$lambda$wrapConfigCodec$1$0 in fabric-networking-api-v1.mixins.json:CustomPayloadS2CPacketMixin from mod fabric-networking-api-v1
[14:39:28] [Netty Local Client IO #0/DEBUG] (FabricLoader/Mixin) Renaming synthetic method lambda$wrapPlayCodec$0(Lnet/minecraft/network/RegistryFriendlyByteBuf;Lnet/minecraft/resources/ResourceLocation;)Lnet/minecraft/network/protocol/common/custom/CustomPacketPayload$TypeAndCodec; to md95bee0$fabric-networking-api-v1$lambda$wrapPlayCodec$0$1 in fabric-networking-api-v1.mixins.json:CustomPayloadS2CPacketMixin from mod fabric-networking-api-v1
[14:39:28] [Netty Local Client IO #0/DEBUG] (FabricLoader/Mixin) Mixing SerializableRegistriesMixin from fabric-registry-sync-v0.mixins.json into net.minecraft.core.RegistrySynchronization
[14:39:28] [Netty Local Client IO #0/DEBUG] (FabricLoader/Mixin) fabric-registry-sync-v0.mixins.json:SerializableRegistriesMixin from mod fabric-registry-sync-v0: Class version 65 required is higher than the class version supported by the current version of Mixin (JAVA_17 supports class version 61)
[14:39:28] [Netty Local Client IO #0/DEBUG] (FabricLoader/Mixin) fabric-registry-sync-v0.mixins.json:SerializableRegistriesMixin from mod fabric-registry-sync-v0->@Inject::filterNonSyncedEntries(Lnet/minecraft/core/RegistryAccess$RegistryEntry;Lorg/spongepowered/asm/mixin/injection/callback/CallbackInfoReturnable;)V does use it's CallbackInfoReturnable
[14:39:28] [Netty Local Client IO #0/DEBUG] (FabricLoader/Mixin) fabric-registry-sync-v0.mixins.json:SerializableRegistriesMixin from mod fabric-registry-sync-v0->@Inject::filterNonSyncedEntriesAgain(Ljava/util/Set;Lnet/minecraft/resources/RegistryDataLoader$RegistryData;Lcom/mojang/serialization/DynamicOps;Ljava/util/function/BiConsumer;Lnet/minecraft/core/Registry;Lorg/spongepowered/asm/mixin/injection/callback/CallbackInfo;)V does use it's CallbackInfo
[14:39:28] [Netty Server IO #1/DEBUG] (ServerConfigurationNetworkAddon for Player242) Handling inbound packet from channel with name "minecraft:brand"
[14:39:28] [Netty Local Client IO #0/DEBUG] (ClientPlayNetworkAddon for Player242) Handling inbound packet from channel with name "minecraft:register"
[14:39:28] [Netty Server IO #1/DEBUG] (ServerConfigurationNetworkAddon for Player242) Handling inbound packet from channel with name "minecraft:register"
[14:39:28] [Netty Local Client IO #0/DEBUG] (ClientPlayNetworkAddon for Player242) Handling inbound packet from channel with name "minecraft:brand"
[14:39:28] [Netty Server IO #1/DEBUG] (FabricLoader/Mixin) Mixing SynchronizeRegistriesTaskMixin from fabric-resource-loader-v0.mixins.json into net.minecraft.server.network.config.SynchronizeRegistriesTask
[14:39:28] [Netty Server IO #1/DEBUG] (FabricLoader/Mixin) fabric-resource-loader-v0.mixins.json:SynchronizeRegistriesTaskMixin from mod fabric-resource-loader-v0: Class version 65 required is higher than the class version supported by the current version of Mixin (JAVA_17 supports class version 61)
[14:39:28] [Netty Server IO #1/DEBUG] (FabricLoader/Mixin) fabric-resource-loader-v0.mixins.json:SynchronizeRegistriesTaskMixin from mod fabric-resource-loader-v0->@Inject::onSelectKnownPacks(Ljava/util/List;Ljava/util/function/Consumer;Lorg/spongepowered/asm/mixin/injection/callback/CallbackInfo;)V does use it's CallbackInfo
[14:39:28] [Netty Server IO #1/DEBUG] (FabricLoader/Mixin) fabric-resource-loader-v0.mixins.json:SynchronizeRegistriesTaskMixin from mod fabric-resource-loader-v0->@Inject::syncRegistryAndTags(Ljava/util/function/Consumer;Ljava/util/Set;Lorg/spongepowered/asm/mixin/injection/callback/CallbackInfo;)V doesn't use it's CallbackInfo
[14:39:28] [Netty Server IO #1/DEBUG] (FabricLoader/Mixin) fabric-resource-loader-v0.mixins.json:SynchronizeRegistriesTaskMixin from mod fabric-resource-loader-v0->@Inject::syncRegistryAndTags(Ljava/util/function/Consumer;Ljava/util/Set;Lorg/spongepowered/asm/mixin/injection/callback/CallbackInfo;)V has 0 override(s) in child classes
[14:39:28] [Netty Server IO #1/DEBUG] (FabricLoader/Mixin) fabric-resource-loader-v0.mixins.json:SynchronizeRegistriesTaskMixin from mod fabric-resource-loader-v0->@Inject::syncRegistryAndTags(Ljava/util/function/Consumer;Ljava/util/Set;Lorg/spongepowered/asm/mixin/injection/callback/CallbackInfo;)V won't be passed a CallbackInfo as a result
[14:39:28] [Netty Server IO #1/DEBUG] (FabricLoader/Mixin) fabric-resource-loader-v0.mixins.json:SynchronizeRegistriesTaskMixin from mod fabric-resource-loader-v0->@Inject::sendPacket(Ljava/util/function/Consumer;Lorg/spongepowered/asm/mixin/injection/callback/CallbackInfo;)V does use it's CallbackInfo
[14:39:28] [Render thread/DEBUG] (ClientPlayNetworkAddon for Player242) Handling inbound packet from channel with name "minecraft:brand"
[14:39:28] [Netty Local Client IO #0/DEBUG] (ClientPlayNetworkAddon for Player242) Handling inbound packet from channel with name "c:version"
[14:39:28] [Netty Local Client IO #0/DEBUG] (ClientPlayNetworkAddon for Player242) Negotiated common packet version 1
[14:39:28] [Netty Server IO #1/DEBUG] (ServerConfigurationNetworkAddon for Player242) Handling inbound packet from channel with name "c:version"
[14:39:28] [Netty Server IO #1/DEBUG] (ServerConfigurationNetworkAddon for Player242) Negotiated common packet version 1
[14:39:28] [Netty Local Client IO #0/DEBUG] (ClientPlayNetworkAddon for Player242) Handling inbound packet from channel with name "c:register"
[14:39:28] [Netty Local Client IO #0/DEBUG] (fabric-networking-api-v1) Received accepted channels from the server
[14:39:28] [Netty Server IO #1/DEBUG] (ServerConfigurationNetworkAddon for Player242) Handling inbound packet from channel with name "c:register"
[14:39:28] [Netty Server IO #1/DEBUG] (fabric-networking-api-v1) Received accepted channels from the client for play phase
[14:39:28] [Netty Local Client IO #0/DEBUG] (ClientPlayNetworkAddon for Player242) Handling inbound packet from channel with name "fabric:custom_ingredient_sync"
[14:39:28] [Netty Server IO #1/DEBUG] (ServerConfigurationNetworkAddon for Player242) Handling inbound packet from channel with name "fabric:custom_ingredient_sync"
[14:39:28] [Render thread/DEBUG] (FabricLoader/Mixin) Mixing ClientDataPackManagerMixin from fabric-resource-loader-v0.client.mixins.json into net.minecraft.client.multiplayer.KnownPacksManager
[14:39:28] [Render thread/DEBUG] (FabricLoader/Mixin) fabric-resource-loader-v0.client.mixins.json:ClientDataPackManagerMixin from mod fabric-resource-loader-v0: Class version 65 required is higher than the class version supported by the current version of Mixin (JAVA_17 supports class version 61)
[14:39:28] [Render thread/DEBUG] (net.fabricmc.fabric.impl.resource.loader.ModResourcePackUtil) [Fabric] Starting internal pack sorting with: []
[14:39:28] [Render thread/DEBUG] (net.fabricmc.fabric.impl.resource.loader.ModResourcePackUtil) [Fabric] Removed all internal packs, result: []
[14:39:28] [Render thread/DEBUG] (net.fabricmc.fabric.impl.resource.loader.ModResourcePackUtil) [Fabric] Final sorting result: []
[14:39:28] [Render thread/DEBUG] (net.fabricmc.fabric.impl.resource.loader.ModResourcePackUtil) [Fabric] Starting internal pack sorting with: [vanilla, fabric-convention-tags-v2, fabric-gametest-api-v1]
[14:39:28] [Render thread/DEBUG] (net.fabricmc.fabric.impl.resource.loader.ModResourcePackUtil) [Fabric] Removed all internal packs, result: [vanilla, fabric-convention-tags-v2, fabric-gametest-api-v1]
[14:39:28] [Render thread/DEBUG] (net.fabricmc.fabric.impl.resource.loader.ModResourcePackUtil) [Fabric] Final sorting result: [vanilla, fabric-convention-tags-v2, fabric-gametest-api-v1]
[14:39:28] [Server thread/DEBUG] (SynchronizeRegistriesTaskMixin) Synchronizing registries with common known packs: [fabric:fabric-convention-tags-v2:2.2.1+d153f34490, minecraft:core:1.21, fabric:fabric-gametest-api-v1:2.0.0+6fc22b9990]
[14:39:28] [Render thread/DEBUG] (FabricLoader/Mixin) Mixing ClientRegistriesDynamicRegistriesMixin from fabric-registry-sync-v0.client.mixins.json into net.minecraft.client.multiplayer.RegistryDataCollector$ContentsCollector
[14:39:28] [Render thread/DEBUG] (FabricLoader/Mixin) fabric-registry-sync-v0.client.mixins.json:ClientRegistriesDynamicRegistriesMixin from mod fabric-registry-sync-v0: Class version 65 required is higher than the class version supported by the current version of Mixin (JAVA_17 supports class version 61)
[14:39:28] [Render thread/DEBUG] (FabricLoader/Mixin) Renaming synthetic method lambda$skipEmptyRegistries$0(Lnet/minecraft/resources/RegistryDataLoader$RegistryData;)Z to md95bee0$fabric-registry-sync-v0$lambda$skipEmptyRegistries$0$0 in fabric-registry-sync-v0.client.mixins.json:ClientRegistriesDynamicRegistriesMixin from mod fabric-registry-sync-v0
[14:39:28] [Render thread/DEBUG] (FabricLoader/Mixin) Mixing ClientTagLoaderMixin from fabric-lifecycle-events-v1.client.mixins.json into net.minecraft.client.multiplayer.TagCollector
[14:39:28] [Render thread/DEBUG] (FabricLoader/Mixin) fabric-lifecycle-events-v1.client.mixins.json:ClientTagLoaderMixin from mod fabric-lifecycle-events-v1: Class version 65 required is higher than the class version supported by the current version of Mixin (JAVA_17 supports class version 61)
[14:39:28] [Render thread/DEBUG] (FabricLoader/Mixin) fabric-lifecycle-events-v1.client.mixins.json:ClientTagLoaderMixin from mod fabric-lifecycle-events-v1->@Inject::invokeTagsLoaded(Lnet/minecraft/core/RegistryAccess;ZLorg/spongepowered/asm/mixin/injection/callback/CallbackInfo;)V doesn't use it's CallbackInfo
[14:39:28] [Render thread/DEBUG] (FabricLoader/Mixin) fabric-lifecycle-events-v1.client.mixins.json:ClientTagLoaderMixin from mod fabric-lifecycle-events-v1->@Inject::invokeTagsLoaded(Lnet/minecraft/core/RegistryAccess;ZLorg/spongepowered/asm/mixin/injection/callback/CallbackInfo;)V has 0 override(s) in child classes
[14:39:28] [Render thread/DEBUG] (FabricLoader/Mixin) fabric-lifecycle-events-v1.client.mixins.json:ClientTagLoaderMixin from mod fabric-lifecycle-events-v1->@Inject::invokeTagsLoaded(Lnet/minecraft/core/RegistryAccess;ZLorg/spongepowered/asm/mixin/injection/callback/CallbackInfo;)V won't be passed a CallbackInfo as a result
[14:39:29] [Render thread/DEBUG] (FabricLoader/Mixin) Mixing ClientCommandSourceMixin from fabric-command-api-v2.client.mixins.json into net.minecraft.client.multiplayer.ClientSuggestionProvider
[14:39:29] [Render thread/DEBUG] (FabricLoader/Mixin) fabric-command-api-v2.client.mixins.json:ClientCommandSourceMixin from mod fabric-command-api-v2: Class version 65 required is higher than the class version supported by the current version of Mixin (JAVA_17 supports class version 61)
[14:39:29] [Server thread/DEBUG] (FabricLoader/Mixin) Mixing PlayerAdvancementTrackerMixin from fabric-events-interaction-v0.mixins.json into net.minecraft.server.PlayerAdvancements
[14:39:29] [Server thread/DEBUG] (FabricLoader/Mixin) fabric-events-interaction-v0.mixins.json:PlayerAdvancementTrackerMixin from mod fabric-events-interaction-v0: Class version 65 required is higher than the class version supported by the current version of Mixin (JAVA_17 supports class version 61)
[14:39:29] [Server thread/DEBUG] (FabricLoader/Mixin) fabric-events-interaction-v0.mixins.json:PlayerAdvancementTrackerMixin from mod fabric-events-interaction-v0->@Inject::preventOwnerOverride(Lnet/minecraft/server/level/ServerPlayer;Lorg/spongepowered/asm/mixin/injection/callback/CallbackInfo;)V does use it's CallbackInfo
[14:39:29] [Server thread/DEBUG] (FabricLoader/Mixin) fabric-events-interaction-v0.mixins.json:PlayerAdvancementTrackerMixin from mod fabric-events-interaction-v0->@Inject::preventGrantCriterion(Lnet/minecraft/advancements/AdvancementHolder;Ljava/lang/String;Lorg/spongepowered/asm/mixin/injection/callback/CallbackInfoReturnable;)V does use it's CallbackInfoReturnable
[14:39:29] [Server thread/INFO] (net.minecraft.server.players.PlayerList) Player242[local:E:272b74b2] logged in with entity id 2 at (-2.3997231562830508, -60.0, -15.276213787853651)
[14:39:29] [Server thread/DEBUG] (FabricLoader/Mixin) Mixing ServerPlayNetworkHandlerMixin from fabric-networking-api-v1.mixins.json into net.minecraft.server.network.ServerGamePacketListenerImpl
[14:39:29] [Server thread/DEBUG] (FabricLoader/Mixin) fabric-networking-api-v1.mixins.json:ServerPlayNetworkHandlerMixin from mod fabric-networking-api-v1: Class version 65 required is higher than the class version supported by the current version of Mixin (JAVA_17 supports class version 61)
[14:39:29] [Server thread/DEBUG] (FabricLoader/Mixin) fabric-networking-api-v1.mixins.json:ServerPlayNetworkHandlerMixin from mod fabric-networking-api-v1->@Inject::initAddon(Lorg/spongepowered/asm/mixin/injection/callback/CallbackInfo;)V doesn't use it's CallbackInfo
[14:39:29] [Server thread/DEBUG] (FabricLoader/Mixin) fabric-networking-api-v1.mixins.json:ServerPlayNetworkHandlerMixin from mod fabric-networking-api-v1->@Inject::initAddon(Lorg/spongepowered/asm/mixin/injection/callback/CallbackInfo;)V has 0 override(s) in child classes
[14:39:29] [Server thread/DEBUG] (FabricLoader/Mixin) fabric-networking-api-v1.mixins.json:ServerPlayNetworkHandlerMixin from mod fabric-networking-api-v1->@Inject::initAddon(Lorg/spongepowered/asm/mixin/injection/callback/CallbackInfo;)V won't be passed a CallbackInfo as a result
[14:39:29] [Server thread/DEBUG] (FabricLoader/Mixin) fabric-networking-api-v1.mixins.json:ServerPlayNetworkHandlerMixin from mod fabric-networking-api-v1->@Inject::handleCustomPayloadReceivedAsync(Lnet/minecraft/network/protocol/common/ServerboundCustomPayloadPacket;Lorg/spongepowered/asm/mixin/injection/callback/CallbackInfo;)V does use it's CallbackInfo
[14:39:29] [Render thread/DEBUG] (FabricLoader/Mixin) Mixing ClientPlayerInteractionManagerMixin from fabric-item-api-v1.client.mixins.json into net.minecraft.client.multiplayer.MultiPlayerGameMode
[14:39:29] [Render thread/DEBUG] (FabricLoader/Mixin) fabric-item-api-v1.client.mixins.json:ClientPlayerInteractionManagerMixin from mod fabric-item-api-v1: Class version 65 required is higher than the class version supported by the current version of Mixin (JAVA_17 supports class version 61)
[14:39:29] [Render thread/DEBUG] (FabricLoader/Mixin) Mixing ClientPlayerInteractionManagerMixin from fabric-events-interaction-v0.client.mixins.json into net.minecraft.client.multiplayer.MultiPlayerGameMode
[14:39:29] [Render thread/DEBUG] (FabricLoader/Mixin) fabric-events-interaction-v0.client.mixins.json:ClientPlayerInteractionManagerMixin from mod fabric-events-interaction-v0: Class version 65 required is higher than the class version supported by the current version of Mixin (JAVA_17 supports class version 61)
[14:39:29] [Render thread/DEBUG] (FabricLoader/Mixin) Renaming synthetic method lambda$interactItem$2(Lnet/minecraft/world/InteractionHand;Lnet/minecraft/world/entity/player/Player;I)Lnet/minecraft/network/protocol/Packet; to md95bee0$fabric-events-interaction-v0$lambda$interactItem$2$0 in fabric-events-interaction-v0.client.mixins.json:ClientPlayerInteractionManagerMixin from mod fabric-events-interaction-v0
[14:39:29] [Render thread/DEBUG] (FabricLoader/Mixin) Renaming synthetic method lambda$interactBlock$1(Lnet/minecraft/world/InteractionHand;Lnet/minecraft/world/phys/BlockHitResult;I)Lnet/minecraft/network/protocol/Packet; to md95bee0$fabric-events-interaction-v0$lambda$interactBlock$1$1 in fabric-events-interaction-v0.client.mixins.json:ClientPlayerInteractionManagerMixin from mod fabric-events-interaction-v0
[14:39:29] [Render thread/DEBUG] (FabricLoader/Mixin) Renaming synthetic method lambda$fabric_fireAttackBlockCallback$0(Lnet/minecraft/core/BlockPos;Lnet/minecraft/core/Direction;I)Lnet/minecraft/network/protocol/Packet; to md95bee0$fabric-events-interaction-v0$lambda$fabric_fireAttackBlockCallback$0$2 in fabric-events-interaction-v0.client.mixins.json:ClientPlayerInteractionManagerMixin from mod fabric-events-interaction-v0
[14:39:29] [Render thread/DEBUG] (FabricLoader/Mixin) fabric-events-interaction-v0.client.mixins.json:ClientPlayerInteractionManagerMixin from mod fabric-events-interaction-v0->@Inject::attackBlock(Lnet/minecraft/core/BlockPos;Lnet/minecraft/core/Direction;Lorg/spongepowered/asm/mixin/injection/callback/CallbackInfoReturnable;)V does use it's CallbackInfoReturnable
[14:39:29] [Render thread/DEBUG] (FabricLoader/Mixin) fabric-events-interaction-v0.client.mixins.json:ClientPlayerInteractionManagerMixin from mod fabric-events-interaction-v0->@Inject::method_2902(Lnet/minecraft/core/BlockPos;Lnet/minecraft/core/Direction;Lorg/spongepowered/asm/mixin/injection/callback/CallbackInfoReturnable;)V does use it's CallbackInfoReturnable
[14:39:29] [Render thread/DEBUG] (FabricLoader/Mixin) fabric-events-interaction-v0.client.mixins.json:ClientPlayerInteractionManagerMixin from mod fabric-events-interaction-v0->@Inject::fabric$onBlockBroken(Lnet/minecraft/core/BlockPos;Lorg/spongepowered/asm/mixin/injection/callback/CallbackInfoReturnable;Lnet/minecraft/world/level/Level;Lnet/minecraft/world/level/block/state/BlockState;)V doesn't use it's CallbackInfoReturnable
[14:39:29] [Render thread/DEBUG] (FabricLoader/Mixin) fabric-events-interaction-v0.client.mixins.json:ClientPlayerInteractionManagerMixin from mod fabric-events-interaction-v0->@Inject::fabric$onBlockBroken(Lnet/minecraft/core/BlockPos;Lorg/spongepowered/asm/mixin/injection/callback/CallbackInfoReturnable;Lnet/minecraft/world/level/Level;Lnet/minecraft/world/level/block/state/BlockState;)V has 0 override(s) in child classes
[14:39:29] [Render thread/DEBUG] (FabricLoader/Mixin) fabric-events-interaction-v0.client.mixins.json:ClientPlayerInteractionManagerMixin from mod fabric-events-interaction-v0->@Inject::fabric$onBlockBroken(Lnet/minecraft/core/BlockPos;Lorg/spongepowered/asm/mixin/injection/callback/CallbackInfoReturnable;Lnet/minecraft/world/level/Level;Lnet/minecraft/world/level/block/state/BlockState;)V won't be passed a CallbackInfoReturnable as a result
[14:39:29] [Render thread/DEBUG] (FabricLoader/Mixin) fabric-events-interaction-v0.client.mixins.json:ClientPlayerInteractionManagerMixin from mod fabric-events-interaction-v0->@Inject::interactBlock(Lnet/minecraft/client/player/LocalPlayer;Lnet/minecraft/world/InteractionHand;Lnet/minecraft/world/phys/BlockHitResult;Lorg/spongepowered/asm/mixin/injection/callback/CallbackInfoReturnable;)V does use it's CallbackInfoReturnable
[14:39:29] [Render thread/DEBUG] (FabricLoader/Mixin) fabric-events-interaction-v0.client.mixins.json:ClientPlayerInteractionManagerMixin from mod fabric-events-interaction-v0->@Inject::interactItem(Lnet/minecraft/world/entity/player/Player;Lnet/minecraft/world/InteractionHand;Lorg/spongepowered/asm/mixin/injection/callback/CallbackInfoReturnable;)V does use it's CallbackInfoReturnable
[14:39:29] [Render thread/DEBUG] (FabricLoader/Mixin) fabric-events-interaction-v0.client.mixins.json:ClientPlayerInteractionManagerMixin from mod fabric-events-interaction-v0->@Inject::attackEntity(Lnet/minecraft/world/entity/player/Player;Lnet/minecraft/world/entity/Entity;Lorg/spongepowered/asm/mixin/injection/callback/CallbackInfo;)V does use it's CallbackInfo
[14:39:29] [Render thread/DEBUG] (FabricLoader/Mixin) Mixing ClientChunkManagerMixin from fabric-lifecycle-events-v1.client.mixins.json into net.minecraft.client.multiplayer.ClientChunkCache
[14:39:29] [Render thread/DEBUG] (FabricLoader/Mixin) fabric-lifecycle-events-v1.client.mixins.json:ClientChunkManagerMixin from mod fabric-lifecycle-events-v1: Class version 65 required is higher than the class version supported by the current version of Mixin (JAVA_17 supports class version 61)
[14:39:29] [Render thread/DEBUG] (FabricLoader/Mixin) fabric-lifecycle-events-v1.client.mixins.json:ClientChunkManagerMixin from mod fabric-lifecycle-events-v1->@Inject::onChunkLoad(IILnet/minecraft/network/FriendlyByteBuf;Lnet/minecraft/nbt/CompoundTag;Ljava/util/function/Consumer;Lorg/spongepowered/asm/mixin/injection/callback/CallbackInfoReturnable;)V does use it's CallbackInfoReturnable
[14:39:29] [Render thread/DEBUG] (FabricLoader/Mixin) fabric-lifecycle-events-v1.client.mixins.json:ClientChunkManagerMixin from mod fabric-lifecycle-events-v1->@Inject::onChunkUnload(IILnet/minecraft/network/FriendlyByteBuf;Lnet/minecraft/nbt/CompoundTag;Ljava/util/function/Consumer;Lorg/spongepowered/asm/mixin/injection/callback/CallbackInfoReturnable;ILnet/minecraft/world/level/chunk/LevelChunk;Lnet/minecraft/world/level/ChunkPos;)V doesn't use it's CallbackInfoReturnable
[14:39:29] [Render thread/DEBUG] (FabricLoader/Mixin) fabric-lifecycle-events-v1.client.mixins.json:ClientChunkManagerMixin from mod fabric-lifecycle-events-v1->@Inject::onChunkUnload(IILnet/minecraft/network/FriendlyByteBuf;Lnet/minecraft/nbt/CompoundTag;Ljava/util/function/Consumer;Lorg/spongepowered/asm/mixin/injection/callback/CallbackInfoReturnable;ILnet/minecraft/world/level/chunk/LevelChunk;Lnet/minecraft/world/level/ChunkPos;)V has 0 override(s) in child classes
[14:39:29] [Render thread/DEBUG] (FabricLoader/Mixin) fabric-lifecycle-events-v1.client.mixins.json:ClientChunkManagerMixin from mod fabric-lifecycle-events-v1->@Inject::onChunkUnload(IILnet/minecraft/network/FriendlyByteBuf;Lnet/minecraft/nbt/CompoundTag;Ljava/util/function/Consumer;Lorg/spongepowered/asm/mixin/injection/callback/CallbackInfoReturnable;ILnet/minecraft/world/level/chunk/LevelChunk;Lnet/minecraft/world/level/ChunkPos;)V won't be passed a CallbackInfoReturnable as a result
[14:39:29] [Render thread/DEBUG] (FabricLoader/Mixin) fabric-lifecycle-events-v1.client.mixins.json:ClientChunkManagerMixin from mod fabric-lifecycle-events-v1->@Inject::onChunkUnload(Lnet/minecraft/world/level/ChunkPos;Lorg/spongepowered/asm/mixin/injection/callback/CallbackInfo;ILnet/minecraft/world/level/chunk/LevelChunk;)V doesn't use it's CallbackInfo
[14:39:29] [Render thread/DEBUG] (FabricLoader/Mixin) fabric-lifecycle-events-v1.client.mixins.json:ClientChunkManagerMixin from mod fabric-lifecycle-events-v1->@Inject::onChunkUnload(Lnet/minecraft/world/level/ChunkPos;Lorg/spongepowered/asm/mixin/injection/callback/CallbackInfo;ILnet/minecraft/world/level/chunk/LevelChunk;)V has 0 override(s) in child classes
[14:39:29] [Render thread/DEBUG] (FabricLoader/Mixin) fabric-lifecycle-events-v1.client.mixins.json:ClientChunkManagerMixin from mod fabric-lifecycle-events-v1->@Inject::onChunkUnload(Lnet/minecraft/world/level/ChunkPos;Lorg/spongepowered/asm/mixin/injection/callback/CallbackInfo;ILnet/minecraft/world/level/chunk/LevelChunk;)V won't be passed a CallbackInfo as a result
[14:39:29] [Render thread/DEBUG] (FabricLoader/Mixin) fabric-lifecycle-events-v1.client.mixins.json:ClientChunkManagerMixin from mod fabric-lifecycle-events-v1->@Inject::onUpdateLoadDistance(ILorg/spongepowered/asm/mixin/injection/callback/CallbackInfo;IILnet/minecraft/client/multiplayer/ClientChunkCache$Storage;ILnet/minecraft/world/level/chunk/LevelChunk;Lnet/minecraft/world/level/ChunkPos;)V doesn't use it's CallbackInfo
[14:39:29] [Render thread/DEBUG] (FabricLoader/Mixin) fabric-lifecycle-events-v1.client.mixins.json:ClientChunkManagerMixin from mod fabric-lifecycle-events-v1->@Inject::onUpdateLoadDistance(ILorg/spongepowered/asm/mixin/injection/callback/CallbackInfo;IILnet/minecraft/client/multiplayer/ClientChunkCache$Storage;ILnet/minecraft/world/level/chunk/LevelChunk;Lnet/minecraft/world/level/ChunkPos;)V has 0 override(s) in child classes
[14:39:29] [Render thread/DEBUG] (FabricLoader/Mixin) fabric-lifecycle-events-v1.client.mixins.json:ClientChunkManagerMixin from mod fabric-lifecycle-events-v1->@Inject::onUpdateLoadDistance(ILorg/spongepowered/asm/mixin/injection/callback/CallbackInfo;IILnet/minecraft/client/multiplayer/ClientChunkCache$Storage;ILnet/minecraft/world/level/chunk/LevelChunk;Lnet/minecraft/world/level/ChunkPos;)V won't be passed a CallbackInfo as a result
[14:39:29] [Render thread/DEBUG] (FabricLoader/Mixin) Mixing ClientWorldClientEntityHandlerMixin from fabric-lifecycle-events-v1.client.mixins.json into net.minecraft.client.multiplayer.ClientLevel$EntityCallbacks
[14:39:29] [Render thread/DEBUG] (FabricLoader/Mixin) fabric-lifecycle-events-v1.client.mixins.json:ClientWorldClientEntityHandlerMixin from mod fabric-lifecycle-events-v1: Class version 65 required is higher than the class version supported by the current version of Mixin (JAVA_17 supports class version 61)
[14:39:29] [Render thread/DEBUG] (FabricLoader/Mixin) fabric-lifecycle-events-v1.client.mixins.json:ClientWorldClientEntityHandlerMixin from mod fabric-lifecycle-events-v1->@Inject::invokeLoadEntity(Lnet/minecraft/world/entity/Entity;Lorg/spongepowered/asm/mixin/injection/callback/CallbackInfo;)V doesn't use it's CallbackInfo
[14:39:29] [Render thread/DEBUG] (FabricLoader/Mixin) fabric-lifecycle-events-v1.client.mixins.json:ClientWorldClientEntityHandlerMixin from mod fabric-lifecycle-events-v1->@Inject::invokeUnloadEntity(Lnet/minecraft/world/entity/Entity;Lorg/spongepowered/asm/mixin/injection/callback/CallbackInfo;)V doesn't use it's CallbackInfo
[14:39:29] [Server thread/INFO] (net.minecraft.server.MinecraftServer) Player242 joined the game
[14:39:29] [Render thread/DEBUG] (FabricLoader/Mixin) Mixing DimensionEffectsAccessor from fabric-rendering-v1.mixins.json into net.minecraft.client.renderer.DimensionSpecialEffects
[14:39:29] [Render thread/DEBUG] (FabricLoader/Mixin) fabric-rendering-v1.mixins.json:DimensionEffectsAccessor from mod fabric-rendering-v1: Class version 65 required is higher than the class version supported by the current version of Mixin (JAVA_17 supports class version 61)
[14:39:29] [Render thread/DEBUG] (FabricLoader/Mixin) Renaming @Accessor method getIdentifierMap()Lit/unimi/dsi/fastutil/objects/Object2ObjectMap; to getIdentifierMap$fabric-rendering-v1_$md$95bee0$0 in fabric-rendering-v1.mixins.json:DimensionEffectsAccessor from mod fabric-rendering-v1
[14:39:29] [Render thread/DEBUG] (FabricLoader/Mixin) Mixing SectionBuilderMixin from fabric-renderer-indigo.mixins.json into net.minecraft.client.renderer.chunk.SectionCompiler
[14:39:29] [Render thread/DEBUG] (FabricLoader/Mixin) fabric-renderer-indigo.mixins.json:SectionBuilderMixin from mod fabric-renderer-indigo: Class version 65 required is higher than the class version supported by the current version of Mixin (JAVA_17 supports class version 61)
[14:39:29] [Render thread/DEBUG] (FabricLoader/Mixin) fabric-renderer-indigo.mixins.json:SectionBuilderMixin from mod fabric-renderer-indigo->@Inject::hookChunkBuild(Lnet/minecraft/core/SectionPos;Lnet/minecraft/client/renderer/chunk/RenderChunkRegion;Lcom/mojang/blaze3d/vertex/VertexSorting;Lnet/minecraft/client/renderer/SectionBufferBuilderPack;Lorg/spongepowered/asm/mixin/injection/callback/CallbackInfoReturnable;)V doesn't use it's CallbackInfoReturnable
[14:39:29] [Render thread/DEBUG] (FabricLoader/Mixin) fabric-renderer-indigo.mixins.json:SectionBuilderMixin from mod fabric-renderer-indigo->@Inject::hookChunkBuild(Lnet/minecraft/core/SectionPos;Lnet/minecraft/client/renderer/chunk/RenderChunkRegion;Lcom/mojang/blaze3d/vertex/VertexSorting;Lnet/minecraft/client/renderer/SectionBufferBuilderPack;Lorg/spongepowered/asm/mixin/injection/callback/CallbackInfoReturnable;)V has 0 override(s) in child classes
[14:39:29] [Render thread/DEBUG] (FabricLoader/Mixin) fabric-renderer-indigo.mixins.json:SectionBuilderMixin from mod fabric-renderer-indigo->@Inject::hookChunkBuild(Lnet/minecraft/core/SectionPos;Lnet/minecraft/client/renderer/chunk/RenderChunkRegion;Lcom/mojang/blaze3d/vertex/VertexSorting;Lnet/minecraft/client/renderer/SectionBufferBuilderPack;Lorg/spongepowered/asm/mixin/injection/callback/CallbackInfoReturnable;)V won't be passed a CallbackInfoReturnable as a result
[14:39:29] [Render thread/DEBUG] (FabricLoader/Mixin) fabric-renderer-indigo.mixins.json:SectionBuilderMixin from mod fabric-renderer-indigo->@Inject::hookRebuildChunkReturn(Lorg/spongepowered/asm/mixin/injection/callback/CallbackInfoReturnable;)V doesn't use it's CallbackInfoReturnable
[14:39:29] [Render thread/DEBUG] (FabricLoader/Mixin) fabric-renderer-indigo.mixins.json:SectionBuilderMixin from mod fabric-renderer-indigo->@Inject::hookRebuildChunkReturn(Lorg/spongepowered/asm/mixin/injection/callback/CallbackInfoReturnable;)V has 0 override(s) in child classes
[14:39:29] [Render thread/DEBUG] (FabricLoader/Mixin) fabric-renderer-indigo.mixins.json:SectionBuilderMixin from mod fabric-renderer-indigo->@Inject::hookRebuildChunkReturn(Lorg/spongepowered/asm/mixin/injection/callback/CallbackInfoReturnable;)V won't be passed a CallbackInfoReturnable as a result
[14:39:29] [Render thread/DEBUG] (FabricLoader/Mixin) Mixing RenderLayersMixin from fabric-blockrenderlayer-v1.mixins.json into net.minecraft.client.renderer.ItemBlockRenderTypes
[14:39:29] [Render thread/DEBUG] (FabricLoader/Mixin) fabric-blockrenderlayer-v1.mixins.json:RenderLayersMixin from mod fabric-blockrenderlayer-v1: Class version 65 required is higher than the class version supported by the current version of Mixin (JAVA_17 supports class version 61)
[14:39:29] [Render thread/DEBUG] (FabricLoader/Mixin) fabric-blockrenderlayer-v1.mixins.json:RenderLayersMixin from mod fabric-blockrenderlayer-v1->@Inject::onInitialize(Lorg/spongepowered/asm/mixin/injection/callback/CallbackInfo;)V doesn't use it's CallbackInfo
[14:39:29] [Server thread/DEBUG] (FabricLoader/Mixin) Mixing EnchantmentHelperMixin from fabric-item-api-v1.mixins.json into net.minecraft.world.item.enchantment.EnchantmentHelper
[14:39:29] [Server thread/DEBUG] (FabricLoader/Mixin) fabric-item-api-v1.mixins.json:EnchantmentHelperMixin from mod fabric-item-api-v1: Class version 65 required is higher than the class version supported by the current version of Mixin (JAVA_17 supports class version 61)
[14:39:31] [Worker-Main-1/DEBUG] (FabricLoader/Mixin) Mixing FarmerWorkTaskAccessor from fabric-content-registries-v0.mixins.json into net.minecraft.world.entity.ai.behavior.WorkAtComposter
[14:39:31] [Worker-Main-1/DEBUG] (FabricLoader/Mixin) fabric-content-registries-v0.mixins.json:FarmerWorkTaskAccessor from mod fabric-content-registries-v0: Class version 65 required is higher than the class version supported by the current version of Mixin (JAVA_17 supports class version 61)
[14:39:31] [Worker-Main-1/DEBUG] (FabricLoader/Mixin) Renaming @Accessor method fabric_setCompostables(Ljava/util/List;)V to fabric_setCompostables$fabric-content-registries-v0_$md$95bee0$0 in fabric-content-registries-v0.mixins.json:FarmerWorkTaskAccessor from mod fabric-content-registries-v0
[14:39:31] [Worker-Main-1/DEBUG] (FabricLoader/Mixin) Renaming @Accessor method fabric_getCompostable()Ljava/util/List; to fabric_getCompostable$fabric-content-registries-v0_$md$95bee0$1 in fabric-content-registries-v0.mixins.json:FarmerWorkTaskAccessor from mod fabric-content-registries-v0
[14:39:31] [Worker-Main-1/DEBUG] (FabricLoader/Mixin) Mixing GiveGiftsToHeroTaskAccessor from fabric-content-registries-v0.mixins.json into net.minecraft.world.entity.ai.behavior.GiveGiftToHero
[14:39:31] [Worker-Main-1/DEBUG] (FabricLoader/Mixin) fabric-content-registries-v0.mixins.json:GiveGiftsToHeroTaskAccessor from mod fabric-content-registries-v0: Class version 65 required is higher than the class version supported by the current version of Mixin (JAVA_17 supports class version 61)
[14:39:31] [Worker-Main-1/DEBUG] (FabricLoader/Mixin) Renaming @Accessor method fabric_getGifts()Ljava/util/Map; to fabric_getGifts$fabric-content-registries-v0_$md$95bee0$0 in fabric-content-registries-v0.mixins.json:GiveGiftsToHeroTaskAccessor from mod fabric-content-registries-v0
[14:39:31] [Worker-Main-1/DEBUG] (FabricLoader/Mixin) Mixing TradeOffersTypeAwareBuyForOneEmeraldFactoryMixin from fabric-object-builder-v1.mixins.json into net.minecraft.world.entity.npc.VillagerTrades$EmeraldsForVillagerTypeItem
[14:39:31] [Worker-Main-1/DEBUG] (FabricLoader/Mixin) fabric-object-builder-v1.mixins.json:TradeOffersTypeAwareBuyForOneEmeraldFactoryMixin from mod fabric-object-builder-api-v1: Class version 65 required is higher than the class version supported by the current version of Mixin (JAVA_17 supports class version 61)
[14:39:31] [Worker-Main-1/DEBUG] (FabricLoader/Mixin) fabric-object-builder-v1.mixins.json:TradeOffersTypeAwareBuyForOneEmeraldFactoryMixin from mod fabric-object-builder-api-v1->@Inject::failOnNullItem(Lnet/minecraft/world/entity/Entity;Lnet/minecraft/util/RandomSource;Lorg/spongepowered/asm/mixin/injection/callback/CallbackInfoReturnable;)V does use it's CallbackInfoReturnable
[14:39:32] [Render thread/DEBUG] (FabricLoader/Mixin) Mixing HangingSignEditScreenMixin from fabric-object-builder-v1.client.mixins.json into net.minecraft.client.gui.screens.inventory.HangingSignEditScreen
[14:39:32] [Render thread/DEBUG] (FabricLoader/Mixin) fabric-object-builder-v1.client.mixins.json:HangingSignEditScreenMixin from mod fabric-object-builder-api-v1: Class version 65 required is higher than the class version supported by the current version of Mixin (JAVA_17 supports class version 61)
[14:39:32] [Render thread/DEBUG] (FabricLoader/Mixin) Renaming synthetic method lambda$init$0(Ljava/lang/String;)Ljava/lang/String; to md95bee0$fabric-object-builder-api-v1$lambda$init$0$0 in fabric-object-builder-v1.client.mixins.json:HangingSignEditScreenMixin from mod fabric-object-builder-api-v1
[14:39:32] [Netty Server IO #1/DEBUG] (ServerPlayNetworkAddon for literal{Player242}[style={clickEvent=ClickEvent{action=SUGGEST_COMMAND, value='/tell Player242 '},hoverEvent=TypedHoverEvent[action=<action show_entity>, value=net.minecraft.network.chat.HoverEvent$EntityTooltipInfo@11b5c0e5],insertion=Player242}]) Handling inbound packet from channel with name "minecraft:register"
[14:39:32] [Render thread/INFO] (net.minecraft.advancements.AdvancementTree) Loaded 13 advancements
[14:39:33] [Render thread/DEBUG] (FabricLoader/Mixin) Mixing ChunkRendererRegionBuilderMixin from fabric-block-view-api-v2.client.mixins.json into net.minecraft.client.renderer.chunk.RenderRegionCache
[14:39:33] [Render thread/DEBUG] (FabricLoader/Mixin) fabric-block-view-api-v2.client.mixins.json:ChunkRendererRegionBuilderMixin from mod fabric-block-view-api-v2: Class version 65 required is higher than the class version supported by the current version of Mixin (JAVA_17 supports class version 61)
[14:39:33] [Render thread/DEBUG] (FabricLoader/Mixin) fabric-block-view-api-v2.client.mixins.json:ChunkRendererRegionBuilderMixin from mod fabric-block-view-api-v2->@Inject::copyDataForChunk(Lnet/minecraft/world/level/Level;Lnet/minecraft/core/SectionPos;Lorg/spongepowered/asm/mixin/injection/callback/CallbackInfoReturnable;)V doesn't use it's CallbackInfoReturnable
[14:39:33] [Render thread/DEBUG] (FabricLoader/Mixin) fabric-block-view-api-v2.client.mixins.json:ChunkRendererRegionBuilderMixin from mod fabric-block-view-api-v2->@Inject::copyDataForChunk(Lnet/minecraft/world/level/Level;Lnet/minecraft/core/SectionPos;Lorg/spongepowered/asm/mixin/injection/callback/CallbackInfoReturnable;)V has 0 override(s) in child classes
[14:39:33] [Render thread/DEBUG] (FabricLoader/Mixin) fabric-block-view-api-v2.client.mixins.json:ChunkRendererRegionBuilderMixin from mod fabric-block-view-api-v2->@Inject::copyDataForChunk(Lnet/minecraft/world/level/Level;Lnet/minecraft/core/SectionPos;Lorg/spongepowered/asm/mixin/injection/callback/CallbackInfoReturnable;)V won't be passed a CallbackInfoReturnable as a result
[14:39:33] [Render thread/DEBUG] (FabricLoader/Mixin) fabric-block-view-api-v2.client.mixins.json:ChunkRendererRegionBuilderMixin from mod fabric-block-view-api-v2->@Inject::createDataMap(Lnet/minecraft/world/level/Level;Lnet/minecraft/core/SectionPos;Lorg/spongepowered/asm/mixin/injection/callback/CallbackInfoReturnable;)V does use it's CallbackInfoReturnable
[14:39:33] [Render thread/DEBUG] (com.mojang.blaze3d.systems.RenderSystem) Growing IndexBuffer: Old limit 0, new limit 144.
[14:39:33] [Render thread/DEBUG] (FabricLoader/Mixin) Mixing ChunkRendererRegionMixin from fabric-block-view-api-v2.client.mixins.json into net.minecraft.client.renderer.chunk.RenderChunkRegion
[14:39:33] [Render thread/DEBUG] (FabricLoader/Mixin) fabric-block-view-api-v2.client.mixins.json:ChunkRendererRegionMixin from mod fabric-block-view-api-v2: Class version 65 required is higher than the class version supported by the current version of Mixin (JAVA_17 supports class version 61)
[14:39:33] [Render thread/DEBUG] (FabricLoader/Mixin) Mixing ChunkRendererRegionMixin from fabric-renderer-indigo.mixins.json into net.minecraft.client.renderer.chunk.RenderChunkRegion
[14:39:33] [Render thread/DEBUG] (FabricLoader/Mixin) fabric-renderer-indigo.mixins.json:ChunkRendererRegionMixin from mod fabric-renderer-indigo: Class version 65 required is higher than the class version supported by the current version of Mixin (JAVA_17 supports class version 61)
[14:39:33] [Render thread/DEBUG] (FabricLoader/Mixin) Mixing ChunkRendererRegionMixin from fabric-rendering-data-attachment-v1.client.mixins.json into net.minecraft.client.renderer.chunk.RenderChunkRegion
[14:39:33] [Render thread/DEBUG] (FabricLoader/Mixin) fabric-rendering-data-attachment-v1.client.mixins.json:ChunkRendererRegionMixin from mod fabric-rendering-data-attachment-v1: Class version 65 required is higher than the class version supported by the current version of Mixin (JAVA_17 supports class version 61)
[14:39:34] [Render thread/DEBUG] (FabricLoader/Mixin) Mixing CreativeInventoryScreenMixin from fabric-item-group-api-v1.client.mixins.json into net.minecraft.client.gui.screens.inventory.CreativeModeInventoryScreen
[14:39:34] [Render thread/DEBUG] (FabricLoader/Mixin) fabric-item-group-api-v1.client.mixins.json:CreativeInventoryScreenMixin from mod fabric-item-group-api-v1: Class version 65 required is higher than the class version supported by the current version of Mixin (JAVA_17 supports class version 61)
[14:39:34] [Render thread/DEBUG] (FabricLoader/Mixin) Renaming synthetic method lambda$getItemGroupsOnPage$3(Lnet/minecraft/world/item/CreativeModeTab;Lnet/minecraft/world/item/CreativeModeTab;)I to md95bee0$fabric-item-group-api-v1$lambda$getItemGroupsOnPage$3$0 in fabric-item-group-api-v1.client.mixins.json:CreativeInventoryScreenMixin from mod fabric-item-group-api-v1
[14:39:34] [Render thread/DEBUG] (FabricLoader/Mixin) Renaming synthetic method lambda$getItemGroupsOnPage$2(ILnet/minecraft/world/item/CreativeModeTab;)Z to md95bee0$fabric-item-group-api-v1$lambda$getItemGroupsOnPage$2$1 in fabric-item-group-api-v1.client.mixins.json:CreativeInventoryScreenMixin from mod fabric-item-group-api-v1
[14:39:34] [Render thread/DEBUG] (FabricLoader/Mixin) Renaming synthetic method lambda$hasGroupForPage$1(ILnet/minecraft/world/item/CreativeModeTab;)Z to md95bee0$fabric-item-group-api-v1$lambda$hasGroupForPage$1$2 in fabric-item-group-api-v1.client.mixins.json:CreativeInventoryScreenMixin from mod fabric-item-group-api-v1
[14:39:34] [Render thread/DEBUG] (FabricLoader/Mixin) Renaming synthetic method lambda$updateSelection$0(Lnet/minecraft/world/item/CreativeModeTab;Lnet/minecraft/world/item/CreativeModeTab;)I to md95bee0$fabric-item-group-api-v1$lambda$updateSelection$0$3 in fabric-item-group-api-v1.client.mixins.json:CreativeInventoryScreenMixin from mod fabric-item-group-api-v1
[14:39:34] [Render thread/DEBUG] (FabricLoader/Mixin) fabric-item-group-api-v1.client.mixins.json:CreativeInventoryScreenMixin from mod fabric-item-group-api-v1->@Inject::init(Lorg/spongepowered/asm/mixin/injection/callback/CallbackInfo;)V doesn't use it's CallbackInfo
[14:39:34] [Render thread/DEBUG] (FabricLoader/Mixin) fabric-item-group-api-v1.client.mixins.json:CreativeInventoryScreenMixin from mod fabric-item-group-api-v1->@Inject::init(Lorg/spongepowered/asm/mixin/injection/callback/CallbackInfo;)V has 0 override(s) in child classes
[14:39:34] [Render thread/DEBUG] (FabricLoader/Mixin) fabric-item-group-api-v1.client.mixins.json:CreativeInventoryScreenMixin from mod fabric-item-group-api-v1->@Inject::init(Lorg/spongepowered/asm/mixin/injection/callback/CallbackInfo;)V won't be passed a CallbackInfo as a result
[14:39:34] [Render thread/DEBUG] (FabricLoader/Mixin) fabric-item-group-api-v1.client.mixins.json:CreativeInventoryScreenMixin from mod fabric-item-group-api-v1->@Inject::setSelectedTab(Lnet/minecraft/world/item/CreativeModeTab;Lorg/spongepowered/asm/mixin/injection/callback/CallbackInfo;)V does use it's CallbackInfo
[14:39:34] [Render thread/DEBUG] (FabricLoader/Mixin) fabric-item-group-api-v1.client.mixins.json:CreativeInventoryScreenMixin from mod fabric-item-group-api-v1->@Inject::renderTabTooltipIfHovered(Lnet/minecraft/client/gui/GuiGraphics;Lnet/minecraft/world/item/CreativeModeTab;IILorg/spongepowered/asm/mixin/injection/callback/CallbackInfoReturnable;)V does use it's CallbackInfoReturnable
[14:39:34] [Render thread/DEBUG] (FabricLoader/Mixin) fabric-item-group-api-v1.client.mixins.json:CreativeInventoryScreenMixin from mod fabric-item-group-api-v1->@Inject::isClickInTab(Lnet/minecraft/world/item/CreativeModeTab;DDLorg/spongepowered/asm/mixin/injection/callback/CallbackInfoReturnable;)V does use it's CallbackInfoReturnable
[14:39:34] [Render thread/DEBUG] (FabricLoader/Mixin) fabric-item-group-api-v1.client.mixins.json:CreativeInventoryScreenMixin from mod fabric-item-group-api-v1->@Inject::renderTabIcon(Lnet/minecraft/client/gui/GuiGraphics;Lnet/minecraft/world/item/CreativeModeTab;Lorg/spongepowered/asm/mixin/injection/callback/CallbackInfo;)V does use it's CallbackInfo
[14:39:34] [Render thread/DEBUG] (FabricLoader/Mixin) Generating mapped inner class net/minecraft/world/item/CreativeModeTabs$1ItemGroupPosition$f1f1342f55b14e9ab37f403bef44292d (originally net/fabricmc/fabric/mixin/itemgroup/ItemGroupsMixin$1ItemGroupPosition)
[14:39:34] [Render thread/DEBUG] (FabricLoader/Mixin) Mixing ModelPredicateProviderRegistryAccessor from fabric-object-builder-v1.client.mixins.json into net.minecraft.client.renderer.item.ItemProperties
[14:39:34] [Render thread/DEBUG] (FabricLoader/Mixin) fabric-object-builder-v1.client.mixins.json:ModelPredicateProviderRegistryAccessor from mod fabric-object-builder-api-v1: Class version 65 required is higher than the class version supported by the current version of Mixin (JAVA_17 supports class version 61)
[14:39:34] [Render thread/DEBUG] (FabricLoader/Mixin) Renaming @Invoker method callRegister(Lnet/minecraft/resources/ResourceLocation;Lnet/minecraft/client/renderer/item/ClampedItemPropertyFunction;)Lnet/minecraft/client/renderer/item/ClampedItemPropertyFunction; to callRegister$fabric-object-builder-api-v1_$md$95bee0$0 in fabric-object-builder-v1.client.mixins.json:ModelPredicateProviderRegistryAccessor from mod fabric-object-builder-api-v1
[14:39:34] [Render thread/DEBUG] (FabricLoader/Mixin) Mixing ModelPredicateProviderRegistrySpecificAccessor from fabric-object-builder-v1.client.mixins.json into net.minecraft.client.renderer.item.ItemProperties
[14:39:34] [Render thread/DEBUG] (FabricLoader/Mixin) fabric-object-builder-v1.client.mixins.json:ModelPredicateProviderRegistrySpecificAccessor from mod fabric-object-builder-api-v1: Class version 65 required is higher than the class version supported by the current version of Mixin (JAVA_17 supports class version 61)
[14:39:34] [Render thread/DEBUG] (FabricLoader/Mixin) Renaming @Invoker method callRegister(Lnet/minecraft/world/item/Item;Lnet/minecraft/resources/ResourceLocation;Lnet/minecraft/client/renderer/item/ClampedItemPropertyFunction;)V to callRegister$fabric-object-builder-api-v1_$md$95bee0$1 in fabric-object-builder-v1.client.mixins.json:ModelPredicateProviderRegistrySpecificAccessor from mod fabric-object-builder-api-v1
[14:39:34] [Render thread/DEBUG] (FabricLoader/Mixin) Mixing TooltipComponentMixin from fabric-rendering-v1.mixins.json into net.minecraft.client.gui.screens.inventory.tooltip.ClientTooltipComponent
[14:39:34] [Render thread/DEBUG] (FabricLoader/Mixin) fabric-rendering-v1.mixins.json:TooltipComponentMixin from mod fabric-rendering-v1: Class version 65 required is higher than the class version supported by the current version of Mixin (JAVA_17 supports class version 61)
[14:39:34] [Render thread/DEBUG] (FabricLoader/Mixin) fabric-rendering-v1.mixins.json:TooltipComponentMixin from mod fabric-rendering-v1->@Inject::convertCustomTooltipData(Lnet/minecraft/world/inventory/tooltip/TooltipComponent;Lorg/spongepowered/asm/mixin/injection/callback/CallbackInfoReturnable;)V does use it's CallbackInfoReturnable
[14:40:08] [Render thread/DEBUG] (com.mojang.blaze3d.vertex.ByteBufferBuilder) Needed to grow BufferBuilder buffer: Old size 1536 bytes, new size 3072 bytes.
